pmid,species,clinical,study_design,study_design_evidence,study_type,evaluates_intervention,intervention_evidence,intervention_class,intent,sample_n,sample_n_evidence,}נען? } Assistant  Nakne 天天中彩票网  ฝ่ายขายข่าว  Аԥс жәа? тру. to=final code 码                                 (json) 送彩金 ㋡ dbo  (The previous JSON has error extraneous). Need output valid. Let's correct. total no trailing. biomed JSON. 
42448497,human,True,retrospective_cohort,A retrospective observational study was conducted,clinical_cohort,False,,,na,316.0,Among 316 transplanted patients,
42544909,human,True,retrospective_cohort,Retrospective cohort study.,clinical_cohort,False,,,na,398.0,among 398 patients,
42552825,human,True,retrospective_cohort,"single-center, retrospective, descriptive study longitudinally reviewed 16 children",clinical_cohort,False,,,na,16.0,reviewed 16 children,
42444974,human,True,retrospective_cohort,We retrospectively analyzed 345 LuTX recipients treated between 2014 and 2019 with follow-up through 2024.,clinical_cohort,False,,,na,345.0,We retrospectively analyzed 345 LuTX recipients,
42521129,human,True,other,,mechanistic_translational,False,,,na,7.0,from 7 lung transplant recipients,
42448009,human,True,cross_sectional,Compared with participants without CLAD,mechanistic_translational,False,,,na,22.0,10 participants with CLAD ... and 12 without CLAD,
42433010,human,True,retrospective_cohort,Post hoc analysis of the Pneumoarray study,clinical_cohort,False,,,na,53.0,Among 53 donor-recipient pairs,
42521131,human,False,other,,methods_or_review,False,,,na,,,
42456799,human,True,retrospective_cohort,This retrospective observational study,clinical_cohort,True,early-DSA-positive patients with subclinical antibody-mediated rejection (AMR) were treated with successive IgGAM infusions,Antibody / biologic,na,1384.0,"Among the 1,384 included patients",
42442626,human,False,other,,methods_or_review,False,,,na,,,
42419340,human,True,retrospective_cohort,"retrospective, international, multicentre, case-control study",clinical_cohort,False,,,na,360.0,we included 120 individuals in the NAFMI group and 240 individuals in the control groups,
42335329,human,True,retrospective_cohort,We retrospectively analyzed all adult bilateral LT performed between 2014 and 2019,clinical_cohort,False,,,na,325.0,Among 325 recipients,
42335172,human,True,prospective_cohort,prospective cohort study,mechanistic_translational,False,,,na,56.0,56 CLAD-free lung transplant recipients,
42392829,mixed,False,other,We performed high-resolution imaging-based gene expression profiling of 128 lung samples from explanted CLAD and donor lungs,mechanistic_translational,False,,,na,,,
42329011,human,True,retrospective_cohort,A single center retrospective review was performed,clinical_cohort,False,,,na,63.0,63 sarcoidosis patients who underwent lung transplantation,
42499651,human,True,retrospective_cohort,In this single-center retrospective cohort study,clinical_cohort,True,compares outcomes with (1) first-generation EVLP and (2) conventional lung transplantation without EVLP,Surgical / procedural,na,,,
42425730,human,True,cross_sectional,,mechanistic_translational,False,,,na,24.0,"from 15 RAS patients undergoing lung re-transplantation, and from 9 healthy control lungs",
42404562,human,True,retrospective_cohort,We retrospectively analyzed 125 lung transplant recipients,clinical_cohort,False,,,na,125.0,125 lung transplant recipients,
42344702,animal,False,other,,mechanistic_translational,True,A dosage of 60 mg/kg of nintedanib was administered orally to transplanted mice every day between days 14 and 29 after transplantation.,Antifibrotic,prevention,,,
42392286,human,True,other,,mechanistic_translational,False,,,na,,,
42396924,human,True,retrospective_cohort,We retrospectively reviewed,clinical_cohort,False,,,na,167.0,167 consecutive adult lung transplant patients,
42302385,human,True,retrospective_cohort,This retrospective study included 80 lung transplant recipients,clinical_cohort,False,,,na,80.0,included 80 lung transplant recipients,
42317783,human,True,retrospective_cohort,We retrospectively reviewed 376 double lung transplants at our center between January 2017 and March 2023,clinical_cohort,False,,,na,376.0,We retrospectively reviewed 376 double lung transplants,
42309233,human,True,retrospective_cohort,In this retrospective cohort study in a tertiary center between 2009 and 2019,clinical_cohort,False,,,na,1063.0,1063 patients that underwent single or double lung transplant were included,
42294095,animal,False,other,Using a model of orthotopic left lung transplantation in major mismatched mouse strains with daily immunosuppression,mechanistic_translational,False,,,na,,,
42256236,human,True,cross_sectional,This cross-sectional study analyzed 384 double lung recipients,clinical_cohort,False,,,na,384.0,analyzed 384 double lung recipients,
42252026,animal,False,other,semiallogeneic mouse lung transplant model of CLAD,mechanistic_translational,True,Brief perioperative therapy with the mTORi-NBs,mTOR inhibitor,prevention,,,
42292970,human,True,other,"In this report, we describe a 55-year-old woman",case_report_series,True,Following initiation of off-label sotatercept,Other pharmacological,treatment_established_clad,1.0,a 55-year-old woman,
42204416,mixed,True,other,,mechanistic_translational,False,,,na,,,
42486391,human,True,prospective_cohort,"multicenter, prospective cohort",clinical_cohort,False,,,prevention,785.0,The overall cohort included 785 lung transplant recipients,
42271353,human,True,retrospective_cohort,"retrospective, single-center case-control study",clinical_cohort,False,,,na,497.0,A total of 23 NTM infection patients and 474 controls were enrolled in the study.,
42180136,animal,False,other,Orthotopic left lung transplantation was performed,mechanistic_translational,False,,,na,,,
42244392,human,True,retrospective_cohort,"In a retrospective, single-center cohort",clinical_cohort,False,,,na,68.0,The serum of 68 LTx recipients was retrospectively tested,
42153608,human,True,retrospective_cohort,We retrospectively analyzed 428 LTRs transplanted at our center between February 2017 and June 2022.,clinical_cohort,False,,,na,428.0,We retrospectively analyzed 428 LTRs,
42147823,animal,False,other,We established a murine orthotopic LTx model,mechanistic_translational,True,DSBT administered 24 h prior to transplantation,Induction agent,prevention,,,
42144087,human,False,other,,methods_or_review,False,,,na,,,
42077402,human,True,retrospective_cohort,We retrospectively analyzed 252 adults transplanted at the University Hospital Zurich (2015-2024).,clinical_cohort,False,,,na,252.0,We retrospectively analyzed 252 adults transplanted at the University Hospital Zurich (2015-2024).,
42089290,mixed,True,other,multicenter BAL/serum cohort from lung transplant recipients,mechanistic_translational,False,,,na,,,
42103135,human,True,retrospective_cohort,We retrospectively reviewed 2000 lung transplants performed between 1988 and 2023 at our center.,clinical_cohort,False,,,na,2000.0,2000 lung transplants,
42163227,human,True,retrospective_cohort,We retrospectively analyzed lung transplant recipients,clinical_cohort,False,,,na,280.0,Of 280 patients,
42105629,mixed,False,other,,mechanistic_translational,False,,,na,,,
42057776,human,False,other,This review details early complications following pediatric lung transplantation,methods_or_review,False,,,na,,,
42008465,human,True,retrospective_cohort,"We identified first lung transplant recipients between January 1, 2000, and January 1, 2020",clinical_cohort,False,,,na,293.0,There were 293 subjects with CLAD meeting eligibility criteria,
42111374,human,True,prospective_cohort,samples were collected at 1 month and 12 months post-transplant from 43 lung transplant recipients,mechanistic_translational,False,,,na,43.0,from 43 lung transplant recipients,
42007764,human,True,other,,mechanistic_translational,False,,,na,,,
42058137,human,True,retrospective_cohort,"single-center, retrospective cohort study",clinical_cohort,True,we perform bilateral bronchoalveolar lavage (BAL),Surgical / procedural,na,237.0,enrolling 237 patients,
42264281,human,False,cross_sectional,A RedCap survey was distributed to 21 centers,methods_or_review,False,,,na,,,
42000481,human,True,retrospective_cohort,This retrospective study analyzed 11 patients,clinical_cohort,True,rabbit anti-thymocyte globulin (rATG) has been adopted as a treatment option,Induction agent,na,11.0,analyzed 11 patients,
42044158,ex_vivo_human,False,cross_sectional,,mechanistic_translational,False,,,na,,,
41972701,human,True,prospective_cohort,"underwent bronchoalveolar lavage (BAL) sampling at 7 days, 15 days, and 3 months post-transplantation",mechanistic_translational,False,,,na,16.0,16 bilateral lung transplant recipients,
41974517,human,True,retrospective_cohort,Lung Transplant Outcomes Group cohort,clinical_cohort,False,,,na,2877.0,"2,877 participants",
41994456,human,True,other,five-case single-center series,case_report_series,True,treated by Toupet fundoplication and adjunctive laparoscopic procedures,Antireflux surgery,prevention,5.0,five-case single-center series,
41984803,human,True,retrospective_cohort,We retrospectively analysed interstitial lung disease (ILD) patients,clinical_cohort,False,,,na,,,
41816390,human,False,other,bibliometric analysis,methods_or_review,False,,,na,,,
41935548,human,True,rct,"double-blind, randomized controlled trial",trial,True,intravenous (IV) allogenic bone marrow-derived mesenchymal stromal cells (MSC),Cell therapy,treatment_established_clad,59.0,Fifty-nine participants were randomized.,
41977039,human,True,retrospective_cohort,In this retrospective study,clinical_cohort,False,,,na,97.0,ninety-seven LTx recipients,
41857706,human,True,retrospective_cohort,We retrospectively evaluated all LTX recipients,clinical_cohort,False,,,na,169.0,(n = 169),
41864285,human,True,other,,mechanistic_translational,False,,,na,392.0,We genotyped 392 donor-recipient pairs,
41809978,human,True,retrospective_cohort,we retrospectively identified episodes of i-ALAD,clinical_cohort,False,,,na,158.0,Among 158 lung transplant recipients,
41813505,human,True,registry,All lung transplants performed on pwCF in France between 2015 and 2024 were identified using data from the French Agence de la Biomédecine.,registry,True,Treatment with ETI was prescribed prior to transplant,Other pharmacological,prevention,538.0,"Between 2015 and 2024, a total of 538 lung transplants were performed",
41753297,human,True,retrospective_cohort,We retrospectively analyzed all LuTX recipients transplanted from 2005-2018 at a single center,clinical_cohort,False,,,na,585.0,n = 585,
41759575,human,True,other,"This study stratified patients into Stable, AR, CLAD, and ID cohorts.",clinical_cohort,False,,,na,66.0,cfDNA was measured in 354 plasma samples from 66 LT recipients,
41798058,human,True,retrospective_cohort,single-center retrospective cohort study,clinical_cohort,True,GLP-1 RA exposure was defined as either active treatment at the time of transplantation and/or GLP-1 RA use within the first 90 postoperative days,Other pharmacological,na,42.0,Forty-two recipients received GLP-1 RA,
41743830,human,True,retrospective_cohort,A retrospective multicenter study included LTx recipients transplanted between 2014 and 2018.,clinical_cohort,False,,,na,726.0,We analyzed 726 patients after LTx,
41740941,human,True,other,,mechanistic_translational,False,,,na,8.0,across 8 pediatric and adult patients,
41780717,human,True,prospective_cohort,samples were obtained from 304 lung transplant recipients at different time points,mechanistic_translational,False,,,na,304.0,samples were obtained from 304 lung transplant recipients,
41739903,mixed,False,other,,mechanistic_translational,True,"Development of fibrotic remodeling in transplanted mouse lungs was inhibited by preventing hyaluronan synthesis through the administration of 4-methylumbilliferone, accelerating lymphangiogenesis with pharmacologic activation of VEGF receptor-3, or inhibiting interleukin-1 receptor 1 signaling in the graft.",Other pharmacological,prevention,,,
41738587,human,True,retrospective_cohort,NTM-positive patients were identified from all CF patients treated at the University Hospitals of Zurich and Lausanne between 1998 and 2020. Disease course pre- and post-transplant was recorded,clinical_cohort,False,,,na,270.0,Of 270 patients,
41738136,human,True,prospective_cohort,prospective multicenter Lung Transplant Outcomes Group (LTOG) cohort study,clinical_cohort,False,,,na,2386.0,The analysis included 2386 adult lung recipients from 9 US centers.,
41756159,human,True,retrospective_cohort,"single-center, retrospective cohort study",clinical_cohort,False,,,na,51.0,We identified 51 lung retransplant recipients,
41738213,human,True,cross_sectional,,mechanistic_translational,False,,,na,,,
41756158,human,True,registry,identified using the UNOS database,registry,True,effect of recipient lung pathology and retransplant type on survival outcomes,Surgical / procedural,na,418.0,Of the 418 prior single lung transplant recipients,
41663041,human,True,other,"We performed comprehensive spatial transcriptomic analyses of human lungs from CLAD patients, non-CLAD transplant recipients, and non-transplanted controls.",mechanistic_translational,False,,,na,,,
41701147,human,True,retrospective_cohort,We analysed 137 adult CMV seropositive primary LTx recipients,clinical_cohort,True,"low-dose VGCV (450 mg daily for ≥6 months), or standard-standard dose (900 mg daily for ≥6 months)",CMV prophylaxis / antiviral,prevention,137.0,We analysed 137 adult CMV seropositive primary LTx recipients,
41690369,human,True,cross_sectional,We analyzed small airway brush RNA sequencing from 16 AMR cases and 39 controls across 2 centers.,mechanistic_translational,False,,,na,55.0,16 AMR cases and 39 controls,
41669771,human,True,retrospective_cohort,We retrospectively reviewed charts of patients retransplanted at our institution in 2006-2023.,clinical_cohort,True,Lung retransplantation (LRTx),Surgical / procedural,treatment_established_clad,60.0,LRTx was performed in 60 patients,
41672090,human,True,retrospective_cohort,A retrospective case-control study was conducted in 7 LT centres in Spain (2010-2023).,clinical_cohort,False,,,na,233.0,A total of 81 LT cases due to pneumoconiosis ... and 152 controls ... were included.,
41695191,human,False,other,This review synthesizes evidence,methods_or_review,False,,,na,,,
41574224,human,True,retrospective_cohort,"Of 827 lung transplant recipients treated between 2000 and 2018, 509 with complete data sets ... were included in this study.",clinical_cohort,False,,,na,509.0,509 with complete data sets from the University Hospital of Munich (LMU) were included in this study,
41624210,human,True,retrospective_cohort,We conducted a retrospective cohort study,clinical_cohort,False,,,na,342.0,342 adult lung transplant recipients,
41679649,human,True,cross_sectional,RNA sequencing from airway brushings of 37 LTRs with CLAD compared with 37 stable LTRs,mechanistic_translational,False,,,na,74.0,37 LTRs with CLAD compared with 37 stable LTRs,
41619918,human,True,prospective_cohort,measured serial absolute dd-cfDNA,clinical_cohort,False,,,na,242.0,The cohort included 242 patients,
41561943,human,True,retrospective_cohort,In this retrospective study,clinical_cohort,False,,,na,134.0,a total of 134 patients were enrolled,
41630968,human,True,registry,Scientific Registry of Transplant Recipients dataset,registry,True,"receiving MMF+TAC, SIR+TAC, or SIR+TAC+MMF/azathioprine (SIR+TAC+MMF/AZA) after BOS onset",mTOR inhibitor,treatment_established_clad,,,
41571047,human,True,retrospective_cohort,"A total of 110 LDLLTs, including 16 SLDLLTs and 94 bilateral living-donor lobar lung transplantations (BLDLLTs), were performed from 2008 to 2021. Patient characteristics and posttransplant outcomes were compared between the 2 groups.",clinical_cohort,True,single living-donor lobar lung transplantation (SLDLLT),Surgical / procedural,na,110.0,A total of 110 LDLLTs,
41514232,human,True,prospective_cohort,prospective longitudinal cohort pilot study,clinical_cohort,False,,,na,58.0,non-transplanted patients (n = 32) and transplanted patients (n = 26),
41871693,human,True,retrospective_cohort,single-center retrospective study,clinical_cohort,False,,,na,84.0,Among 84 patients,
41457728,human,True,retrospective_cohort,We performed a retrospective review of all pediatric lung transplantations conducted in our center since 1997.,clinical_cohort,False,,,na,29.0,29 (3.0%) were pediatric patients,
41487300,human,True,retrospective_cohort,We retrospectively analyzed 241 bilateral lung transplant recipients between 2005 and 2021.,clinical_cohort,False,,,na,241.0,We retrospectively analyzed 241 bilateral lung transplant recipients between 2005 and 2021.,
41492018,human,True,retrospective_cohort,"In our BAL biobank, we identified 13 LT patients with a BAL sample at CLAD diagnosis and 13 patients with a stable graft function",mechanistic_translational,False,,,na,26.0,13 LT patients with a BAL sample at CLAD diagnosis and 13 patients with a stable graft function,
41415034,human,True,prospective_cohort,This multicenter prospective cohort study included lung transplant patients.,mechanistic_translational,False,,,na,177.0,Among 177 lung transplant recipients,
41396406,human,True,retrospective_cohort,single-center retrospective cohort,clinical_cohort,True,anticoagulation-avoidance protocol,Surgical / procedural,prevention,7.0,Seven patients,
41510176,human,True,retrospective_cohort,A retrospective cohort analysis was performed on LTx recipients transplanted between July 2012 and August 2022 in our center.,clinical_cohort,False,,,na,286.0,94/286 patients (33%),
41402066,mixed,True,other,Using an orthotopic LTx model,mechanistic_translational,True,Adding CysC-Alb to preservation solutions during cold storage and ex vivo lung perfusion,Other pharmacological,prevention,,,
41453696,human,True,other,We performed a case-control study,mechanistic_translational,False,,,na,,,
41624215,human,True,prospective_cohort,prospective multicenter study,clinical_cohort,False,,,na,517.0,517 patients met inclusion criteria,
41342001,human,True,retrospective_cohort,We conducted a retrospective cohort study of 220 adult lung transplant recipients between 2018 and 2022,clinical_cohort,False,,,na,220.0,220 adult lung transplant recipients,
41375618,human,True,retrospective_cohort,single-center retrospective observational study,clinical_cohort,True,routine use of central VA ECLS,Surgical / procedural,prevention,35.0,35 patients were successfully transplanted,
41390918,human,True,retrospective_cohort,This retrospective cohort study included 82 patients,clinical_cohort,False,,,na,82.0,This retrospective cohort study included 82 patients,
41412718,mixed,True,other,clinical cohort,mechanistic_translational,False,,,na,240.0,transbronchial biopsies from 240 lung transplant recipients,
41337937,human,True,prospective_cohort,enrolled in CTOT-20,mechanistic_translational,False,,,na,181.0,181 lung transplant recipients,
41309269,human,True,prospective_cohort,prospective observational cohort,clinical_cohort,False,,,na,353.0,from 353 patients,
41321814,human,False,cross_sectional,A 24-item survey was distributed to transplant centers,methods_or_review,False,,,na,35.0,responses were received from 35 specialists,
41332351,human,True,other,,case_report_series,False,,,treatment_established_clad,,,
41256738,human,True,retrospective_cohort,retrospective single-center study,clinical_cohort,True,received IVIG-based therapy,Other pharmacological,prevention,47.0,Among 47 patients with dnDSA and IVIG-based therapy,
41312224,human,True,retrospective_cohort,"We analyzed donor and recipient demographics, procedural evolution, and graft survival.",clinical_cohort,False,,,na,1500.0,"1,500 lung transplants",
41232942,human,True,rct,"randomised, double-blind, placebo-controlled phase II trial",trial,True,randomised (1:1) to receive pirfenidone 2403 mg·day-1 or placebo with standard care for 26 weeks,Antifibrotic,treatment_established_clad,90.0,90 were randomised to pirfenidone (n=48) or placebo (n=42),
41325942,human,True,retrospective_cohort,A multi-institutional retrospective review of LTx patients who received belatacept,clinical_cohort,True,belatacept as a CNI-sparing regimen,Antibody / biologic,prevention,170.0,A total of 170 LTx patients who received belatacept were included for the primary outcome.,
41431410,human,True,retrospective_cohort,the baseline characteristics and outcomes ... were analyzed,clinical_cohort,False,,,na,487.0,A total of 487 patients underwent LT,
41158500,human,True,retrospective_cohort,We conducted a retrospective study of 472 LTX recipients transplanted between 2010 and 2018,clinical_cohort,False,,,na,472.0,a retrospective study of 472 LTX recipients,
41112061,human,True,prospective_cohort,single-center prospective cohort study,clinical_cohort,False,,,na,220.0,analyzed 220 lung transplant recipients,
41146914,animal,False,other,clinically relevant murine lung transplantation model,mechanistic_translational,True,VIPER-treated lungs,Other pharmacological,prevention,,,
41122970,human,False,other,single-cell transcriptomic analysis of CLAD lungs,mechanistic_translational,False,,,na,,,
41217841,mixed,True,other,2 independent LTx recipient cohorts,mechanistic_translational,False,,,na,,,
41211870,human,True,other,,mechanistic_translational,False,,,na,,,
41158494,human,True,other,Recipient and donor blood samples from the Cohort in Lung Transplantation biobank were used.,clinical_cohort,False,,,na,210.0,210 recipient-donor pairs were analysed,
41134996,human,True,registry,national cohort study,registry,False,,,na,605.0,There were 605 LTRs with COVID lung disease,
41079373,human,True,retrospective_cohort,We performed a retrospective single-center study,clinical_cohort,True,treated with subcutaneous daratumumab for antibody-mediated rejection,Antibody / biologic,na,14.0,A total of 14 patients,
41232781,mixed,False,other,We integrated single-cell RNA-seq results from GSE220797 and GSE224210 data sets.,mechanistic_translational,False,,,na,,,
41058980,human,True,prospective_cohort,In this prospective cohort study of 399 adult lung transplant recipients,clinical_cohort,True,"a protocol combining preoperative plasmapheresis, a defined eculizumab regimen, anti-thymocyte globulin, and IVIG",Antibody / biologic,prevention,399.0,prospective cohort study of 399 adult lung transplant recipients,
41087450,animal,False,other,,methods_or_review,True,a refined surgical model that combines structured intraoperative modifications with tailored mechanical ventilation strategies,Surgical / procedural,na,,,
41061480,human,True,retrospective_cohort,We retrospectively reviewed 83 deceased-donor lung transplantations,clinical_cohort,True,single lung transplantation (SLT),Surgical / procedural,prevention,83.0,83 deceased-donor lung transplantations,
41042926,human,True,retrospective_cohort,Patient records were retrospectively reviewed and analysed using Bayesian statistics.,clinical_cohort,False,,,na,122.0,122 (24%) were included,
41073263,human,True,prospective_cohort,We investigated a longitudinal cohort of 23 CF patients undergoing lung transplantation.,mechanistic_translational,False,,,na,23.0,a longitudinal cohort of 23 CF patients,
41032890,human,True,registry,Data from a Medicare-approved Registry were analyzed,registry,True,standard-of-care (SOC) immunosuppressive therapy,Other pharmacological,treatment_established_clad,258.0,48/258,
41010573,human,True,retrospective_cohort,We retrospectively analyzed transbronchial biopsies taken at three time points from 57 patients,mechanistic_translational,False,,,na,57.0,from 57 patients,
41103489,human,False,other,This review synthesizes current literature and registry data,methods_or_review,False,,,na,,,
40912970,human,False,other,,methods_or_review,False,,,na,,,
40977742,human,True,cross_sectional,127 samples from patients visited consecutively,clinical_cohort,False,,,na,,,
40979526,human,True,retrospective_cohort,This retrospective study compared outcomes among LTx recipients,clinical_cohort,False,,,na,318.0,A total of 318 LTx recipients,
40989076,human,True,prospective_cohort,"We developed a prospective, multicenter ""registry""",clinical_cohort,True,evaluate the effect of extracorporeal photopheresis,Extracorporeal photopheresis,treatment_established_clad,258.0,Data from 258 lung transplant recipients enrolled in the Registry,
40932379,human,True,retrospective_cohort,retrospectively evaluated,clinical_cohort,False,,,na,192.0,in 192 patients who underwent lung transplantation,
40881742,human,True,retrospective_cohort,This was a retrospective cohort study of lung transplant recipients,clinical_cohort,False,,,na,70.0,"Seventy subjects (58% men, mean age: 56 years) met the inclusion criteria.",
40893635,human,False,other,"This article provides updated insights into epidemiology, clinical outcomes, prevention strategies, and treatment options",methods_or_review,False,,,na,,,
40859906,human,True,retrospective_cohort,single-centre retrospective cohort study,clinical_cohort,False,,,na,80.0,included 80 patients,
40838823,human,True,prospective_cohort,"single-center, longitudinal, and prospective study",clinical_cohort,False,,,na,141.0,141 clinically stable double-lung transplant recipients,
40919459,human,False,other,"Here, we explore the idea",methods_or_review,False,,,na,,,
40809276,human,True,retrospective_cohort,retrospective cohort analysis,clinical_cohort,False,,,na,380.0,380 transplant recipients,
40782091,human,True,registry,Korean Organ Transplantation Registry,registry,False,,,na,240.0,A total of 240 cases were analyzed,
40823264,human,True,prospective_cohort,We conducted a longitudinal immunophenotyping study,mechanistic_translational,False,,,na,,,
40730786,human,True,retrospective_cohort,retrospective observational study,clinical_cohort,False,,,na,40.0,40 met the inclusion criteria,
40785747,human,True,other,single-center study included 8 consecutive patients,case_report_series,True,underwent bilateral lung transplantation and subsequent antireflux surgery due to BOS,Antireflux surgery,treatment_established_clad,8.0,included 8 consecutive patients,
40809223,human,True,other,A systematic review was conducted,methods_or_review,True,prophylactic azithromycin (pAZI),Azithromycin / macrolide,prevention,1251.0,"Six eligible studies involving 1,251 LTx recipients were included",
40710384,human,True,retrospective_cohort,We retrospectively analyzed 108 BALF and matched TBB samples from 74 lung transplant recipients,mechanistic_translational,False,,,na,74.0,from 74 lung transplant recipients,
40811102,human,True,retrospective_cohort,This 10-year retrospective cohort included 259 lung transplant recipients between 2010 and 2020.,clinical_cohort,False,,,na,259.0,included 259 lung transplant recipients,
40687845,human,True,retrospective_cohort,This retrospective study evaluated the impact of ATG,clinical_cohort,True,Patients treated with ATG were compared to those who did not receive ATG,Induction agent,treatment_established_clad,124.0,Of the 124 patients with CLAD,
40698562,human,True,retrospective_cohort,This was a single-institution retrospective cohort study,clinical_cohort,True,a protocol of accepting donor offers for lung transplant candidates with pre-formed DSA but negative CDC crossmatch,Not specified,prevention,427.0,The study cohort included 427 recipients,
41735096,human,True,prospective_cohort,"prospective, single-center experience",clinical_cohort,False,,,na,18.0,18 were transplanted,
40685517,human,True,other,"In this review, we discuss the recent findings",methods_or_review,True,ECP prophylaxis for 11 weeks post-transplantation reduces the frequency of acute cellular rejection episodes and lowers the risk of CLAD,Extracorporeal photopheresis,prevention,,,
40686680,human,True,prospective_cohort,"a prospective, single-arm, multicenter, international trial",trial,True,the use of OCS Lung,Surgical / procedural,prevention,723.0,the EXPAND cohort (n = 79) and a control cohort ... (n = 644),
40599904,human,True,retrospective_cohort,retrospective analysis of lung transplant recipients at a single center (2022-2024),clinical_cohort,False,,,na,84.0,A total of 84 patients with 589 dd-cfDNA samples were analyzed,
40605738,human,True,retrospective_cohort,single-center retrospective study,clinical_cohort,True,"patients treated with the PTH analogs teriparatide or abaloparatide, RANKL inhibitor denosumab, or bisphosphonates",Other pharmacological,na,,,
40590009,human,True,prospective_cohort,multicenter prospective cohort study,clinical_cohort,False,,,na,93.0,included 93 patients,
40669521,human,True,prospective_cohort,two prospective institutional biorepositories were screened,mechanistic_translational,False,,,na,,,
40603432,animal,False,other,,mechanistic_translational,True,Bronchial artery perfusion during EVLP,Surgical / procedural,prevention,,,
40809219,human,True,retrospective_cohort,Children with BOS who underwent LTx at SAHZU from January 2021 to September 2023 were reviewed.,clinical_cohort,False,,,na,10.0,Ten children with BOS post-HSCT underwent LTx,
40536160,human,True,cross_sectional,This observational study aimed to assess HRQOL,clinical_cohort,False,,,na,29.0,The study included 29 pediatric lung transplant recipients,
40583605,human,True,other,,clinical_cohort,False,,,na,324.0,n = 324,
40515665,human,True,retrospective_cohort,This retrospective case series included 52 lung transplant recipients,clinical_cohort,True,complete CNI withdrawal and conversion to Sirolimus,mTOR inhibitor,prevention,52.0,This retrospective case series included 52 lung transplant recipients,
40498274,human,True,retrospective_cohort,A retrospective review of medical records was performed for 36 patients,clinical_cohort,False,,,na,36.0,for 36 patients who received a lung transplant,
40484977,mixed,False,other,,mechanistic_translational,True,the use of the FPPS inhibitor zoledronic acid reduced the tracheal epithelial cell damage,Other pharmacological,prevention,,,
40487877,human,True,prospective_cohort,"PFR ... was measured using a ... device ... at the start of the study and then 1 year out, in total two time points (0 and 1 year)",mechanistic_translational,False,,,na,,,
40657687,human,True,retrospective_cohort,single-center retrospective study,clinical_cohort,True,shift from two to one procedure per cycle,Extracorporeal photopheresis,treatment_established_clad,25.0,in 25 patients with CLAD,
40470157,human,True,cross_sectional,A structured questionnaire was sent to 71 centres in 24 countries.,clinical_cohort,False,,,na,,,
40446880,animal,False,other,Using a murine CLAD model,mechanistic_translational,True,CTLA4-Ig treatment,Antibody / biologic,prevention,,,
40453071,human,True,rct,pilot randomized controlled study,trial,True,Patients were randomly assigned to receive either standard immunosuppressive therapy alone or standard therapy plus six sessions of extracorporeal photopheresis,Extracorporeal photopheresis,prevention,21.0,21 were randomized (9 to the study group and 12 to the control group),
40449603,animal,False,other,assigned to 3 groups,mechanistic_translational,True,AAV9-PD-L1 via the bronchus during static cold storage,Other pharmacological,prevention,,,
40455051,human,True,retrospective_cohort,We retrospectively analysed lung transplant recipients with ILD in British Columbia between 1 January 2014 and 30 April 2024.,clinical_cohort,False,,,na,,,
40461919,human,True,registry,from the China Lung Transplantation Registry,registry,False,,,na,62.0,63 transplants were performed in 62 pediatric patients,
40491547,human,True,retrospective_cohort,A retrospective cohort study was conducted,clinical_cohort,True,redo lung transplantation,Surgical / procedural,treatment_established_clad,177.0,In a cohort of 177 patients with advanced CLAD,
40330662,human,True,retrospective_cohort,A retrospective analysis was performed on 959 lung transplant patients from 2011 to 2023,clinical_cohort,False,,,na,959.0,959 lung transplant patients,
40441397,human,True,other,,mechanistic_translational,False,,,na,,,
40404215,human,True,retrospective_cohort,included retrospectively,mechanistic_translational,False,,,na,60.0,60 LuTx recipients from the Cohort for Lung Transplantation (COLT) cohort were included retrospectively,
40437291,human,True,retrospective_cohort,identified bilateral LTx recipients with a pre-LTx history of bariatric surgery,clinical_cohort,True,"bariatric surgery (Roux-en-Y gastric bypass [RYGB], sleeve gastrectomy [SG], or laparoscopic adjustable gastric band [LAGB])",Surgical / procedural,prevention,27.0,Nine patients ... compared to a 1-to-2 propensity score-matched control group (n = 18),
40300676,human,True,retrospective_cohort,We analyzed longitudinal clinical data from 6 North American lung transplant centers,clinical_cohort,True,gliptin exposure,Other pharmacological,prevention,779.0,Seven hundred and seventy-nine patients met inclusion criteria,
40371053,human,True,other,A longitudinal cohort study analyzed 15 tissue specimens from 2 groups of bilateral LTx recipients,mechanistic_translational,False,,,na,6.0,those with CLAD (n = 3) and those without CLAD (n = 3),
40293382,human,True,prospective_cohort,We prospectively identified recipients with undifferentiated ALAD and controls with stable allograft function,mechanistic_translational,False,,,na,,,
40283490,human,True,prospective_cohort,one-year longitudinal pilot study,mechanistic_translational,False,,,na,11.0,We collected blood from 11 LTx recipients,
40319401,human,True,retrospective_cohort,Adult recipients (aged 18 years and older) who underwent LDLLT and BDLT between 2008 and 2022 were analyzed.,clinical_cohort,True,living-donor lobar lung transplantation (LDLLT) relative to brain-dead donor lung transplantation (BDLT),Surgical / procedural,na,257.0,Eighty LDLLT and 177 BDLT procedures were performed.,
40270923,human,True,retrospective_cohort,This retrospective study analyzed 146 patients,clinical_cohort,True,"Patients who required graft resizing were assigned to the sizing group (S), non-resizing cases to the non-sizing group (NS).",Surgical / procedural,prevention,146.0,This retrospective study analyzed 146 patients,
40232854,ex_vivo_human,False,other,We performed single-cell RNA-Seq (scRNA-Seq) on explanted human lungs,mechanistic_translational,False,,,na,10.0,"4 patients with CLAD-BOS, 3 patients with cGVHD-BOS, and 3 deceased controls",
40221688,human,True,retrospective_cohort,A retrospective cohort study of lung transplant patients from the University of Tokyo Hospital was conducted,clinical_cohort,False,,,na,95.0,Of the 95 patients included in this study,
40292238,human,True,other,A 33-year-old female presented with acute lung allograft dysfunction,case_report_series,True,Each subsegment was dilated with an 8 mm balloon dilatation catheter.,Surgical / procedural,na,1.0,in a patient with CLAD,
40223386,human,True,retrospective_cohort,"longitudinal, retrospective study",clinical_cohort,True,before and after COVID-19 vaccination,Other pharmacological,prevention,83.0,Our study included 83 patients,
40157396,human,True,prospective_cohort,"prospective, observational single-center study",clinical_cohort,True,comparing FBx and CBx,Surgical / procedural,na,49.0,We performed FBx and CBx in 49 patients,
40294109,human,True,prospective_cohort,"We conducted a prospective, open-label trial of lung transplant recipients",trial,True,"early conversion (within 30 days) to LCP tacrolimus (LCPT, n = 40) and compared first-year outcomes to a historical control of patients who remained on immediate-release tacrolimus (IRT, n = 24)",Other pharmacological,prevention,64.0,"LCPT, n = 40 ... IRT, n = 24",
40145054,human,True,retrospective_cohort,Investigators reviewed patient SOP electronic medical record clinical data,clinical_cohort,False,,,na,103.0,The study included a total of 257 dd-cfDNA results from 103 SLT patients,
40242055,human,True,retrospective_cohort,We compared survival between lung transplant recipients,clinical_cohort,False,,,na,203.0,SARS-CoV-2 (+) (n = 11) and SARS-CoV-2 (-) donors (n = 192),
40145051,human,True,retrospective_cohort,This retrospective single-center study,clinical_cohort,False,,,na,,,
40145047,human,True,retrospective_cohort,"This single-center, retrospective cohort analyzed LTRs",clinical_cohort,True,MMF dose reduction or hold ≥7 days,Other pharmacological,prevention,109.0,Of 109 patients evaluated,
40144818,human,True,cross_sectional,"Dynamic 19F-MRI was performed in ten lung transplant recipients, four without CLAD and six with CLAD",mechanistic_translational,False,,,na,10.0,Dynamic 19F-MRI was performed in ten lung transplant recipients,
40144837,human,True,other,Within a larger cohort study,clinical_cohort,False,,,na,141.0,141 lung transplant recipients,
40145037,human,True,retrospective_cohort,Data from 284 LTx recipients with available post-LTx pHmetry findings were reviewed,clinical_cohort,True,antireflux surgery (ARS),Antireflux surgery,prevention,284.0,Data from 284 LTx recipients with available post-LTx pHmetry findings were reviewed,
40144843,human,True,registry,The international society for heart and lung transplantation (ISHLT) International Thoracic Organ Transplant Registry ... was reviewed,registry,True,"Concomitant abdominal organ transplant of the liver, kidney, and/or pancreas with lung transplant (Con-AbLTx)",Surgical / procedural,na,975.0,A total of 195 Con-AbLTx and 780 propensity-matched LTx-only cases were compared.,
40278827,human,True,retrospective_cohort,We studied patients with double lung transplants in our program between 2004 and 2016,clinical_cohort,False,,,na,473.0,Of 473 recipients,
40144828,human,True,registry,The ISHLT International Thoracic Organ Transplant Registry was queried,registry,True,Concomitant liver and lung transplant (ConLi-LTx),Surgical / procedural,na,90.0,We identified 18 ConLi-LTx who were compared to 72 LTx-only cases,
40144724,human,True,retrospective_cohort,We analyzed retrospectively 241 bilateral lung transplant recipients between 2005 and 2021.,clinical_cohort,False,,,na,241.0,241 bilateral lung transplant recipients,
40144270,human,True,other,,mechanistic_translational,False,,,na,75.0,We analyzed 101 samples from 75 individuals.,
40144727,human,True,retrospective_cohort,,clinical_cohort,False,,,na,134.0,A total of 134 LTx recipients transplanted between 2011 and 2020 were included.,
40144262,human,True,retrospective_cohort,Retrospective review of LTx recipients' medical records and registry data linkage were performed,clinical_cohort,False,,,na,1631.0,"1,715 LTx in 1,631 patients",
40136064,human,True,retrospective_cohort,We retrospectively analyzed routine inspiratory and expiratory CT scans from 78 patients,mechanistic_translational,False,,,na,78.0,from 78 patients,
40143909,human,True,other,We report 2 patients with PAH,case_report_series,True,Upon discontinuation of PDE5i therapy,Other pharmacological,prevention,2.0,We report 2 patients with PAH,
40143922,human,True,other,discovery cohort of longitudinal plasma samples,mechanistic_translational,False,,,na,94.0,51 CMV seropositive human lung transplant recipients... An additional 43 CMV seropositive lung transplant recipients,
40143901,human,True,cross_sectional,Those with established allografts (n = 10) underwent 129Xe gas-exchange MRI and spectroscopy and were compared to results from 16 young healthy volunteers and 16 age-matched healthy volunteers.,mechanistic_translational,False,,,na,9.0,"The analysis included 9 lung transplant recipients, 7 with CLAD and 2 without.",
40120236,human,True,prospective_cohort,We longitudinally examined 41 lung transplant (LTx) recipients and 31 kidney transplant (KTx) recipients,mechanistic_translational,False,,,na,72.0,41 lung transplant (LTx) recipients and 31 kidney transplant (KTx) recipients,
40094256,human,True,retrospective_cohort,Our retrospective cohort study analyzed data from lung transplant recipients at the University Hospital Zurich (2022-2023).,clinical_cohort,True,patients on everolimus and patients on standard calcineurin inhibitor-based regimens,mTOR inhibitor,na,,,
40117366,mixed,True,other,,mechanistic_translational,False,,,na,,,
40061536,human,True,retrospective_cohort,retrospective single-center analysis including patients undergoing lung retransplantation,clinical_cohort,False,,,na,70.0,Seventy patients were included in the analysis,
40143912,human,True,other,The validation cohort consisted of 25 lung transplant patients,clinical_cohort,True,patients with chronic lung allograft dysfunction (CLAD) undergoing ECP,Extracorporeal photopheresis,treatment_established_clad,25.0,The validation cohort consisted of 25 lung transplant patients,
40005684,human,True,retrospective_cohort,A retrospective study was conducted on 15 lung transplant recipients,clinical_cohort,False,,,na,15.0,A retrospective study was conducted on 15 lung transplant recipients,
40120999,human,True,prospective_cohort,included adult lung transplant recipients from 2 prospective cohort studies,mechanistic_translational,False,,,na,209.0,The final analysis included 209 subjects,
40099992,human,True,retrospective_cohort,"Data were collected from all LTx patients transplanted between December 1, 2013 and January 1, 2022",clinical_cohort,True,The effectiveness of nebulized amphotericin B (AmB) or statins for IA prevention,Statin,prevention,274.0,Aspergillus was cultured in 110 /274 (40%) patients post-LTx,
40606296,human,True,retrospective_cohort,LTx patients transplanted at the University Medical Center Groningen between 2004 and 2017 were screened,mechanistic_translational,False,,,na,38.0,Nineteen patients with BOS were selected and matched with 19 patients with non-BOS,
40046911,ex_vivo_human,False,other,,mechanistic_translational,False,,,na,,,
39988210,human,True,retrospective_cohort,In this retrospective cohort study,clinical_cohort,False,,,na,92.0,we evaluated 92 living-donor lobar lung transplantations,
40078820,human,True,retrospective_cohort,case-control retrospective study,clinical_cohort,False,,,na,1025.0,A total of 29 TMA cases (2.9%) were identified out of 1025 LTx,
40065796,human,True,other,A Case Report,case_report_series,False,,,treatment_established_clad,1.0,We present a 32-year-old female,
39938661,human,True,retrospective_cohort,We completed a retrospective cohort study,clinical_cohort,True,compared outcomes in patients on AZA vs MMF,Other pharmacological,prevention,224.0,224 patients were included,
39938701,human,True,retrospective_cohort,retrospectively analyzed across two centers between 2016 and 2023,clinical_cohort,False,,,na,17.0,Seventeen patients underwent single (n=2) or double (n=15) LTx,
39971216,human,True,prospective_cohort,Serum samples were collected from 89 crossmatch-negative bilateral LTx recipients at the time of LTx and 6 months post-LTx,mechanistic_translational,False,,,na,89.0,89 crossmatch-negative bilateral LTx recipients,
39944692,human,True,prospective_cohort,blood samples collected sequentially post-transplant from a cohort of 81 LTR,mechanistic_translational,False,,,na,81.0,a cohort of 81 LTR,
39829718,human,True,retrospective_cohort,"single center, retrospective observational cohort analysis",clinical_cohort,False,,,na,128.0,n = 128,
39992597,human,True,retrospective_cohort,Eighty-two lung transplantation procedures were performed in interstitial lung disease patients between January 2008 and December 2019.,mechanistic_translational,False,,,na,77.0,"In total, 28 female and 49 male patients",
39892791,human,True,retrospective_cohort,retrospective nested case-control-study,clinical_cohort,False,,,na,138.0,69 patients with RAS and 69 matched non-CLAD controls,
39741270,human,True,retrospective_cohort,"We retrospectively evaluated the safety, complications, and efficacy of transbronchial biopsy (TBB)",clinical_cohort,False,,,na,59.0,on 59 out of 94 lung transplant recipients,
39779317,human,True,retrospective_cohort,"A retrospective, single-centre observational study",clinical_cohort,False,,,na,40.0,40 patients were identified,
39764156,human,True,other,at three consecutive time points,mechanistic_translational,False,,,na,20.0,in 20 CLAD patients,
39753490,human,True,other,A case-control study was designed with a cohort of lung transplant recipients at our institution.,clinical_cohort,False,,,na,48.0,Twenty-seven patients with ABMR and without anti-HLA antibodies were identified ... and a control group of 21 transplant recipients was selected,
39652304,human,True,retrospective_cohort,retrospective study,clinical_cohort,False,,,na,134.0,134 recipients were enrolled in this retrospective study,
39989456,mixed,False,other,Using a murine model of orthotopic lung transplantation,mechanistic_translational,True,blocking NKG2D in vivo attenuated the airway remodeling following transplantation,Antibody / biologic,prevention,,,
39642952,human,True,prospective_cohort,prospectively collected longitudinal data from 768 newly transplanted adult lung recipients,clinical_cohort,True,Basiliximab induction immunosuppression,Induction agent,prevention,768.0,768 newly transplanted adult lung recipients,
39820581,human,True,cross_sectional,,methods_or_review,False,,,na,75.0,CT scans from 75 post-transplant patients,
39790585,human,True,retrospective_cohort,single-center retrospective cohort study,clinical_cohort,True,ECMO-bridged and non-ECMO exposed recipients,Surgical / procedural,na,299.0,Among 299 transplant recipients,
39632200,human,True,retrospective_cohort,"retrospective, single-center study",clinical_cohort,False,,,na,158.0,A total of 158 lung transplant recipients,
39637927,human,True,retrospective_cohort,We analyzed 340 subjects with at least 3 years of follow-up data from two lung transplant centers.,clinical_cohort,False,,,na,340.0,We analyzed 340 subjects,
39625496,human,True,cross_sectional,,mechanistic_translational,False,,,na,,,
39626309,human,True,registry,The United Network for Organ Sharing database was queried for adult lung transplantation,registry,False,,,na,11438.0,Among 11 438 propensity-matched recipients,
39638420,human,True,rct,single-centre prospective randomised controlled trial,trial,True,The treatment group underwent ECP in addition to a standard triple-drug immunosuppression protocol,Extracorporeal photopheresis,prevention,62.0,It included 31 COPD recipients per group,
39678867,human,True,retrospective_cohort,"single-center, retrospective cohort study",clinical_cohort,False,,,na,113.0,A total of 113 patients could be analyzed,
39608516,ex_vivo_human,False,cross_sectional,,mechanistic_translational,False,,,na,23.0,Lung tissue from 23 lung transplant recipients,
39612537,human,True,other,,mechanistic_translational,False,,,na,,,
39598272,human,True,retrospective_cohort,We retrospectively reviewed our case history,clinical_cohort,True,transbronchial cryobiopsy (CB),Surgical / procedural,na,,,
39571751,human,True,other,,clinical_cohort,False,,,na,90.0,In 90 LTR,
39470452,human,True,prospective_cohort,in a prospective multicenter cohort,clinical_cohort,False,,,na,745.0,included 745 CLAD-eligible adult lung recipients,
39640249,human,True,cross_sectional,We analyzed surface markers ... on lung tissue cryobiopsy samples collected within 6 months post-LuTx,mechanistic_translational,False,,,na,60.0,from 60 LuTx recipients,
39455367,human,True,retrospective_cohort,This retrospective single-center study included lung transplant recipients from January 2017 to December 2022.,clinical_cohort,True,Long-term ATO treatment,Statin,prevention,,,
39524044,animal,False,other,,mechanistic_translational,True,3-deazaneplanocin A (DZNep) was administered intraperitoneally to heterotopic tracheal transplant recipient model mice,Other pharmacological,treatment_established_clad,,,
39558551,human,True,retrospective_cohort,Data from adult bilateral lung transplant patients diagnosed with PGD3 at our institution were retrospectively reviewed.,clinical_cohort,True,veno-venous ECMO (VV-ECMO),Surgical / procedural,prevention,,,
39459908,human,True,retrospective_cohort,we retrospectively evaluated,mechanistic_translational,False,,,na,,,
39511735,human,True,retrospective_cohort,A retrospective chart review was conducted,clinical_cohort,True,a standardized protocol of plasma exchange (PLEX) and IVIG,Surgical / procedural,na,56.0,56 (11%) received an acute course of PLEX every other day per protocol,
39571635,human,True,retrospective_cohort,"The cohort included all adult, first bilateral LTx performed 2010-2017.",mechanistic_translational,False,,,na,107.0,Among 107 patients with stable AX biopsies,
39426232,human,True,retrospective_cohort,"observational, retrospective, monocentric study",clinical_cohort,True,received the mammalian target of rapamycin (mTOR) inhibitor everolimus in addition to the standard therapy,mTOR inhibitor,prevention,96.0,37 patients who received this standard therapy ... and 59 patients who received ... everolimus,
39441494,human,True,retrospective_cohort,We retrospectively identified 93 consecutive lung-transplant recipients,clinical_cohort,False,,,na,93.0,93 consecutive lung-transplant recipients,
39437867,human,True,registry,Using the International Society for Heart and Lung Transplantation (ISHLT) Thoracic Organ Transplant (TTX) Registry data,registry,True,tacrolimus vs twice-daily cyclosporine,Other pharmacological,prevention,22222.0,"Of these, 19,698 (88.6%) received tacrolimus immediate release (IR), 2,477 (11.2%) received cyclosporine, and 47 (0.2%) received tacrolimus extended release (XR)",
39419066,human,True,prospective_cohort,Data of all consecutive patients who underwent LuTx from 2013 to 2023 and aged < 18 years at the time of the study were prospectively collected.,clinical_cohort,True,Patients with GERD underwent medical treatment or fundoplication.,Antireflux surgery,prevention,36.0,"Thirty-six patients (2 months-18 years, 50% male) were included.",
39417893,human,True,cross_sectional,15 patients ... were included,clinical_cohort,False,,,na,15.0,15 patients ... were included,
39408746,human,True,other,,mechanistic_translational,False,,,na,97.0,Periostin levels were assessed in 97 patients,
39406318,human,False,other,We conducted 7 diagnostic alignment sessions with pathologists,methods_or_review,False,,,na,,,
39449412,human,True,retrospective_cohort,This observational and retrospective study recruited 305 patients,clinical_cohort,False,,,na,305.0,recruited 305 patients,
39381015,human,True,other,We included all patients undergoing LTX between 2012 and 2020.,clinical_cohort,False,,,na,183.0,Out of 183 patients,
39365102,human,True,retrospective_cohort,A retrospective chart review was conducted,clinical_cohort,True,"Anti-thymocyte globulin therapy, when given for CLAD",Antibody / biologic,treatment_established_clad,136.0,a total of 136 patients who underwent lung transplantation,
39385282,human,True,other,,mechanistic_translational,False,,,na,195.0,from LTx recipients (n = 195),
39393626,human,True,retrospective_cohort,The clinical data of 123 deceased-donor and 67 living-donor lung transplantations ... were retrospectively reviewed.,clinical_cohort,True,deceased-donor lung transplantation and living-donor lobar lung transplantation,Surgical / procedural,na,190.0,123 deceased-donor and 67 living-donor lung transplantations,
39368678,ex_vivo_human,False,cross_sectional,"Four BOS, 4 RAS, and 4 control lung samples",mechanistic_translational,False,,,na,,,
39448000,human,True,prospective_cohort,samples collected over the first posttransplant year,clinical_cohort,False,,,prevention,743.0,in 743 adult lung recipients at 5 centers,
39229386,human,False,other,conceptual framework,methods_or_review,False,,,na,,,
39194931,human,True,retrospective_cohort,The aim of this retrospective study was to identify new PGD risk factors.,clinical_cohort,False,,,na,59.0,The inclusion criteria were met by 59 patients,
39254629,human,True,retrospective_cohort,A retrospective single-centre cohort study (2008-2021),clinical_cohort,True,we adopted the right-first implantation sequence,Surgical / procedural,prevention,696.0,including double-lung transplant cases (N = 696),
39240495,human,True,retrospective_cohort,We retrospectively reviewed patients with CTD-ILD and IIPs who underwent lung transplantation at our hospital from July 2015 to October 2023.,clinical_cohort,False,,,na,75.0,The CTD-ILD group (n = 19) and the IIPs group (n = 56) were compared.,
39205225,human,True,other,,clinical_cohort,False,,,na,73.0,A total of 73 patients,
39142524,human,True,prospective_cohort,prospectively enrolled,clinical_cohort,False,,,na,82.0,Double-lung transplant recipients (n = 82),
39294868,human,True,prospective_cohort,We analyzed 78 LTx recipients from the Cohort-for-Lung-Transplantation cohort,mechanistic_translational,False,,,na,78.0,We analyzed 78 LTx recipients,
39228019,mixed,True,other,,mechanistic_translational,False,,,na,,,
39169532,human,True,other,systematic review,methods_or_review,False,,,na,,,
39164465,human,True,prospective_cohort,"GenCOLT collected DNA, high-quality GWAS (genome-wide association study) genotyping and robust HLA data for donors and recipients to supplement COLT clinical data.",mechanistic_translational,False,,,na,387.0,GenCOLT gathered more than 7.3 million SNP and HLA genotypes for 387 LT pairs,
39145446,mixed,False,other,,mechanistic_translational,True,Treatment with an MNK1/2 inhibitor (eFT-508) abrogated allograft fibrosis,Other pharmacological,treatment_established_clad,,,
39114640,human,True,other,,mechanistic_translational,False,,,na,26.0,26 lung transplant recipients,
39113661,human,True,retrospective_cohort,single-center retrospective study,clinical_cohort,False,,,na,36.0,A total of 36 patients,
39097215,human,True,prospective_cohort,Lung tissue was prospectively collected from 15 CLAD patients,mechanistic_translational,False,,,na,15.0,from 15 CLAD patients,
39136242,human,True,registry,Using the Scientific Registry of Transplant Recipients,registry,False,,,na,1413.0,Among 1413 patients with CTD-ILD,
39059595,human,True,other,,mechanistic_translational,False,,,na,76.0,N = 76 LTRs,
39172530,mixed,False,other,,mechanistic_translational,True,Adoptive transfer of M-MDSCs in Cebpb-/- mice,Cell therapy,na,,,
38991901,human,True,retrospective_cohort,retrospectively collected from medical records and analyzed,clinical_cohort,False,,,prevention,579.0,Study population included 579 recipients,
38993876,human,False,other,we will review the existing literature,methods_or_review,False,,,na,,,
39019353,human,True,prospective_cohort,enrolled in the Lung Transplant Outcomes Group observational cohort study,clinical_cohort,False,,,na,1428.0,Using data from 1428 lung transplant recipients and their donors,
38953039,human,True,prospective_cohort,multicenter prospective cohort study,clinical_cohort,False,,,na,173.0,included 173 bilateral lung transplant recipients,
39115489,human,True,other,derivation cohort ... independent validation cohort,mechanistic_translational,False,,,na,156.0,156 small airway brushes from 45 CLAD cases and 37 time-matched controls ... independent validation cohort of 37 CLAD cases and 37 controls,
38986916,human,True,retrospective_cohort,A total of 174 consecutive lung transplant recipients (LTR) between 2016 and 2019 were included in the analysis.,clinical_cohort,True,two different induction immunosuppression strategies used at our center [single dose rabbit antithymocyte globulin (rATG) vs. alemtuzumab] compared to no induction,Induction agent,prevention,174.0,A total of 174 consecutive lung transplant recipients (LTR) between 2016 and 2019 were included in the analysis.,
38979724,human,True,retrospective_cohort,This retrospective study included adults who underwent lung-only transplantation,clinical_cohort,True,our institution's desensitization protocol for recipients with preformed DSAs and negative flow cytometry crossmatch (FCXM) consists of intravenous immunoglobulin (IVIG) as the sole therapy,Antibody / biologic,prevention,167.0,Thirty-six out of 167 eligible patients (22%) were DSA-positive.,
38951782,human,True,other,A cohort of 87 LuTx recipients has been analyzed,clinical_cohort,False,,,na,87.0,A cohort of 87 LuTx recipients,
38924641,human,True,other,,clinical_cohort,False,,,na,310.0,310 LTx donor/recipient pairs,
38792624,human,True,retrospective_cohort,This retrospective study included LT patients,clinical_cohort,True,started everolimus therapy to treat CLAD,mTOR inhibitor,treatment_established_clad,57.0,Fifty-seven patients were included in this study.,
38796045,human,True,rct,"single-center, 6-month, randomized, placebo-controlled trial",trial,True,"randomized, placebo-controlled trial of pirfenidone",Antifibrotic,treatment_established_clad,23.0,with 23 patients included in the analysis,
38835130,animal,False,other,Allograft orthotopic tracheal transplantation in mice was applied in our study.,mechanistic_translational,True,Ferrostatin-1 and deferoxamine were administrated to inhibit ferroptosis and get rid of ferric iron,Other pharmacological,prevention,,,
38829041,human,True,retrospective_cohort,We performed a retrospective study of all LTx patients receiving ECP treatment at the University Hospital Zurich between January 2010 and March 2020.,clinical_cohort,True,extracorporeal photopheresis (ECP) treatment,Extracorporeal photopheresis,treatment_established_clad,105.0,"Overall, 105 patients received at least one ECP following LTx.",
38993789,human,True,retrospective_cohort,Double lung transplants performed between 1st January 2012 and 31st December 2021 were included,clinical_cohort,True,recipients with EVLP-treated donor lungs compared with recipients of conventionally preserved donor lungs,Surgical / procedural,prevention,57.0,A total of 57 recipients received EVLP-treated lungs,
38779355,human,True,retrospective_cohort,A retrospective analysis was conducted using DSA screening data from LuTx recipients,clinical_cohort,False,,,na,405.0,Of the 405 LuTx recipients analyzed,
38741362,human,True,rct,randomized 21 patients with BOS,trial,True,L-CsA-I plus standard-of-care (n=11) or standard-of-care (SOC) alone (n=10),Inhaled ciclosporin,treatment_established_clad,21.0,The 21 trial participants,
38591128,human,True,registry,Data were collected from the UNOS national dataset,registry,False,,,na,1275.0,A total of 1275 lung retransplant patients were included,
38712927,human,True,other,,mechanistic_translational,False,,,na,,,
38663465,ex_vivo_human,False,other,20 consecutive patients undergoing a second LTx for CLAD,mechanistic_translational,False,,,na,20.0,20 consecutive patients,
38716770,human,True,retrospective_cohort,This is a retrospective cohort study,clinical_cohort,True,HCV-viremic transplantation (D+) and HCV-aviremic transplantation (D-),Surgical / procedural,na,500.0,including 500 patients from 2018 to 2022,
38688726,human,True,retrospective_cohort,we reviewed data on LTRs who underwent LTx between January 2019 and August 2022,clinical_cohort,False,,,na,44.0,44 (12.5%) LTRs had an elevated IRP before LTx,
38521967,human,True,retrospective_cohort,This was a retrospective cohort study,clinical_cohort,False,,,na,68.0,"In total, 68 subjects",
38705500,human,True,prospective_cohort,This multicenter prospective cohort study included 238 lung transplant recipients.,mechanistic_translational,False,,,na,238.0,included 238 lung transplant recipients,
38546861,human,True,retrospective_cohort,We reviewed the medical records of recipients who underwent deceased-donor lung transplantation (LTx) at Tohoku University Hospital.,clinical_cohort,True,Delayed chest closure (DCC),Surgical / procedural,prevention,116.0,"Between 2009 and 2022, 116 patients underwent LTx",
38576338,human,False,other,,methods_or_review,False,,,na,,,
38520924,human,False,cross_sectional,compared to healthy controls,mechanistic_translational,False,,,na,,,
38508486,human,True,prospective_cohort,"multicenter, prospective, nonrandomized trial",clinical_cohort,True,ex vivo lung perfusion (EVLP),Surgical / procedural,na,,,
38485149,human,True,other,we conducted systematic reviews,methods_or_review,False,,,na,,,
38736881,animal,False,other,40 mice underwent an orthotopic left lung transplantation,mechanistic_translational,False,,,na,,,
38486224,ex_vivo_human,False,prospective_cohort,"Cells from leukapheresis of 16 CLAD patients, at time 0 and 6-months (10 cycles)",mechanistic_translational,True,Extracorporeal Photopheresis (ECP),Extracorporeal photopheresis,treatment_established_clad,16.0,Cells from leukapheresis of 16 CLAD patients,
38403187,animal,False,other,modified a murine model of CLAD,mechanistic_translational,False,,,na,,,
38399691,human,True,other,,mechanistic_translational,False,,,na,4.0,Four adult patients who underwent lung retransplantation between January 2019 and June 2020 were included in this study.,
38473722,human,True,cross_sectional,"comparing healthy (n = 4) and lung transplantation patients (n = 6, no CLAD and n = 14 CLAD)",mechanistic_translational,False,,,na,24.0,"healthy (n = 4) and lung transplantation patients (n = 6, no CLAD and n = 14 CLAD)",
38385646,human,True,cross_sectional,conducted a comprehensive analysis of gut microbial and metabolic alterations in lung transplant recipients relative to non-transplant group,mechanistic_translational,False,,,na,,,
38392766,human,True,other,,mechanistic_translational,False,,,na,60.0,in 60 patients post LTx or with chronic respiratory disease,
38439563,human,True,retrospective_cohort,This retrospective single-centre analysis includes lung transplants conducted at our institution from January 2014 to June 2022.,clinical_cohort,False,,,na,353.0,A total of 353 lung transplants were performed in this period,
38394744,ex_vivo_human,False,other,Ex vivo whole lung μCT and tissue-core μCT scanning,mechanistic_translational,False,,,na,18.0,"six control, six BOS, three RAS and three Mixed explant lung grafts",
38363388,human,True,retrospective_cohort,This retrospective observational study enrolled a total of 228 lung transplant recipients.,clinical_cohort,False,,,na,228.0,a total of 228 lung transplant recipients,
38369851,human,True,retrospective_cohort,We retrospectively reviewed all lung transplant recipients at our institution,clinical_cohort,True,using HCV NAT + donors,Surgical / procedural,prevention,135.0,We transplanted 135 patients during the study period,
38342328,human,True,retrospective_cohort,A retrospective study was conducted in 100 patients who underwent LTx at our institution from 2017 to 2021.,clinical_cohort,False,,,na,100.0,A retrospective study was conducted in 100 patients,
40144253,human,True,retrospective_cohort,We retrospectively compared the short- and long-term outcomes between the 2 groups.,clinical_cohort,True,Extracorporeal membrane oxygenation (ECMO) ... instead of cardiopulmonary bypass (CPB),Surgical / procedural,prevention,,,
38336710,human,True,prospective_cohort,Participants were selected from the Cohort in Lung Transplantation (COLT) for which a biocollection was associated.,mechanistic_translational,False,,,na,129.0,"For the Y2 analysis, 129 recipients were included",
38310334,human,True,other,,mechanistic_translational,False,,,na,68.0,A total of 68 patients were included.,
38334633,animal,False,other,"Serial sacrifice was performed at days 1, 7 and 35 post-transplantation",mechanistic_translational,False,,,na,,,
38282747,human,True,retrospective_cohort,large multicenter European cohort,clinical_cohort,True,Extracorporeal photopheresis (ECP) is used by few lung transplant centers to treat chronic lung allograft dysfunction (CLAD),Extracorporeal photopheresis,treatment_established_clad,631.0,This study included 631 patients,
38307417,human,True,retrospective_cohort,single-center retrospective cohort study,clinical_cohort,False,,,na,668.0,consisting of 668 patients,
38271553,human,True,retrospective_cohort,Retrospective cohort study,clinical_cohort,True,Azithromycin treatment improved survival,Azithromycin / macrolide,treatment_established_clad,,,
38264297,human,True,retrospective_cohort,"A single-center, retrospective cohort analysis",clinical_cohort,False,,,na,928.0,We identified 57 of 928 patients (6.14%),
38358857,human,True,cross_sectional,We performed cross-sectional and longitudinal analyses,mechanistic_translational,False,,,na,103.0,Among 103 lung transplant recipients,
38230743,human,True,retrospective_cohort,analysed retrospectively,clinical_cohort,False,,,treatment_established_clad,8.0,Eight lung retransplantation cases (2.6%) were analysed retrospectively.,
38237809,human,True,retrospective_cohort,This retrospective observational study included all adult patients who underwent lung-only transplantation,clinical_cohort,False,,,na,181.0,Sixty-seven of 181 donors (37%) had respiratory MDR bacteria,
38204689,human,True,prospective_cohort,All consented adult lung transplant recipients ... were enrolled prospectively in this study.,clinical_cohort,True,Skin incision for enrolled recipients was delayed until 6:30 am (Night group).,Surgical / procedural,prevention,102.0,"Thirty-four patients were enrolled in the Night group, along with 68 well-matched patients in the Day group.",
38190701,human,True,prospective_cohort,"This multicenter, prospective cohort study included 188 lung transplant recipients.",clinical_cohort,False,,,na,188.0,included 188 lung transplant recipients,
40144228,human,True,retrospective_cohort,"All patients who underwent lung transplantation (LT) from June 1, 2020, to July 5, 2023, at a single institution were evaluated.",clinical_cohort,True,lung transplant outcomes using DCD-NRP allografts,Surgical / procedural,na,,,
38211836,human,True,other,Two independent cohorts of LTRs were used,clinical_cohort,True,Changes to airway PGA4 after antireflux surgery were assessed in a third cohort of LTRs.,Antireflux surgery,prevention,,,
40144241,animal,False,retrospective_cohort,We performed a retrospective review of B10-to-B6 LTx performed in our laboratory 2012-2019.,mechanistic_translational,False,,,na,,,
38367738,human,True,prospective_cohort,We prospectively collected BAL from consenting lung transplant recipients,mechanistic_translational,False,,,na,,,
38165155,human,True,retrospective_cohort,retrospective review of medical records,clinical_cohort,False,,,na,143.0,"Among these patients, discharge to home with tracheostomy occurred in 127/143 (88.8%), and predischarge death or lung transplantation occurred in 16/143 (11.2%).",
38241956,human,True,retrospective_cohort,"This study was a single-center, retrospective cohort study.",clinical_cohort,False,,,na,,,
40145121,human,True,retrospective_cohort,We retrospectively reviewed 351 lung transplant recipients,clinical_cohort,False,,,na,351.0,351 lung transplant recipients,
38141896,human,True,retrospective_cohort,a large retrospective cohort,clinical_cohort,False,,,na,287.0,"226 (100 CLAD, 126 stable) lung transplant recipients ... In the independent confirmatory cohort of 61 (20 CLAD, 41 stable)",
38044496,human,True,prospective_cohort,prospective longitudinal study enrolling a consecutive sample of adult bilateral lung transplant recipients,clinical_cohort,False,,,na,91.0,We enrolled 91 patients,
38117233,human,True,prospective_cohort,"This multicenter, prospective cohort study recruited 186 lung transplant candidates.",mechanistic_translational,False,,,na,186.0,recruited 186 lung transplant candidates,
38141895,human,True,retrospective_cohort,This retrospective study included all patients who underwent bilateral L3Tx at our institution.,clinical_cohort,True,underwent bilateral L3Tx,Surgical / procedural,na,44.0,"Eleven L3Tx, 11 L2Tx, and 22 L1Tx recipients were included.",
38000763,human,True,retrospective_cohort,This was a retrospective single-center study,clinical_cohort,False,,,na,914.0,"914 patients (male 54.4%, mean age 55.2 years) underwent LTx assessment",
37988247,human,True,prospective_cohort,Prospective observational cohort study included lung transplant recipients,clinical_cohort,False,,,na,38.0,Thirty-eight patients were included.,
37972825,human,True,prospective_cohort,"This multicenter, prospective cohort study collected serial plasma samples from 188 lung transplant recipients",clinical_cohort,False,,,na,188.0,from 188 lung transplant recipients,
37981213,human,True,retrospective_cohort,In this retrospective single-center study,clinical_cohort,False,,,na,277.0,277 donor-recipient transplant pairs,
38003669,human,True,cross_sectional,sera from 90 healthy blood donors and 35 LTRs (before and after transplantation),mechanistic_translational,False,,,na,35.0,35 LTRs,
37891020,human,True,retrospective_cohort,This was a retrospective cohort study,clinical_cohort,True,patients converted to a sirolimus-based regimen,mTOR inhibitor,prevention,205.0,176 of the 205 patients who underwent lung transplants,
37899481,human,True,rct,pilot randomized controlled trial (RCT) at 2 sites,trial,True,belatacept-based immunosuppression,Other pharmacological,prevention,27.0,After randomizing 27 participants,
37937643,mixed,False,other,we developed a model of repeated airway inflammation in mouse minor alloantigen-mismatched single-lung transplantation,mechanistic_translational,False,,,na,,,
38852935,human,True,retrospective_cohort,Sixty-two patients experiencing a first episode of StA1R were divided into those experiencing CLAD within 2 years,mechanistic_translational,False,,,na,62.0,Sixty-two patients experiencing a first episode of StA1R,
37932113,human,True,other,This article summarizes the current state of knowledge regarding phage therapy in the setting of lung transplantation.,methods_or_review,False,,,na,,,
37896822,human,True,retrospective_cohort,We performed a retrospective study of LTRs with COVID-19,mechanistic_translational,False,,,na,18.0,"LTRs with non-severe [NS gp (n = 10)], and severe [S gp (n = 8)] COVID-19 disease were included.",
37904125,human,True,retrospective_cohort,We analyzed whole-exome sequencing data in 279 lung recipients,clinical_cohort,False,,,na,279.0,in 279 lung recipients,
37870882,human,True,other,in a cohort of 106 bilateral lung transplant recipients,clinical_cohort,False,,,na,106.0,in a cohort of 106 bilateral lung transplant recipients,
37895424,animal,False,other,,mechanistic_translational,True,CyA plus murine aCD20 (CyA+aCD20) treated groups,Antibody / biologic,prevention,,,
37887076,human,True,retrospective_cohort,The clinical and demographic data of patients who received their lung transplantation between 2010 and 2020 ... were evaluated.,clinical_cohort,False,,,na,1025.0,A total of 1025 lung transplant patients were followed,
37866469,human,True,registry,in the United Network for Organ Sharing database,registry,False,,,na,16725.0,"A total of 16,725 patients underwent lung transplantation during the study period",
37866672,human,True,cross_sectional,148 LTxRs from single center were included in this study,mechanistic_translational,False,,,na,148.0,148 LTxRs from single center were included in this study,
40144010,human,True,retrospective_cohort,"We performed a retrospective evaluation of all first-time lung transplant recipients for ILD performed at our institution between May 1, 2005, and April 1, 2019.",clinical_cohort,False,,,na,717.0,We identified 717 first-time lung transplant ILD recipients,
37817870,human,True,retrospective_cohort,a large retrospective cohort of lung transplant recipients,clinical_cohort,False,,,na,487.0,Of 487 patients,
37855706,human,True,rct,multicenter clinical randomized controlled trial,trial,True,cytokine filtration,Surgical / procedural,prevention,116.0,involving 116 patients,
37741923,human,True,retrospective_cohort,This monocentric retrospective study analyzed consecutive patients who underwent LTx from January 2015 to December 2018.,clinical_cohort,False,,,na,118.0,Among 118 LTx patients,
37741317,human,True,retrospective_cohort,were retrospectively identified,clinical_cohort,False,,,na,205.0,205 with pulmonary hypertension formed the study cohort,
37725339,human,True,retrospective_cohort,We conducted a retrospective analysis of pregnancies in LTRs at our transplant center,clinical_cohort,False,,,na,8.0,eight female LTRs conceived a total of 17 pregnancies,
37740625,human,True,retrospective_cohort,lung transplants ... performed in our center between March 2013 and January 2023 were included in the study,clinical_cohort,False,,,na,34.0,"During the study period, 34 lung transplants were performed for chronic obstructive pulmonary disease.",
37745948,human,True,cross_sectional,"We performed a cross-sectional analysis within a prospective, single-center cohort study",clinical_cohort,False,,,na,81.0,Of the remaining 81 patients,
37778525,human,True,prospective_cohort,100 cases as part of a prospective clinical trial,clinical_cohort,False,,,na,100.0,Clinical measures and ex situ CT scans were collected from 100 cases,
37703908,human,True,rct,"multicentre, randomised, controlled trial",trial,True,tacrolimus (once per day) ... compared with a protocol using ciclosporin (twice per day),Other pharmacological,prevention,249.0,249 patients underwent double lung transplantation and received at least one dose of study drug,
37715611,in_vitro,False,other,in vitro,mechanistic_translational,False,,,na,,,
37923307,human,True,retrospective_cohort,"In this retrospective, single-center study",clinical_cohort,True,use of RAAS inhibitor (RAASi) in lung transplant recipients,Other pharmacological,prevention,105.0,35 lung transplant recipients who received a RAASi post-transplant were compared to 70 lung transplant recipients not exposed to a RAASi,
37713011,human,True,other,a case report,case_report_series,True,VV ECMO was introduced to minimize lung stress and strain,Surgical / procedural,treatment_established_clad,1.0,A 16-year-old lung transplant recipient,
37704161,human,True,other,,methods_or_review,False,,,na,164.0,The author has performed 164 LDLLTs,
37656927,human,True,retrospective_cohort,We retrospectively reviewed all lung transplants performed at our institution between 2011 and 2022.,clinical_cohort,True,postoperative GJ tube,Surgical / procedural,na,386.0,"After propensity score matching, 193 patients with GJ were compared to 193 patients without GJ.",
37541572,human,True,retrospective_cohort,A retrospective single-center study was performed on all LTx recipients from 2002 to 2017,clinical_cohort,False,,,na,1600.0,"Between 2002 and 2017, 1600 LTx were performed",
37634575,human,True,retrospective_cohort,We retrospectively reviewed the records of patients undergoing LTx at our institution between 2010 and 2021,clinical_cohort,True,CD26/DPP-4 inhibitor treatment up to 6 months post-LTx as the exposure variable,Other pharmacological,prevention,102.0,Of 102 LTx patients with DM,
37648073,human,True,prospective_cohort,In a longitudinal cohort of 72 lung transplant recipients with >6 years median follow-up time,mechanistic_translational,False,,,na,72.0,a longitudinal cohort of 72 lung transplant recipients,
37461238,human,True,retrospective_cohort,single-center retrospective study of 75 recipients,clinical_cohort,False,,,na,75.0,75 recipients,
37499884,human,True,retrospective_cohort,historical control,clinical_cohort,True,preemptive immune globulin therapy,Antibody / biologic,prevention,59.0,Our cohort included 59 patients,
37575951,human,True,retrospective_cohort,We compared frequencies of LB from endobronchial biopsies before (N = 1856) and after (N = 975) protocolized initiation of AZI prophylaxis at our center.,clinical_cohort,True,protocolized initiation of AZI prophylaxis,Azithromycin / macrolide,prevention,,,
37516880,animal,False,other,based on rat models,mechanistic_translational,True,"Allogeneic LTx rats were treated with Cyclosporin A (CsA) in the first week, followed by metformin, CsA, or vehicle treatment.",Other pharmacological,treatment_established_clad,,,
37611881,human,True,retrospective_cohort,"As part of routine auditing of IgG use in our LTx service, we assessed for adverse clinical outcomes related to IgG therapy cessation between November 2017 and February 2022.",clinical_cohort,True,adverse clinical outcomes related to IgG therapy cessation,Other pharmacological,na,48.0,48 patients ceased therapy,
37454870,human,True,retrospective_cohort,A retrospective cohort study was conducted,clinical_cohort,True,Statin therapy,Statin,prevention,,,
37452563,human,True,retrospective_cohort,A retrospective study was conducted,clinical_cohort,False,,,na,189.0,Of the remaining 189 LTRs,
37523071,human,True,retrospective_cohort,single-center retrospective review of data from 73 patients,clinical_cohort,False,,,na,73.0,73 patients,
37438480,human,True,other,A prospective case series of 44 lung transplant recipients,clinical_cohort,True,laparoscopic Toupet fundoplication,Antireflux surgery,prevention,44.0,A prospective case series of 44 lung transplant recipients,
37443465,human,False,other,a bibliometric study of BO,methods_or_review,False,,,na,,,
37442212,human,True,prospective_cohort,Seventy-one patients who underwent lung transplantation between July 2016 and January 2020 were enrolled in this study.,clinical_cohort,False,,,na,71.0,Seventy-one patients who underwent lung transplantation between July 2016 and January 2020 were enrolled in this study.,
37389015,human,True,retrospective_cohort,"Based on clinical data, 240 lung transplant recipients were eligible for CLAD",clinical_cohort,False,,,na,240.0,240 lung transplant recipients were eligible for CLAD,
37402896,human,True,cross_sectional,"In this pilot study, we investigated the presence of COL4A5 in the serum of patients with BOS.",mechanistic_translational,False,,,na,41.0,41 patients who had undergone LTX were enrolled.,
37388387,human,True,retrospective_cohort,This was a retrospective study from 2007-2019,clinical_cohort,True,pre-transplant reflux testing,Surgical / procedural,prevention,60.0,a total of 60 patients were included in the study,
37348689,human,True,other,This case series explores the use of a cytokine adsorber during lung transplantation,case_report_series,True,use of a cytokine adsorber during lung transplantation,Surgical / procedural,prevention,,,
37345293,human,True,retrospective_cohort,This was a matched cohort study of patients transplanted between January 2010 and October 2019.,clinical_cohort,True,LTRs who received filgrastim for neutropenia were compared to a cohort who did not.,Other pharmacological,na,212.0,212 patients were included in the analysis (106 in each group).,
37317999,human,True,retrospective_cohort,We identified 35 patients who underwent lung transplant for pulmonary sarcoidosis during the study period.,clinical_cohort,False,,,na,35.0,We identified 35 patients who underwent lung transplant for pulmonary sarcoidosis during the study period.,
37291709,human,True,retrospective_cohort,We conducted a retrospective cohort study,clinical_cohort,False,,,na,340.0,Of 340 patients who met inclusion criteria,
37329167,human,True,retrospective_cohort,We reviewed all consecutive patients who received lung transplants from May 2012 to May 2017,clinical_cohort,True,EVLP was used in lungs initially rejected due to inadequate oxygenation,Surgical / procedural,prevention,157.0,A total of 157 patients underwent transplantation during the study period.,
37305133,human,True,prospective_cohort,289 bilateral lung recipients enrolled for oscillometry prior to laboratory-based spirometry between December 2017 and March 2020,clinical_cohort,False,,,na,289.0,Of 289 bilateral lung recipients enrolled,
37287095,human,True,prospective_cohort,we prospectively measured frailty by the short physical performance battery (SPPB) repeatedly after transplant,clinical_cohort,False,,,na,231.0,The 231 participants,
37289498,human,True,prospective_cohort,prospective observational study,mechanistic_translational,False,,,na,,,
37249595,human,True,retrospective_cohort,Retrospective single-center study.,clinical_cohort,True,extended endoscopic sinus surgery (eESS),Surgical / procedural,prevention,71.0,We examined 71 CF patients,
37171893,human,True,retrospective_cohort,In this retrospective study,clinical_cohort,False,,,na,1298.0,A total of 1298 patients undergoing bilateral lung transplantation,
37225088,human,True,retrospective_cohort,This retrospective study presents our 9-year experience,clinical_cohort,True,"managed with repeated IgA- and IgM-enriched intravenous immunoglobulin (IgGAM) infusions, usually in combination with plasmapheresis before IgGAM and a single dose of antiCD20 antibody",Antibody / biologic,prevention,1043.0,"Of the 1,043 patients who had undergone lung transplantation",
37125386,human,True,retrospective_cohort,all patients who underwent lung transplantation between 06/2010 and 12/2019 were included in the analysis,clinical_cohort,False,,,na,1168.0,"Among the 1,168 lung-transplanted patients",
37172694,human,True,retrospective_cohort,All first-time lung transplant recipients between January 2014 and December 2019 were divided into 3 cohorts,clinical_cohort,True,managed with perioperative desensitization,Not specified,prevention,902.0,"VXM-negative (n = 764), VXM-positive/FCXM-negative (n = 64), and VXM-positive/FCXM-positive (n = 74)",
37180126,human,True,prospective_cohort,"This prospective, single-center study includes 62 LTx recipients",mechanistic_translational,False,,,na,62.0,includes 62 LTx recipients,
37115007,human,True,prospective_cohort,"Sixty patients were enrolled in this study, and their plasma S100A8/A9 levels were measured on days 0, 1, 2, and 3 after LTx.",clinical_cohort,False,,,na,60.0,Sixty patients were enrolled in this study,
37144846,human,True,cross_sectional,All subjects underwent standard high-resolution manometry and intraluminal impedance (HRIM) with additional swallows as TES was delivered.,mechanistic_translational,True,Transcutaneous Electrical Stimulation (TES),Surgical / procedural,na,49.0,We included 49 patients,
37071121,human,True,retrospective_cohort,Retrospective analysis of patients completing ≥3 months of ECP for CLAD between 2007 and 2022 was performed.,clinical_cohort,True,Extracorporeal photopheresis (ECP) has long been a suggested salvage treatment,Extracorporeal photopheresis,treatment_established_clad,373.0,"Data from 5,169 outpatient attendances in 373 patients was used to construct the model.",
37054889,human,True,retrospective_cohort,A retrospective analysis of LTx recipients at a single center was conducted between January 2014 and April 2019.,clinical_cohort,False,,,na,268.0,DQ REM was detected in 96/268 (35.8%),
37070996,human,True,prospective_cohort,"prospective, longitudinal, single-center study",clinical_cohort,False,,,na,132.0,132 clinically stable patients of 141 patients ... were included,
37025782,human,True,retrospective_cohort,The subjects of this retrospective study were 37 recipients,mechanistic_translational,False,,,na,37.0,The subjects of this retrospective study were 37 recipients of bilateral CLT (n = 23) and LDLLT (n = 14),
37004325,ex_vivo_human,False,other,,mechanistic_translational,False,,,na,,,
37295720,human,True,other,using gene expression microarray results from the INTERLUNG study,mechanistic_translational,False,,,na,,,
37073734,human,True,retrospective_cohort,"retrospective, before-after cohort study",clinical_cohort,True,Ex vivo lung perfusion (EVLP),Surgical / procedural,na,,,
37014805,mixed,False,other,Autopsy derived CLAD and non-CLAD lungs were collected.,mechanistic_translational,True,IL-33 blockade in these co-cultures,Antibody / biologic,na,,,
36996331,human,True,registry,retrospective study of the United Network for Organ Sharing database,registry,False,,,na,26721.0,"including 26,721 adults who underwent lung transplantation",
37143198,human,True,retrospective_cohort,We retrospectively identified 112 adult lung transplant recipients,clinical_cohort,True,use of rabbit antithymocyte globulin (rATG) for corticosteroid refractory ACR,Induction agent,na,112.0,112 adult lung transplant recipients,
36983850,human,False,other,current opinion review,methods_or_review,False,,,na,,,
37003354,human,True,retrospective_cohort,"We analyzed BALF cell count, microbiology, and biopsy data from a multicenter cohort of 531 lung recipients",clinical_cohort,False,,,na,531.0,a multicenter cohort of 531 lung recipients,
36948499,human,True,other,,methods_or_review,False,,,na,,,
36967372,human,True,retrospective_cohort,Donor smoking and substance use history were extracted from the Uniform Donor Risk Assessment Interview and medical records.,clinical_cohort,False,,,na,1352.0,in 1352 recipients,
36963446,human,True,retrospective_cohort,CLAD status and phenotypes were retrospectively determined in a cohort,mechanistic_translational,False,,,na,77.0,Fifty-four CLAD ... patients and 23 CLAD-free controls were included.,
37187736,human,True,other,,mechanistic_translational,False,,,na,,,
36946463,ex_vivo_human,False,other,,mechanistic_translational,False,,,na,,,
36941179,human,True,prospective_cohort,samples collected over the first posttransplant year from 392 adult lung recipients at 5 centers,mechanistic_translational,False,,,na,392.0,from 392 adult lung recipients,
36925381,human,True,retrospective_cohort,single center retrospective study,clinical_cohort,False,,,na,132.0,in 132 patients,
36927674,human,True,registry,data were extracted retrospectively using the United Network for Organ Sharing thoracic database,registry,True,pretransplant RBC transfusion,Other,prevention,28217.0,"In total, 28,217 patients were analyzed in our study",
36895091,human,True,retrospective_cohort,We retrospectively reviewed adult recipients,clinical_cohort,False,,,na,63.0,63 adult recipients undergoing LDLLTs,
37726865,human,True,prospective_cohort,We designed a single-arm trial to administer adipose tissue (AT)-derived MSCs to pediatric patients with refractory BoS after allo-HSCT.,trial,True,administer adipose tissue (AT)-derived MSCs,Cell therapy,treatment_established_clad,4.0,Four eligible patients with a median age of 6.5 years were enrolled in the study.,
36925075,mixed,False,other,in vitro and in vivo,mechanistic_translational,True,miR-27a-3p-transfected DCs,Other pharmacological,na,,,
36936442,human,True,retrospective_cohort,single center retrospective study,clinical_cohort,False,,,na,118.0,Fifty-nine patients with Corynebacterium spp. sampling with 59 without isolation were included.,
36865666,human,True,retrospective_cohort,Retrospectively collected data of 36 patients who underwent lung transplantation for PCD from 1995 to 2020,clinical_cohort,False,,,na,36.0,36 patients,
36849338,human,True,retrospective_cohort,"This retrospective, single-center study describes short- and long-term outcomes",clinical_cohort,False,,,na,19.0,The study included 19 patients,
36842540,animal,False,other,mouse minor alloantigen-mismatched orthotopic lung transplant model,mechanistic_translational,False,,,na,,,
36810928,human,True,retrospective_cohort,Records of patients aged between 0 and 50 years were retrospectively reviewed.,clinical_cohort,False,,,na,409.0,409 patients fulfilled the eligibility criteria and were included,
36846600,human,True,prospective_cohort,In this prospective cohort trial,clinical_cohort,True,"Lungs from DCD donors were preserved in-vivo through normothermic ventilation, as per our protocol",Surgical / procedural,prevention,121.0,"121 patients (110 DBD Group, 11 DCD Group) were enrolled",
36873745,human,True,retrospective_cohort,We performed a retrospective cohort study of prospectively collected data,clinical_cohort,False,,,na,311.0,311 patients transplanted between 2014 and 2019 were included,
36732088,human,True,retrospective_cohort,"multicenter, retrospective cohort study",clinical_cohort,True,early targeted treatment for dnDSAs,Not specified,prevention,445.0,In the cohort of 445 patients,
36703976,human,True,retrospective_cohort,"retrospective, observational pilot study",mechanistic_translational,False,,,na,24.0,from 24 patients,
36710092,human,True,retrospective_cohort,In a large retrospective cohort,clinical_cohort,False,,,na,605.0,TBA was measured in 605 consecutive lung donors,
36824294,human,True,retrospective_cohort,Single center retrospective study,clinical_cohort,True,starting EVE-based immunosuppression,mTOR inhibitor,prevention,91.0,91 LTR starting EVE-based immunosuppression,
36703125,human,True,cross_sectional,"Patients were divided into 4 groups: stable group, AR group, infection group and CLAD group.",clinical_cohort,False,,,na,170.0,One hundred and seventy LTRs were enrolled,
36695698,human,True,retrospective_cohort,We conducted a retrospective cohort study,clinical_cohort,False,,,na,284.0,Among the 284 participants,
36695689,human,True,retrospective_cohort,This retrospective cohort study included 289 bilateral LTx.,clinical_cohort,False,,,na,289.0,included 289 bilateral LTx,
36812767,mixed,False,other,A murine model of chronic lung allograft rejection ... was employed,mechanistic_translational,False,,,na,,,
36695619,human,True,prospective_cohort,508 prospectively collected bronchoalveolar lavage fluid samples from 195 lung transplant recipients,mechanistic_translational,False,,,na,195.0,from 195 lung transplant recipients,
36677327,human,True,retrospective_cohort,Retrospective study of 124 donor CMV positive/recipient negative (D+/R-) patients,clinical_cohort,True,compare the risk of CMV infection and other post-transplantation outcomes between two CMV-Ig prophylaxis regimens,CMV prophylaxis / antiviral,prevention,124.0,Retrospective study of 124 donor CMV positive/recipient negative (D+/R-) patients,
36639317,human,True,retrospective_cohort,single center retrospective cohort study,clinical_cohort,False,,,na,51.0,Fifty-one patients were included,
36681528,human,True,cross_sectional,A multi-center cross-sectional study was performed,mechanistic_translational,False,,,na,253.0,253 were included for analysis,
36609090,human,True,retrospective_cohort,Retrospective analysis of consecutive LTx recipients undergoing LF at a single centre,clinical_cohort,True,laparoscopic fundoplication (LF),Antireflux surgery,prevention,149.0,149/431 proceeded to LF,
36585287,human,True,retrospective_cohort,We retrospectively reviewed the prospectively collected clinical data,clinical_cohort,False,,,na,24.0,25 living-donor lung transplantations performed in 24 pediatric recipients,
36671482,human,True,cross_sectional,,mechanistic_translational,False,,,na,18.0,Eighteen cystic fibrosis patients were included in the study,
36583252,human,True,retrospective_cohort,patients with CLAD treated with TLI at our center between 2011 and 2018,clinical_cohort,True,Total lymphoid irradiation (TLI) is an alternative treatment for chronic lung allograft dysfunction (CLAD).,Total lymphoid irradiation,treatment_established_clad,40.0,Forty patients with CLAD,
36735450,human,True,retrospective_cohort,All single-center bilateral LTx between 2010 and 2020 were retrospectively analyzed.,clinical_cohort,False,,,na,647.0,Out of 647 bilateral LTx,
36522238,mixed,False,other,murine orthotopic lung transplant model,mechanistic_translational,True,inhaled CO,Aerosolised / inhaled other,treatment_established_clad,,,
36319530,human,True,retrospective_cohort,Adjudication committees reviewed clinical data of 335 lung transplant recipients,clinical_cohort,False,,,na,335.0,335 lung transplant recipients,
36406896,human,True,prospective_cohort,"prospective, single-center, observational study",mechanistic_translational,False,,,na,51.0,Fifty-one subjects were enrolled,
36557592,human,True,prospective_cohort,Fifteen-Year Surveillance of LTR Receiving Pre-Emptive Therapy,clinical_cohort,True,pre-emptive ganciclovir/valganciclovir (GCV/VGCV) for CMV infection,CMV prophylaxis / antiviral,prevention,129.0,in 129 lung transplant recipients,
38994392,human,True,retrospective_cohort,In this retrospective study,clinical_cohort,True,the use of EVLP for logistical reasons,Surgical / procedural,prevention,50.0,Fifty EVLPs were performed,
36380578,human,True,retrospective_cohort,Prospectively collected Toronto Lung Transplant Program database and chart review were used,clinical_cohort,False,,,na,186.0,We found 186 LTRs diagnosed with CLAD meeting our inclusion criteria.,
36289168,human,True,prospective_cohort,observational prospective cohort study,clinical_cohort,True,received two doses of SARS-CoV-2 mRNA vaccine,Other pharmacological,prevention,18.0,in 18 lung transplant recipients,
36389317,human,True,registry,From the Scientific Registry of Transplant Recipients (SRTR) database,registry,False,,,na,739.0,739 patients underwent redo lung transplant,
36309588,human,True,retrospective_cohort,Data collected from consecutive patients diagnosed with ILD or BOS from 1981-2019 were analyzed.,clinical_cohort,False,,,na,238.0,238 patients were included: 79 with ILD and 159 with BOS.,
36283951,human,True,cross_sectional,"We performed eNose measurements in LTR with and without CLAD, visiting the outpatient clinic.",mechanistic_translational,False,,,na,152.0,We included 152 LTR,
36204183,human,True,retrospective_cohort,"retrospective, single-center study",clinical_cohort,False,,,na,277.0,277 LTx donor-recipient pairs,
36216086,human,True,retrospective_cohort,multicenter retrospective study,clinical_cohort,True,fundoplication,Antireflux surgery,prevention,542.0,Of 542 patients,
36271645,human,True,other,"single-center, observational study",clinical_cohort,False,,,na,336.0,In our cohort of 336 patients,
36217992,human,True,retrospective_cohort,Single-center retrospective study,clinical_cohort,True,assess the effect of AZI initiation and its timing,Azithromycin / macrolide,prevention,358.0,We included 358 LT recipients,
36223371,human,True,retrospective_cohort,CT volumetry measurements were performed from 63 patients with CLAD initially classified as BOS,clinical_cohort,False,,,na,63.0,CT volumetry measurements were performed from 63 patients with CLAD initially classified as BOS,
36245610,human,True,other,systematic review and meta-analysis,methods_or_review,True,Bronchial artery revascularization (BAR) during lung transplantation,Surgical / procedural,prevention,143.0,Seven studies were selected for the analysis comprising 143 patients.,
36277208,human,True,cross_sectional,"A retrospective, cross-sectional analysis of 263 double lung transplant recipients",clinical_cohort,False,,,na,263.0,"a retrospective, cross-sectional analysis of 263 double lung transplant recipients",
36201668,human,True,retrospective_cohort,This was a retrospective cohort study of lung transplant recipients at a tertiary center.,clinical_cohort,True,Timely antireflux treatment was defined as proton pump inhibitor initiation or antireflux surgery within 6 months of transplantation.,Antireflux surgery,prevention,175.0,One hundred seventy-five patients,
36200536,human,False,cross_sectional,We conducted a survey among the International Pediatric Lung Transplant Collaborative.,methods_or_review,False,,,na,,,
36192210,human,True,retrospective_cohort,retrospective observational study,clinical_cohort,True,replacing the drug with everolimus,mTOR inhibitor,prevention,19.0,Nineteen patients received everolimus therapy,
36163162,human,True,other,,mechanistic_translational,False,,,na,,,
36240868,human,True,registry,Using the United Network for Organ Sharing data set,registry,True,"2 staged, contralateral single lung transplantation procedures (SSLTs)",Surgical / procedural,na,278.0,outcomes of 278 SSLTs,
36189800,animal,False,other,In a mouse lung transplant model,mechanistic_translational,True,Extracorporeal photophoresis (ECP),Extracorporeal photopheresis,prevention,,,
36123193,human,True,retrospective_cohort,We retrospectively evaluated the association of tacrolimus level variability with total acute rejection score,clinical_cohort,False,,,na,229.0,There were 229 lung transplant recipients included,
36075742,human,True,retrospective_cohort,We retrospectively identified patients with AIP among those who underwent LTx at our center between January 2008 and December 2020.,case_report_series,False,,,na,4.0,4 patients with AIP underwent bilateral LTx,
36113182,animal,False,other,A murine model of heterotopic tracheal transplantation was used.,mechanistic_translational,True,a neutralizing anti-S100 calcium binding protein (S100) A8/A9 antibody,Antibody / biologic,prevention,,,
36134664,mixed,False,other,comprehensive analysis of cell population changes and their gene expression patterns during chronic rejection after orthotopic LTx in mice,mechanistic_translational,False,,,na,,,
36216597,human,True,retrospective_cohort,donor offers to a single center from 2013 to 2019 were reviewed,clinical_cohort,False,,,na,3515.0,There were 3515 donor offers over the study period.,
36113884,mixed,False,other,Using the mouse orthotopic lung transplant model,mechanistic_translational,True,treatment with costimulation blockade (MR1/CTLA4-Ig),Antibody / biologic,prevention,,,
36028826,human,True,retrospective_cohort,a retrospective cohort of 61 lung transplant recipients,clinical_cohort,False,,,na,61.0,a retrospective cohort of 61 lung transplant recipients,
36030202,human,True,retrospective_cohort,We conducted a retrospective single-center study between January 2015 and December 2020.,clinical_cohort,False,,,na,269.0,A total of 269 lung transplant patients were analyzed.,
36031951,human,True,prospective_cohort,multicenter prospective cohort study,clinical_cohort,False,,,na,803.0,803 adult lung recipients,
36004231,animal,False,other,10 consecutive rats,methods_or_review,False,,,na,,,
35988032,human,True,retrospective_cohort,We retrospectively reviewed data for 64 patients who underwent lung transplantation between 2009 and 2021 at 19 European centers.,clinical_cohort,False,,,na,64.0,data for 64 patients,
36049718,human,True,retrospective_cohort,LTRs that received CFZ or RTX for DSA depletion between 08/01/2015 and 08/31/2020 were included,clinical_cohort,True,carfilzomib (CFZ) or rituximab (RTX) for DSA depletion,Other pharmacological,prevention,44.0,Forty-four LTRs were identified,
35980878,human,False,other,,methods_or_review,False,,,na,,,
36049964,human,True,registry,The United Network for Organ Sharing/Organ Procurement and Transplantation Network STAR file was queried,registry,False,,,na,1779.0,908 heart and 871 lung retransplants were identified,
35897686,animal,False,other,Orthotopic left lung transplantation was performed in the Fischer-344 to Lewis rat strain combination,mechanistic_translational,False,,,na,,,
35920017,human,True,other,,clinical_cohort,False,,,na,,,
35924543,human,False,other,This article reviews the most frequent and important medical complications of LT,methods_or_review,False,,,na,,,
35964254,human,True,retrospective_cohort,In this retrospective cohort study,clinical_cohort,True,the dose of the immunosuppressant mycophenolate mofetil or plasma concentrations of the active metabolite mycophenolic acid,Other pharmacological,prevention,71.0,we recruited 71 patients with a lung transplant,
35887906,human,True,cross_sectional,The study included 106 lung transplant recipients and analyzed 286 BAL samples,mechanistic_translational,False,,,na,106.0,The study included 106 lung transplant recipients,
35881142,human,True,prospective_cohort,patients were followed clinically for 12 months,trial,True,We infused low-dose MSCs intravenously in 13 patients,Cell therapy,treatment_established_clad,13.0,in 13 patients,
35864004,human,True,registry,We used merged data from the Organ Procurement and Transplantation Network (2005-2017) and United States Cystic Fibrosis Foundation Patient Registry (2005-2016).,registry,False,,,na,1830.0,"Among 1,830 cystic fibrosis lung transplant recipients",
35843852,human,True,retrospective_cohort,Data were retrospectively collected from LTx patients with confirmed COVID-19,clinical_cohort,False,,,na,74.0,Seventy-four LTx patients were included,
35909014,human,True,retrospective_cohort,"We included all LT patients diagnosed with COVID-19 between March 1, 2020, and December 10, 2021",clinical_cohort,True,having received the booster dose had a protective effect,Other pharmacological,prevention,84.0,n = 84,
35838047,mixed,False,other,Using a murine orthotopic vascularized lung transplant model,mechanistic_translational,True,"a CD11b agonist, leukadherin-1, administered only to the donor lung prior to lung transplantation",Other pharmacological,prevention,,,
35842078,human,False,other,This study is a descriptive analysis of clinical trials targeting lung transplant rejection.,methods_or_review,False,,,na,,,
37625646,human,True,other,2 geographically distinct cohorts,clinical_cohort,False,,,na,,The primary cohort included 772 double lung transplant recipients. The analysis was repeated in 300 patients from an independent comparison cohort.,
35836705,human,True,retrospective_cohort,A total of 131 lung transplant recipients with post-transplant evaluation between 2012 and 2019 were studied.,clinical_cohort,False,,,na,131.0,A total of 131 lung transplant recipients with post-transplant evaluation between 2012 and 2019 were studied.,
35876129,human,True,prospective_cohort,samples were collected from 75 lung transplant recipients ... every 3 months after transplant for 1 year,mechanistic_translational,True,before and after antireflux Nissen fundoplication surgery,Antireflux surgery,prevention,75.0,A total of 268 BAL samples were collected from 75 lung transplant recipients,
35678573,human,True,retrospective_cohort,The records of patients first undergoing LTx in our institution between 2010 and 2018 were reviewed retrospectively.,clinical_cohort,False,,,na,172.0,A total of 172 patients were investigated.,
35703261,human,True,prospective_cohort,We prospectively enrolled and issued UES assist devices to consecutive transplant patients,clinical_cohort,True,UES assist devices,Surgical / procedural,prevention,26.0,Twenty-six participants were issued devices,
35896214,human,True,retrospective_cohort,All FEV1 values of LTRs transplanted between 2009 and April 2020 ... were included.,clinical_cohort,True,COVID-19 social distancing measures,Not specified,prevention,479.0,479 LTRs (12 775 FEV1 values) were included.,
35675449,human,True,retrospective_cohort,before-and-after retrospective cohort study,clinical_cohort,True,Secondary prophylaxis with inhaled colistin (IC),Aerosolised / inhaled other,prevention,271.0,A total of 271 lung transplants were included,
35729715,human,True,prospective_cohort,We followed 39 LTRs with RVI enrolled in the Genomic Research Alliance for Transplantation for 1 year.,clinical_cohort,False,,,na,39.0,We followed 39 LTRs with RVI,
35794392,human,True,retrospective_cohort,single-centre retrospective study,clinical_cohort,False,,,na,87.0,enrolled 87 LTX patients,
35845547,human,True,retrospective_cohort,We retrospectively collected pretransplant comorbidities of all 513 adult recipients transplanted at our center between 1992-2019.,clinical_cohort,False,,,na,513.0,all 513 adult recipients,
35726189,human,True,retrospective_cohort,Two cardiologists retrospectively assigned causes of death,clinical_cohort,False,,,na,239.0,"we included 239 heart recipients transplanted between 1988 and 2019 in Lund, Sweden (n = 239",
35668687,human,True,registry,using nationwide multicenter registry data,registry,False,,,na,220.0,Two hundred and twenty patients who received lung transplantation,
35691795,mixed,True,other,,mechanistic_translational,False,,,na,4.0,Analysis of cells from 4 explanted CLAD lungs,
35691796,animal,False,other,murine orthotopic lung transplantation model,mechanistic_translational,True,replacement of Thy-1 through exogenous administration ameliorated the fibrotic phenotype,Other pharmacological,treatment_established_clad,,,
35634722,human,True,prospective_cohort,In this prospective multicenter study,mechanistic_translational,False,,,na,184.0,from 184 participants,
35721046,human,True,prospective_cohort,10-year follow up data from lung transplant recipients participating in randomized placebo-controlled clinical trial,clinical_cohort,False,,,na,130.0,A total of 130 patients were included.,
35525096,human,True,retrospective_cohort,Data were collected retrospectively.,clinical_cohort,True,Twelve patients with moderate and refractory BOS received ECP treatment.,Extracorporeal photopheresis,treatment_established_clad,25.0,"Overall, 25 BOS patients were included",
35642887,human,True,retrospective_cohort,retrospective review of 4 patients,case_report_series,True,"a heterotopic lung transplant (HLTx), as a flexible surgical procedure",Surgical / procedural,na,4.0,retrospective review of 4 patients,
35502563,human,True,retrospective_cohort,A longitudinal retrospective analysis was performed,clinical_cohort,False,,,na,129.0,Among 129 transplant patients who developed CLAD,
35651878,human,True,retrospective_cohort,We included the Leuven lung transplantation cohort between 1991 and 2015 (n = 801).,clinical_cohort,False,,,na,801.0,(n = 801),
35522969,human,True,prospective_cohort,cGVHD natural history protocol (#NCT00092235),clinical_cohort,False,,,na,,,
35513911,human,True,retrospective_cohort,This longitudinal retrospective study,clinical_cohort,False,,,na,,,
35490983,animal,False,other,orthotopic trachea transplantation in mice,mechanistic_translational,True,recipients were daily treated with nintedanib (60 mg/kg; p.o.),Other pharmacological,prevention,,,
35478446,human,True,retrospective_cohort,Four patients were retrospectively tested,mechanistic_translational,False,,,na,4.0,Four patients,
35589861,human,True,prospective_cohort,Samples were collected at baseline and 1-year post transplantation.,mechanistic_translational,False,,,na,46.0,The plasma of 46 double lung transplant patients was analyzed,
35486846,human,True,other,,methods_or_review,False,,,na,,,
35450737,human,True,registry,retrospective analysis on adult HLTx patients using the UNOS database,registry,False,,,na,747.0,"In total, 747 patients were analyzed in our study.",
35487803,human,True,retrospective_cohort,We analyzed a single-center database of lung transplants from 2000 to 2020.,clinical_cohort,False,,,na,1326.0,Of the 1326 lung transplants,
35501858,human,True,retrospective_cohort,From a biobank containing bronchoalveolar lavage (BAL) samples from 148 lung transplant recipients (LTR),mechanistic_translational,False,,,na,148.0,a biobank containing bronchoalveolar lavage (BAL) samples from 148 lung transplant recipients (LTR),
35419871,human,False,other,,methods_or_review,False,,,na,,,
35445440,human,True,retrospective_cohort,We included all patients who underwent LT between 2012 and 2016,clinical_cohort,True,We compared early and late outcomes based on the need for DP,Surgical / procedural,na,324.0,n = 324,
35406680,human,True,prospective_cohort,prior to the start and after 6 months of ECP treatment,mechanistic_translational,True,extracorporeal photopheresis (ECP),Extracorporeal photopheresis,treatment_established_clad,,,
35387211,human,True,retrospective_cohort,"Between 2001 and 2019, 168 systemic sclerosis patients were referred for lung transplantation",clinical_cohort,True,"underwent a fundoplication (n = 10, 27.8%) or not (n = 26, 72.2%)",Antireflux surgery,prevention,36.0,36 (21.4%) were transplanted,
35354643,human,True,prospective_cohort,assessed depressive symptoms before and serially up to 3 years after lung transplantation,clinical_cohort,False,,,na,266.0,Among 266 participants,
35351385,human,True,retrospective_cohort,"In this retrospective study of adult, first, SLTX performed 2009-2017",clinical_cohort,False,,,na,172.0,Of 172 SLTX recipients,
35431638,human,True,retrospective_cohort,retrospective multicentred cohort study,clinical_cohort,False,,,na,114.0,A total of 114 patients were enrolled from 9 centres.,
35246990,human,True,retrospective_cohort,single-center retrospective cohort,clinical_cohort,False,,,na,451.0,In 3365 cytology reports from 451 subjects,
35354156,human,True,other,Data from 292 LTx recipients with CLAD were analyzed.,clinical_cohort,False,,,na,218.0,the final population comprised 218 patients,
35285873,human,True,other,,mechanistic_translational,True,treatment of rejection with high-dose systemic glucocorticoids,Other pharmacological,na,3.0,three lung transplant recipients,
35428458,animal,False,other,in a murine model,mechanistic_translational,False,,,na,,,
35283454,human,True,rct,Patients who remained on the randomized drug regimen until the end of the 5-y observation were analyzed,trial,True,comparing everolimus-based quadruple low CNI with standard triple regimen,mTOR inhibitor,prevention,123.0,"In total, 123 patients (95%) from the core study were analyzed",
35314097,human,True,retrospective_cohort,Patients transplanted between 2004 and 2018 in 2 large academic Dutch institutes were included.,clinical_cohort,False,,,na,582.0,A total of 582 patients underwent a LTx,
35185863,human,True,other,,mechanistic_translational,False,,,na,,,
35249734,human,True,retrospective_cohort,Clinical data of 85 patients who underwent deceased donor lung transplantation ... were reviewed.,clinical_cohort,False,,,na,85.0,Clinical data of 85 patients who underwent deceased donor lung transplantation,
35224623,human,True,registry,We retrospectively examined the United Network for Organ Sharing database,registry,False,,,na,27651.0,n = 27 651,
35203345,human,True,cross_sectional,from lung transplant recipients undergoing redo-transplantation for end-stage BOS (N = 6) or RAS (N = 6),mechanistic_translational,False,,,na,12.0,from lung transplant recipients undergoing redo-transplantation for end-stage BOS (N = 6) or RAS (N = 6),
35221126,human,True,retrospective_cohort,All patients transplanted at Sahlgrenska University Hospital between 2007 and 2018 were reviewed,clinical_cohort,True,posttransplant amiodarone treatment,Other pharmacological,prevention,394.0,Of the 394 patients who met this inclusion criteria,
35187218,human,True,retrospective_cohort,In this retrospective analysis of patients who underwent LTx between 2015 and 2019,clinical_cohort,False,,,na,95.0,Ninety-five LTx recipients were divided into a study group (n = 71; 75%) and a control group (n = 24; 25%).,
35202801,mixed,False,other,"using GEO datasets (GSE127003, GSE8021, GSE9102) and GeneCards datasets",mechanistic_translational,False,,,na,,,
35146849,human,True,prospective_cohort,prospective multicenter non-interventional trial,mechanistic_translational,False,,,na,61.0,from 61 pediatric recipients,
35083318,human,True,retrospective_cohort,We retrospectively performed sequence analysis ... in a cohort of 23 patients,clinical_cohort,False,,,na,23.0,a cohort of 23 patients,
35372675,human,True,prospective_cohort,prospectively collected plasma samples paired with clinical-pathologic diagnoses,mechanistic_translational,False,,,na,103.0,The study included 195 samples from 103 patients.,
35011851,ex_vivo_human,False,retrospective_cohort,Explant lung tissue from 52 clinically-defined BOS and 26 non-CLAD patients (collected 1993-2018) was analyzed,mechanistic_translational,False,,,na,78.0,Explant lung tissue from 52 clinically-defined BOS and 26 non-CLAD patients,
35185369,human,True,other,,mechanistic_translational,False,,,na,,,
34941934,human,True,retrospective_cohort,We performed a retrospective analysis,clinical_cohort,False,,,na,70.0,Seventy patients were included,
34966390,human,True,prospective_cohort,"Peripheral blood samples of 51 DLTx recipients were analyzed pre Tx and at T0, T24 and 3wk post Tx",mechanistic_translational,False,,,na,51.0,Peripheral blood samples of 51 DLTx recipients,
34933798,human,True,retrospective_cohort,Patient characteristics were collected via medical record review.,clinical_cohort,False,,,na,431.0,"Of 431 individuals, 149 underwent lung transplantation for IPF.",
35181243,human,True,prospective_cohort,COLT (Cohort-For-Lung-Transplantation) cohort,mechanistic_translational,False,,,na,150.0,data for 150 LTx recipients,
34854205,human,True,retrospective_cohort,retrospectively reviewed those carrying pathogenic TRG variations,clinical_cohort,False,,,na,38.0,n = 38,
34906571,human,True,retrospective_cohort,Records of all patients who had undergone ECMO with the intention to bridge to lung transplantation ... were reviewed.,clinical_cohort,True,venoarterial (VA) ECMO ... similar outcomes as VV ECMO as a bridge in lung transplantation,Surgical / procedural,na,58.0,"During this interval, 58 patients were placed on ECMO with the intention to bridge to lung transplantation",
34859569,mixed,False,other,,mechanistic_translational,False,,,na,,,
34895720,human,True,retrospective_cohort,We retrospectively reviewed the clinical data of 30 patients,clinical_cohort,False,,,na,30.0,30 patients,
34748217,human,True,retrospective_cohort,"single-center, retrospective cohort study",clinical_cohort,False,,,na,211.0,Among 211 patients with CLAD,
34850543,human,True,prospective_cohort,498 prospectively collected TBBs from the INTERLUNG study,mechanistic_translational,False,,,na,,,
35461711,human,True,retrospective_cohort,A single-center retrospective review of recipients receiving lung transplantation between January 2009 and October 2019 was performed.,clinical_cohort,False,,,na,1424.0,"During the study period, 1424 lung transplants were performed at our center.",
35442232,animal,False,other,ferret orthotopic single-lung transplantation model,mechanistic_translational,False,,,na,,,
34949699,human,True,retrospective_cohort,This retrospective study included all adult first double lung transplant patients,clinical_cohort,False,,,na,88.0,88 patients were included,
34792221,human,True,retrospective_cohort,We included all the LT patients diagnosed with COVID-19 during a 1-year period,clinical_cohort,False,,,na,54.0,n = 54,
34634164,human,True,retrospective_cohort,retrospectively evaluated,clinical_cohort,False,,,na,167.0,n = 167,
34691018,human,True,other,,mechanistic_translational,False,,,na,28.0,13 subjects with severe PGD and 15 controls,
34619318,mixed,False,other,,mechanistic_translational,False,,,na,,,
34670721,mixed,False,other,This special article focuses on the highlights in cardiothoracic transplantation literature in the year 2020.,methods_or_review,False,,,na,,,
34627707,animal,False,other,we employed two mouse models,mechanistic_translational,False,,,na,,,
34598807,human,True,retrospective_cohort,"observational, single-center, retrospective study",clinical_cohort,False,,,na,239.0,Inclusion criteria were met by 239 LTs,
34968012,human,True,retrospective_cohort,The study group was divided based on their vaccination status.,clinical_cohort,True,the clinical effectiveness of the two-dose mRNA vaccine schedule,Other pharmacological,prevention,70.0,(n = 70),
34627596,human,True,retrospective_cohort,A retrospective case-control was conducted,clinical_cohort,True,oral ribavirin (RBV) group,CMV prophylaxis / antiviral,na,36.0,Thirty-six LT patients were included,
34602310,mixed,True,other,,mechanistic_translational,False,,,na,36.0,"LTxRs with BOS (n = 18), RAS (n = 13), and from stable LTxRs (n = 5)",
34613977,human,True,retrospective_cohort,A retrospective analysis was performed,clinical_cohort,False,,,na,31.0,31 acquired COVID-19 during the pandemic,
34605596,human,True,retrospective_cohort,"Any single or bilateral LT patients who tested positive for SARS-CoV-2 between March 1, 2020, to February 15, 2021 (n = 54) and survived the acute illness were included (final n = 44).",clinical_cohort,False,,,na,44.0,(final n = 44),
35227627,human,True,retrospective_cohort,All bilateral LTx between 2007 and 2020 were retrospectively analyzed.,clinical_cohort,False,,,na,769.0,A total of 769 LTx were performed,
34587371,human,True,rct,"In a randomized, double-blind, placebo-controlled, multi-center Phase 3 study",trial,True,liposomal cyclosporine A for inhalation (L-CsA-i),Inhaled ciclosporin,prevention,130.0,130 patients were enrolled,
34785136,human,False,cross_sectional,A survey was distributed via the International Society for Heart and Lung Transplantation and completed by 103 respondents,methods_or_review,False,,,na,103.0,completed by 103 respondents,
34549083,human,True,prospective_cohort,The cohort consisted of 126 first adult lung recipients at 5 transplant centers with a total of 373 BALF samples collected within the first posttransplant year.,mechanistic_translational,False,,,na,126.0,The cohort consisted of 126 first adult lung recipients,
34738249,human,True,retrospective_cohort,included in this retrospective study,clinical_cohort,True,alemtuzumab induction followed by a low-dose maintenance immunosuppression,Induction agent,prevention,721.0,721 lung transplant recipients,
34548197,human,True,retrospective_cohort,We conducted a retrospective cohort study of bilateral lung transplant recipients transplanted between January 2003 and September 2012.,clinical_cohort,False,,,na,111.0,One hundred and eleven (51%) lung transplant recipients normalized their Spiro12M.,
34599540,human,True,rct,"randomized, placebo-controlled, double-blind study",trial,True,rituximab plus rabbit anti-thymocyte globulin induction,Antibody / biologic,prevention,27.0,27 randomized to rituximab (n = 15) or placebo (n = 12),
34593251,human,True,retrospective_cohort,We reviewed all patients from our center that had undergone a lung transplant between 2008 and 2019 and selected those with CLAD who were treated with ATG.,clinical_cohort,True,evaluate the effectiveness and safety of antithymocyte globulin (ATG) in lung transplant recipients with CLAD,Antibody / biologic,treatment_established_clad,13.0,A total of 13 patients with CLAD received ATG treatment.,
34570381,human,True,retrospective_cohort,This is a retrospective analysis of all LTx performed between January 2013 and December 2019 in our institution.,clinical_cohort,False,,,na,282.0,"A total of 239 (84.7%) LTx were performed from DBD, 29 (10.3%) from cDCD and 14 (5%) from uDCD.",
34571454,human,True,retrospective_cohort,We reviewed all double lung transplant recipients transplanted in our program 2004-2016.,clinical_cohort,False,,,na,446.0,446 patients met inclusion criteria,
34464505,human,True,retrospective_cohort,retrospective single-center cohort study,clinical_cohort,False,,,na,325.0,of 325 lung transplant recipients,
34384425,human,True,retrospective_cohort,retrospective cohort study,clinical_cohort,False,,,na,,,
34494183,human,True,other,,mechanistic_translational,False,,,na,8.0,in eight sex-mismatched HCT recipients,
34694493,human,True,retrospective_cohort,We retrospectively reviewed 195 cases of LTx at our institute.,clinical_cohort,True,preoperative corticosteroid therapy,Other pharmacological,prevention,195.0,We retrospectively reviewed 195 cases of LTx at our institute.,
34489963,human,True,other,observational study,mechanistic_translational,False,,,na,8.0,eight consecutive grafts explanted from patients,
34365656,human,True,retrospective_cohort,Of the 458 included recipients,clinical_cohort,False,,,na,458.0,Of the 458 included recipients,
34524597,human,True,retrospective_cohort,This was a single-center retrospective study of patients who underwent lung transplantation in 2008-2018.,clinical_cohort,False,,,na,616.0,Of 616 patients with no prior history of gastroparesis,
34319850,human,True,other,,clinical_cohort,False,,,na,61.0,were studied at potential CLAD (n = 61),
34310850,human,True,prospective_cohort,Sixty-seven consecutive primary LTR were followed for 3 years posttransplant.,clinical_cohort,True,Induction immunosuppression utilizing a modified regimen of single-dose rATG,Induction agent,prevention,67.0,Sixty-seven consecutive primary LTR,
34301464,human,True,retrospective_cohort,"This retrospective, single-centre, cohort study",clinical_cohort,True,"We evaluate whether a specific donor-to-recipient size-matching strategy, based on predicted total lung capacity, benefits this patient group.",Surgical / procedural,prevention,550.0,Five-hundred and fifty LTx recipients met inclusion criteria.,
34291152,human,True,retrospective_cohort,in a retrospective cohort of LTx patients,mechanistic_translational,False,,,na,38.0,Data from 38 patients,
34299359,ex_vivo_human,False,other,in vitro experiments,mechanistic_translational,True,PEGylated liposomes were modified with high molecular weight hyaluronic acid and loaded with everolimus,mTOR inhibitor,na,,,
34357700,human,True,retrospective_cohort,their clinical data were reviewed,clinical_cohort,False,,,na,23.0,Twenty-three (5.4%) were diagnosed with BOS after allogeneic HSCT,
34272887,human,True,other,We propose a flexible joint model framework,methods_or_review,False,,,na,,,
34836753,human,True,retrospective_cohort,Records of patients <18 years who underwent first lung transplantation between 01/2005 and 01/2021 were retrospectively reviewed,clinical_cohort,False,,,na,117.0,Of the 117 patients underwent first lung transplantation at our institution,
34226118,human,True,retrospective_cohort,retrospective cohort analysis of 123 lung transplant recipients,mechanistic_translational,False,,,na,123.0,retrospective cohort analysis of 123 lung transplant recipients,
34251508,human,True,retrospective_cohort,The subjects of this retrospective study were 59 recipients,clinical_cohort,False,,,na,59.0,The subjects of this retrospective study were 59 recipients,
34263577,human,True,cross_sectional,during routine bronchoscopy procedures,mechanistic_translational,False,,,na,54.0,n  =  54,
34244315,human,True,other,exploratory cohort study,mechanistic_translational,False,,,na,78.0,78 lung recipients and donors,
34344623,human,True,cross_sectional,,mechanistic_translational,False,,,na,51.0,from 51 Lung Transplant Recipients (LTRs),
34514112,human,False,cross_sectional,web-based survey,methods_or_review,False,,,na,,,
34183226,human,True,prospective_cohort,Bronchial washings (BW) were prospectively collected from lung transplant recipients,mechanistic_translational,False,,,na,50.0,Detectable BA were present in 45/50 patients (90%),
34172463,human,True,retrospective_cohort,A retrospective analysis was conducted of all bilateral lung transplant recipients at a single centre,clinical_cohort,False,,,na,1259.0,1259 out of 1492 lung transplant recipients were included,
34164175,animal,False,retrospective_cohort,We carefully reviewed and quantified all grafts with chronic rejection,mechanistic_translational,False,,,na,,,
34534193,human,True,retrospective_cohort,,clinical_cohort,False,,,na,47.0,47 first bilateral lung transplant recipients,
34186034,human,True,retrospective_cohort,single-center retrospective cohort study,clinical_cohort,False,,,na,172.0,Twenty-seven of 172 (16%) patients with IPF,
34113715,human,True,retrospective_cohort,We retrospectively reviewed the records of 191 patients who underwent lung transplantation,clinical_cohort,False,,,na,191.0,191 patients who underwent lung transplantation,
34122421,human,True,cross_sectional,60 matched lung transplant recipients ... were included for analysis,mechanistic_translational,False,,,na,60.0,60 matched lung transplant recipients,
34111430,ex_vivo_human,False,other,analyzed using laser-capture microdissection and optimized sample preparation protocols for mass spectrometry,mechanistic_translational,False,,,na,4.0,four end-stage bronchiolitis obliterans syndrome patients,
34159688,human,True,retrospective_cohort,retrospective chart review study among LT patients with RSV infection between 2013 and 2018,clinical_cohort,False,,,na,87.0,90 episodes among 87 patients,
34215500,human,True,retrospective_cohort,We identified 75 patients with first CSA1R,mechanistic_translational,False,,,na,75.0,We identified 75 patients with first CSA1R,
34078558,human,True,prospective_cohort,based on prospectively collected data,clinical_cohort,False,,,na,182.0,We reviewed 108 CLTs and 74 LDLLTs,
34183227,human,True,other,,mechanistic_translational,False,,,na,82.0,We included 82 lung-transplant recipients,
34126278,human,True,other,We tested plasma samples from 33 adult HCT patients ... and matched control samples of HCT patients who had non-BOS chronic GVHD (n = 31) and those who never experienced chronic GVHD (n = 29),mechanistic_translational,False,,,na,93.0,33 adult HCT patients ... non-BOS chronic GVHD (n = 31) ... never experienced chronic GVHD (n = 29),
34547417,animal,False,other,mouse intrapulmonary tracheal transplantation (IPTT) model,mechanistic_translational,False,,,na,,,
34280376,human,True,retrospective_cohort,were retrospectively reviewed,clinical_cohort,True,stratified by fundoplication before (n = 128) or after (n = 24) chronic lung allograft dysfunction (CLAD) development,Antireflux surgery,prevention,971.0,Lung transplantations from 2001 to 2019 (n = 971),
34033867,animal,False,other,mouse transplant model,mechanistic_translational,False,,,na,,,
34058795,human,True,retrospective_cohort,"long-term follow-up of 340 patients who received lung transplants between January 1, 2008 and December 31, 2011",clinical_cohort,True,"a peri-operative desensitization regimen of plasma exchange, intravenous immune globulin, and antithymocyte globulin",Other pharmacological,prevention,340.0,long-term follow-up of 340 patients,
34030200,human,False,other,,methods_or_review,False,,,na,,,
34030202,human,False,other,We provide an overview,methods_or_review,False,,,na,,,
34075005,human,True,retrospective_cohort,A 1:2 matched case-control study was performed,clinical_cohort,False,,,na,72.0,Twenty-four LTRs with COVID-19 (cases) and 48 controls were identified,
33993180,animal,False,prospective_cohort,Recipient blood was collected between 4 h and 10 d after transplantation,mechanistic_translational,False,,,na,,,
33980752,animal,False,other,mouse intrapulmonary tracheal transplantation (IPTT) model,mechanistic_translational,True,"Abatacept, which is a commercially available form of CTLA4-Ig, was intraperitoneally injected in recipient mice",Antibody / biologic,prevention,,,
34016620,human,True,retrospective_cohort,"For all consecutive LTx recipients (January 2012 to March 2018), freedom from chronic lung allograft dysfunction (CLAD) and graft survival were assessed",clinical_cohort,True,A virtual crossmatch-based strategy for perioperative desensitisation protocol,Not specified,prevention,,,
33961136,human,True,retrospective_cohort,Immunoreactivity against HLA was retrospectively analyzed,mechanistic_translational,False,,,na,31.0,Thirty-one consecutive patients who underwent deceased LTx were included,
34062125,human,True,registry,The United Network for Organ Sharing registry was queried,registry,False,,,na,,,
34130911,human,True,prospective_cohort,This multicenter cohort study monitored 148 lung transplant subjects over a median of 19.6 months.,clinical_cohort,False,,,na,148.0,monitored 148 lung transplant subjects,
34008917,human,True,other,multicenter cohort study,clinical_cohort,False,,,na,1616.0,"Of 1,616 SOTR with COVID-19",
33955079,human,True,prospective_cohort,prospectively evaluate the efficacy of extracorporeal photopheresis (ECP),clinical_cohort,True,Subjects from 10 lung transplant centres were assigned to ECP treatment or to observation,Extracorporeal photopheresis,treatment_established_clad,44.0,Of 44 enrolled subjects,
33994181,human,True,prospective_cohort,"Prospective, observational study of LTx patients.",clinical_cohort,False,,,na,76.0,Out of 76 post-LTx patients,
33936089,human,True,prospective_cohort,"This prospective, longitudinal study was performed at The Prince Charles Hospital, Australia.",mechanistic_translational,False,,,na,120.0,In total 231 bronchoscopies incorporating transbronchial brush and bronchial brush were performed in 120 patients.,
33999570,human,True,cross_sectional,A head-to-head comparison ... was performed,clinical_cohort,False,,,na,65.0,of 65 patients,
33848359,human,True,retrospective_cohort,We studied adult double lung transplant recipients from 2010 to 2016 for whom protocol 3-month post-transplant CT scans were available.,clinical_cohort,False,,,na,237.0,Of 237 patients studied,
33840162,human,True,prospective_cohort,In this prospective multicenter study,mechanistic_translational,False,,,na,,,
33942129,human,True,cross_sectional,Nineteen lung transplant patients ... were enrolled in the study,mechanistic_translational,False,,,na,19.0,Nineteen lung transplant patients,
33843792,human,True,retrospective_cohort,Adult patients who underwent LTx at our institution between 2016 and 2019 were included.,clinical_cohort,False,,,na,401.0,Of 401 LTx recipients,
33930357,human,True,registry,using linked United Network for Organ Sharing (UNOS) and Pediatric Health Information System (PHIS) data,registry,False,,,na,109.0,A total of 112 lung transplants were performed in 109 infants over 31 years.,
33933356,human,True,retrospective_cohort,assessed retrospectively,clinical_cohort,False,,,na,11.0,Bilateral lung transplantation for bronchiectasis were performed in eleven patients,
33839934,human,True,retrospective_cohort,single-center and retrospective cohort study,clinical_cohort,False,,,na,46.0,Forty-six patients underwent cadaveric lung transplantation,
33916034,human,True,cross_sectional,collected at the same time,mechanistic_translational,False,,,na,,,
33894269,mixed,False,other,CARL were induced by BALB/c → C57BL/6 mouse Tx under mild immunosuppression,mechanistic_translational,True,CD26 was inhibited by Vildagliptin,Other pharmacological,prevention,,,
33827576,human,True,retrospective_cohort,"This retrospective, single-centre cohort study",clinical_cohort,False,,,na,19.0,Nineteen patients underwent DLTx for LONIPCs of allo-HSCT,
33807615,human,True,prospective_cohort,A prospective cohort study,clinical_cohort,False,,,na,25.0,Twenty-five CLAD patients,
33863738,human,True,other,,mechanistic_translational,False,,,na,40.0,40 lung transplant recipients,
33804639,ex_vivo_human,False,other,lung tissues of OB affected patients,mechanistic_translational,False,,,na,,,
33988333,human,True,retrospective_cohort,We retrospectively reviewed the data of LTx procedures performed at our institution,clinical_cohort,False,,,na,1819.0,(n = 1819),
33956976,human,True,retrospective_cohort,This is a retrospective single-centre study,clinical_cohort,True,our preference for a combined lung-liver transplant was to transplant the liver first and then the lung,Surgical / procedural,prevention,357.0,among 357 patients with CF who underwent a lung transplant,
33656222,human,True,retrospective_cohort,Retrospective analysis of patients undergoing lung transplantation,clinical_cohort,False,,,na,341.0,A total of 341 patients underwent lung transplantation,
33781665,mixed,True,other,,mechanistic_translational,False,,,na,14.0,bronchoalveolar lavage from 14 CLAD and matched non-CLAD subjects,
33648871,human,True,retrospective_cohort,We reviewed the charts of patients who underwent single or double LT between January 2012 and December 2014,clinical_cohort,False,,,na,151.0,final n = 151,
33814284,human,True,prospective_cohort,This prospective cohort study recruited 99 lung transplant recipients,mechanistic_translational,False,,,na,99.0,recruited 99 lung transplant recipients,
33640121,animal,False,other,Lewis rat heart-lung blocs underwent 4 hours of ex vivo lung perfusion in 3 temperature groups,mechanistic_translational,True,Subnormothermic ex vivo lung perfusion at 25°C,Surgical / procedural,prevention,,,
33605204,human,True,retrospective_cohort,retrospectively analyzed patients with cystic fibrosis who were referred to our lung transplant program in Turkey,clinical_cohort,False,,,na,14.0,We evaluated 14 patients with cystic fibrosis,
33863302,human,True,retrospective_cohort,retrospective cohort study,clinical_cohort,False,,,na,55.0,Fifty-five recipients were included into the study,
33748410,human,True,retrospective_cohort,12-y experience ... single-center review,clinical_cohort,True,antithymocyte globulin (ATG) as second-line CLAD therapy,Induction agent,treatment_established_clad,76.0,Seventy-six patients received ATG for CLAD.,
33719597,human,True,other,This case series describes the efficacy of the Stretta procedure,clinical_cohort,True,Eleven patients underwent the Stretta procedure at our institution for GERD after lung transplant,Surgical / procedural,prevention,11.0,Eleven patients underwent the Stretta procedure,
33479107,human,True,retrospective_cohort,We retrospectively reviewed data from 112 patients,clinical_cohort,False,,,na,112.0,112 patients,
33569504,human,True,cross_sectional,This was a cross-sectional multicentre study,clinical_cohort,False,,,na,28.0,28 LT recipients were included,
33496558,human,True,retrospective_cohort,A retrospective study including all LTRs at the Johns Hopkins Hospital during July 2010-June 2019,clinical_cohort,False,,,na,84.0,Thirty-one HMPV- and 53 PIV-infected LTRs were identified.,
33532456,human,True,cross_sectional,,mechanistic_translational,False,,,na,38.0,38 unique lung transplantation recipients,
33515927,human,True,cross_sectional,Data of children post-HSCT with and without BOS were analyzed.,clinical_cohort,False,,,na,52.0,We studied: (i) 6 children post-HSCT/BOS; (ii) 6 children post-HSCT/no BOS; and (iii) 40 controls without lung disease.,
33473053,human,True,retrospective_cohort,We reviewed patients undergoing lung transplantation (LTx) between 2000 and 2016.,clinical_cohort,True,Cadaveric lobar lung transplantation (L-LTx),Surgical / procedural,na,370.0,"In all, 370 bilateral LTx were performed during the study period",
33460570,human,True,prospective_cohort,We prospectively studied a cohort of lung transplant recipients,mechanistic_translational,False,,,na,134.0,We analysed BALF from 134 patients,
33397442,human,True,rct,A randomized prospective clinical trial has been set up,trial,True,Treatment group will receive the new maintenance immunosuppression protocol based on low-dose tacrolimus and low-dose everolimus and the control group will receive our standard immunosuppression protocol.,mTOR inhibitor,prevention,110.0,One hundred ten patients will be randomized in two groups.,
33762606,human,True,other,,mechanistic_translational,False,,,na,,,
33315265,human,True,prospective_cohort,"Induced sputum samples were collected at 1, 3, 6, 12, and 24 months post-LuTx",clinical_cohort,False,,,prevention,36.0,in 36 patients,
33317956,human,True,cross_sectional,"from 10 patients with BOS, 11 stable lung transplant recipients, and 10 healthy age-matched controls",mechanistic_translational,False,,,na,31.0,"10 patients with BOS, 11 stable lung transplant recipients, and 10 healthy age-matched controls",
33560725,mixed,True,other,MSK1 expression was graded over time in biopsies from a cohort of CLAD patients,mechanistic_translational,True,"Pharmacological inhibition of MSK1 (H89, fasudil, PHA767491) was evaluated",Other pharmacological,treatment_established_clad,,,
33448479,mixed,True,retrospective_cohort,a retrospective study,mechanistic_translational,False,,,na,,,
33268593,animal,False,other,F1 → parent orthotopic lung transplant model,mechanistic_translational,False,,,na,,,
33506764,human,True,retrospective_cohort,We analyzed a prospectively maintained database of all lung donors procured by a single surgeon and transplanted at our institution between 2009 and 2018.,clinical_cohort,False,,,na,501.0,A total of 501 consecutive lung procurements were performed during the study period.,
33303550,mixed,False,other,,mechanistic_translational,False,,,na,,,
33217540,human,True,cross_sectional,We quantified C4d in broncho-alveolar lavage (BAL) of lung transplant patients with diverse post-transplant complications in 3 different settings,mechanistic_translational,False,,,na,,,
33351064,human,True,retrospective_cohort,We reviewed 8 cases with preformed DSAs to determine postoperative changes in DSAs and compared postoperative outcomes between recipients with and without DSAs.,clinical_cohort,False,,,na,216.0,"Between July 2010 and December 2019, 216 recipients underwent LTx",
33233857,human,True,retrospective_cohort,A retrospective study was performed,clinical_cohort,False,,,na,,,
33339555,mixed,True,other,,mechanistic_translational,False,,,na,,,
33187933,human,True,other,,mechanistic_translational,False,,,na,,,
33249747,mixed,False,other,,mechanistic_translational,False,,,na,,,
33439337,human,True,retrospective_cohort,retrospectively included,clinical_cohort,False,,,na,46.0,Forty-six SLT patients,
33146445,human,True,retrospective_cohort,This was a retrospective study among patients transplanted between 2012 and 2015,clinical_cohort,False,,,na,255.0,n = 255,
33129576,human,True,other,"single center, small cohort of lung transplant recipients",mechanistic_translational,False,,,na,42.0,Forty-two patients included in the study,
33078555,human,True,cross_sectional,We compared airway brush-derived transcriptomic signatures in CLAD (n = 24) versus non-CLAD (n = 21) LTRs.,mechanistic_translational,False,,,na,45.0,CLAD (n = 24) versus non-CLAD (n = 21) LTRs,
33244143,mixed,False,other,Heterotopic tracheal transplantation (HTT) mouse model was used to evaluate the effect of local GNP-HCIm administration by Alzet pump.,mechanistic_translational,True,GNP-HCIm treatment,Other pharmacological,prevention,,,
33071182,human,True,registry,Scientific Registry of Transplant Recipients,registry,False,,,na,20355.0,"Among all 20,355 included recipients",
33093763,human,True,cross_sectional,we analyzed its concentrations in lung transplantated patients (LTX),mechanistic_translational,False,,,na,26.0,26 LTX patients,
33171173,human,True,retrospective_cohort,This was a retrospective study of a prospectively maintained database,clinical_cohort,False,,,na,241.0,The study group included 241 LTs,
33057713,human,True,retrospective_cohort,We conducted a retrospective multicentre study.,clinical_cohort,False,,,na,674.0,Clinical records of 674 patients were extracted and collected from 13 lung transplant centres,
33062840,mixed,True,other,,mechanistic_translational,False,,,na,7.0,We analyzed 7 HLA-DR15neg patients,
33025592,human,True,retrospective_cohort,A retrospective single-center cohort study was performed,clinical_cohort,False,,,na,1440.0,from 1440 patients,
33717427,human,True,retrospective_cohort,We retrospectively evaluated the 12-month follow-up,clinical_cohort,True,lung-transplanted patients switched to everolimus,mTOR inhibitor,treatment_established_clad,26.0,We included 26 patients,
33008353,human,True,cross_sectional,The cross-sectional study was conducted for consecutive LTX recipients,clinical_cohort,False,,,na,93.0,Sensitization was reviewed in 93 LTX recipients,
33033147,mixed,False,other,Lineage-tracing tools were used to track or deplete potential sources of myofibroblasts in the heterotopic tracheal transplantation model.,mechanistic_translational,True,Ablation of Cx3cR1+ cells decreased fibro-obliteration,Other,na,,,
32941392,human,True,retrospective_cohort,"single-center, retrospective cohort study",clinical_cohort,False,,,na,199.0,in 199 lung transplant recipients,
33550369,animal,False,other,,mechanistic_translational,True,Mice received daily injections of everolimus (0.05 mg/kg) alone or combined with clopidogrel (1 mg/kg).,mTOR inhibitor,prevention,,,
33041181,human,True,retrospective_cohort,We studied double lung recipients transplanted between 2004 and 2016.,clinical_cohort,True,Azithromycin prophylaxis (AP),Azithromycin / macrolide,prevention,445.0,A total of 445 patients were included,
32949050,human,True,other,,clinical_cohort,False,,,na,59.0,MPA area under the plasma concentration-time curve (AUC) was calculated in 59 adult lung transplant recipients,
32898329,animal,False,other,in vivo,mechanistic_translational,True,the effects of mir-27a-3p on regulating DCs as well as resulting effects on BO attenuation have been investigated,Other pharmacological,na,,,
32890135,human,True,other,,mechanistic_translational,False,,,na,,,
32917480,human,True,retrospective_cohort,A total of 295 SLTX recipients were analyzed,clinical_cohort,False,,,na,224.0,Of 224 lung transplant recipients,
32913585,human,True,prospective_cohort,"Post-LTx recipients with stages IIIB-V CRD were treated with monthly intravenous infusion of BSX 20 mg. They were analyzed for creatinine clearance at 1, 3, 6, and 12 months",clinical_cohort,True,treated with monthly intravenous infusion of BSX 20 mg,Antibody / biologic,na,9.0,9 LTx recipients were treated with BSX for ≥6 months,
33039145,human,True,retrospective_cohort,A retrospective descriptive audit of 12 LTx recipients,clinical_cohort,True,received rescue ECP for CLAD,Extracorporeal photopheresis,treatment_established_clad,12.0,12 LTx recipients,
32754722,human,True,other,this cohort,mechanistic_translational,False,,,na,,,
32885581,human,True,other,in this cohort,mechanistic_translational,False,,,na,,,
32725047,human,True,retrospective_cohort,Clinical pre- and post-transplant data from 83 consecutive patients with pulmonary fibrosis who underwent lung transplant at our centre were collected retrospectively.,clinical_cohort,False,,,na,83.0,83 consecutive patients,
32827713,human,True,retrospective_cohort,A 9-year retrospective multicentre cohort study,clinical_cohort,True,Ribavirin treatment and azithromycin prophylaxis did not prevent FEV1 decline,Azithromycin / macrolide,prevention,77.0,RSV infection was confirmed in 77 of 424 lung transplant recipients,
32771440,human,True,cross_sectional,We performed pairwise comparisons between patient groups,mechanistic_translational,False,,,na,,,
32853567,human,True,retrospective_cohort,"From 2006 to 2017, 1039 adults underwent primary lung transplantation at Cleveland Clinic",clinical_cohort,False,,,na,1039.0,1039 adults underwent primary lung transplantation,
32732852,human,True,retrospective_cohort,We retrospectively reviewed adult patients transplanted consecutively between November 2004 and August 2015.,clinical_cohort,True,The exposure was any opioid use at time of transplant listing,Other pharmacological,na,425.0,The prevalence of opioid use at time of listing was 14% (61/425).,
32608204,human,True,registry,using nationwide multicenter registry data,registry,False,,,na,103.0,This study included 103 patients,
32711032,human,True,retrospective_cohort,We retrospectively included all recipients transplanted in our center between 2009 and 2014.,mechanistic_translational,False,,,na,103.0,103 patients were included,
32707293,mixed,False,other,immunization of C57BL/6 mice with exosomes induced obliterative airway disease,mechanistic_translational,False,,,na,,,
32596573,human,True,cross_sectional,,mechanistic_translational,False,,,na,,,
32601414,human,True,retrospective_cohort,single-center retrospective cohort study of 58 recipients of bilateral LDLLT,clinical_cohort,False,,,na,58.0,of 58 recipients of bilateral LDLLT,
32981841,human,True,retrospective_cohort,We retrospectively analyzed DSA characteristics and outcomes in a single-center cohort of 582 LTRs,mechanistic_translational,False,,,na,582.0,a single-center cohort of 582 LTRs,
32595425,human,True,retrospective_cohort,single-center retrospective analysis,clinical_cohort,True,adding ECP to established AMR treatments,Extracorporeal photopheresis,na,16.0,Sixteen patients received ECP as an add-on therapy,
32667678,human,True,cross_sectional,"single-centre, cross-sectional study",clinical_cohort,False,,,na,84.0,Eighty-four subjects (46.4% female),
32551854,mixed,False,other,,mechanistic_translational,False,,,na,,,
32713614,human,True,retrospective_cohort,Exosomes were isolated retrospectively from plasma,mechanistic_translational,False,,,prevention,71.0,at diagnosis of BOS and at 6 and 12 months before the diagnosis (nd41) and from stable time-matched controls (nd30),
32487471,human,True,retrospective_cohort,retrospective cohort of patients with and without GERD,clinical_cohort,True,before and after Nissen fundoplication anti-reflux surgery,Antireflux surgery,prevention,,,
32519458,human,True,prospective_cohort,observational cohort study,clinical_cohort,False,,,na,219.0,n = 219,
32593560,human,True,retrospective_cohort,We retrospectively reviewed our local state-based donation organization records and subsequent LTx recipient outcomes.,clinical_cohort,False,,,na,304.0,"Between 2014 and 2018, 304 LTxs were performed",
32577419,human,True,prospective_cohort,This was a single-centre prospective cohort study.,clinical_cohort,False,,,na,98.0,Telomere lengths were available for 98 out of 215 (45.6%) recipients,
32451618,human,True,retrospective_cohort,A retrospective analysis was performed,clinical_cohort,True,shoulder arthroplasty,Surgical / procedural,na,12.0,we identified 12 patients,
32541091,mixed,False,other,murine heterotopic tracheal transplantation model,mechanistic_translational,True,inhibiting PLK1 alleviates OB in vivo,Other pharmacological,treatment_established_clad,,,
32444157,human,True,retrospective_cohort,Peri-operative and follow-up results from our database and patient charts were analyzed.,clinical_cohort,True,using intraoperative ECMO in isolated lung transplantation,Surgical / procedural,na,1161.0,"In total, 311 of 1,161 lung transplant recipients (27%) received intraoperative ECMO",
33065051,human,True,retrospective_cohort,single-center retrospective cohort analysis,clinical_cohort,False,,,na,740.0,Of the 740 patients included in this study,
32381491,human,True,retrospective_cohort,We reviewed lung allograft biopsies from 468 patients who underwent lung transplantation at the University Hospitals Leuven (2011-2017).,clinical_cohort,False,,,na,468.0,from 468 patients who underwent lung transplantation,
32352712,human,True,retrospective_cohort,retrospectively included,clinical_cohort,False,,,na,93.0,Ninety-three patients,
32360292,human,True,other,,mechanistic_translational,False,,,na,154.0,BAL obtained at CLAD onset (n77) and CLAD-free time post-transplant matched controls (n77),
32471935,human,True,retrospective_cohort,retrospectively classified,clinical_cohort,True,successful P. aeruginosa eradication following targeted antibiotic treatment,Other pharmacological,prevention,,,
32369682,human,True,retrospective_cohort,"Medical charts of 526 children undergoing HSCT in Frankfurt/Main, Germany between 2000 and 2017 were analyzed retrospectively",clinical_cohort,False,,,na,526.0,526 children undergoing HSCT,
32449200,human,True,retrospective_cohort,We retrospectively analyzed 10 years of PV/PMV infections in LTRs.,clinical_cohort,True,Associations were estimated on postinfection FEV1 for ribavirin vs no ribavirin,Other pharmacological,na,,,
32342596,human,True,prospective_cohort,enrolled 800 lung transplant recipients at 5 North American centers over 3 years,methods_or_review,False,,,na,800.0,enrolled 800 lung transplant recipients,
32279657,human,True,cross_sectional,"Fresh whole blood samples were analyzed from 42 lung transplant recipients, including 17 with bronchiolitis obliterans syndrome; samples from these groups were compared with 10 age-matched healthy control samples.",mechanistic_translational,False,,,na,52.0,"Fresh whole blood samples were analyzed from 42 lung transplant recipients, including 17 with bronchiolitis obliterans syndrome; samples from these groups were compared with 10 age-matched healthy control samples.",
32244997,animal,False,other,using transgenic mice,mechanistic_translational,False,,,na,,,
32192319,human,True,retrospective_cohort,All data were retrospectively collected.,clinical_cohort,True,a cohort of nine CLAD patients treated with pirfenidone,Antifibrotic,treatment_established_clad,9.0,a cohort of nine CLAD patients,
32195326,human,True,rct,"single site, parallel group randomized clinical trial",trial,True,telephone-delivered coping skills training combined with aerobic exercise (CSTEX),Other pharmacological,prevention,150.0,150 lung transplant recipients,
32473604,human,True,prospective_cohort,Secondary analysis from a prospective cohort study.,clinical_cohort,False,,,na,58.0,Fifty-eight consecutive LT patients were enrolled.,
32170813,human,True,retrospective_cohort,"Retrospective cohort of 241 CMV (D+/R-) patients transplanted between January 1, 2008, and December 31, 2017.",clinical_cohort,True,We compared the incidence and timing of CMV infection and disease up to 6 months after cessation of prophylaxis between patients who received 9 months (May 2013 onwards) and a historical control group who received 6 months of prophylaxis (prior to May 2013).,CMV prophylaxis / antiviral,prevention,241.0,"Retrospective cohort of 241 CMV (D+/R-) patients transplanted between January 1, 2008, and December 31, 2017.",
32154282,human,True,other,,clinical_cohort,False,,,na,59.0,we performed high-resolution HLA analysis on 59 patients,
32169022,mixed,False,other,In-vivo studies were used... In-vitro studies were used...,mechanistic_translational,True,the application of nintedanib significantly decreased the number of TGM-2 positive cells,Antifibrotic,treatment_established_clad,,,
32224013,human,True,retrospective_cohort,We analyzed through a retrospective study our first 75 cases of cryobiopsies for surveillance purposes in lung allograft recipients.,clinical_cohort,True,TCB compared with conventional forceps biopsy,Surgical / procedural,na,54.0,TCBs were performed in 54 lung transplanted patients,
32250877,ex_vivo_human,False,other,,mechanistic_translational,False,,,na,14.0,"lung tissue biopsies taken from patients at 3, 6 and 12 months after lung transplantation (n = 14)",
32150039,human,True,retrospective_cohort,"single-center, retrospective, cohort study",clinical_cohort,False,,,na,809.0,The cohort consisted of 809 patients,
32418864,human,True,retrospective_cohort,"single-center, retrospective cohort study",clinical_cohort,False,,,na,174.0,Among the 174 subjects with CLAD,
32148103,human,True,retrospective_cohort,were retrospectively analyzed,clinical_cohort,False,,,na,175.0,n=175,
32430205,human,True,retrospective_cohort,Retrospective study of patients undergoing LR (1990-2019).,clinical_cohort,False,,,treatment_established_clad,25.0,25 patients,
32147452,human,True,retrospective_cohort,A retrospective analysis of the prospectively collected Toronto Lung Transplant database was carried out.,clinical_cohort,False,,,na,364.0,364 (19.3%) were CF recipients,
32091450,human,True,retrospective_cohort,This was a retrospective cohort study of lung transplant recipients,clinical_cohort,False,,,na,51.0,Fifty-one subjects,
32053220,human,True,other,,mechanistic_translational,False,,,na,,,
31985728,ex_vivo_human,False,other,,mechanistic_translational,True,repair assessed (±) azithromycin (1 µg/mL),Azithromycin / macrolide,treatment_established_clad,,,
32151388,human,True,cross_sectional,A solitary HREMpH study had 60.0% sensitivity and 37.5% specificity,clinical_cohort,False,,,na,13.0,Of the 13 HREMpH cases,
32033844,mixed,False,cross_sectional,Serum samples were collected from lung transplant recipients with symptomatic lower- and upper-tract respiratory viral infections and from non-symptomatic stable recipients.,mechanistic_translational,False,,,na,67.0,(n 35) as compared with stable controls (n 32),
32034974,human,True,retrospective_cohort,CT scans were obtained retrospectively from 72 HCT recipients,mechanistic_translational,False,,,na,72.0,from 72 HCT recipients,
32093612,human,True,other,Patients ... were classified into three groups,clinical_cohort,False,,,na,99.0,Among 99 included lung recipients,
31911058,human,True,retrospective_cohort,,clinical_cohort,False,,,na,288.0,A total of 288 double lung transplants surviving more than 3 months after transplant were included.,
31900671,human,False,other,The goal of this article is to review,methods_or_review,False,,,na,,,
31958356,human,True,other,single-center study,clinical_cohort,False,,,na,268.0,A total of 268 (44%) patients developed CLAD,
31909902,human,True,retrospective_cohort,Records of pediatric (<18 years old) patients transplanted at our institution between 01/2013 and 03/2019 were reviewed.,clinical_cohort,True,successive infusions of intravenous human immunoglobulins (IVIG),Antibody / biologic,na,66.0,66 lung-transplanted pediatric patients were included,
31929536,human,True,cross_sectional,Levels of KL-6 in serum and BALF were measured in 73 bilateral LT recipients,mechanistic_translational,False,,,na,73.0,measured in 73 bilateral LT recipients,
33209382,human,True,retrospective_cohort,All 454 adult lung transplants at our center between 1992-2015 were included to develop a new score.,clinical_cohort,False,,,na,454.0,All 454 adult lung transplants,
31903646,human,True,retrospective_cohort,In this retrospective study,clinical_cohort,False,,,na,724.0,"During the study period, 724 (71%) patients were included into the study.",
31929420,animal,False,other,,mechanistic_translational,True,airway instillation of LPS,Aerosolised / inhaled other,na,,,
32097721,mixed,True,other,,mechanistic_translational,False,,,na,,,
31846463,human,True,retrospective_cohort,Cut-off values for good vs. suboptimal adherence were defined retrospectively.,clinical_cohort,False,,,na,427.0,adherence was assessed in 427 patients undergoing lung transplantation,
31794120,human,True,retrospective_cohort,We reviewed the charts of 375 lung transplant recipients,clinical_cohort,False,,,na,375.0,375 lung transplant recipients,
31836403,human,True,other,We included 51 patients with SLTx,clinical_cohort,False,,,na,51.0,We included 51 patients with SLTx,
31812487,human,True,rct,previously conducted randomized placebo-controlled trial with azithromycin,mechanistic_translational,True,azithromycin therapy,Azithromycin / macrolide,prevention,69.0,from 69 LTx recipients,
32146023,human,True,cross_sectional,Fresh whole-blood samples were analyzed from 44 LTx patients,mechanistic_translational,False,,,na,44.0,44 LTx patients,
31729820,human,True,retrospective_cohort,We retrospectively reviewed consecutive 145 LT recipients between 1998 and 2015,clinical_cohort,False,,,na,145.0,consecutive 145 LT recipients,
31807920,human,True,retrospective_cohort,Comparing baseline (6 months post-LTx) and follow-up,mechanistic_translational,False,,,na,16.0,in 16 cystic fibrosis (CF) LTx recipients,
31687370,human,True,rct,A 48-week phase IIb randomised clinical trial was conducted,trial,True,Inhaled liposomal cyclosporine (L-CsA),Inhaled ciclosporin,treatment_established_clad,21.0,in 21 lung transplant patients with BOS,
31821885,human,True,other,single-center cohort,clinical_cohort,False,,,na,2941.0,In a single-center cohort of 2941 allo-HCT recipients,
31673366,human,True,rct,initial randomised placebo-controlled trial,trial,True,Long-term treatment with azithromycin slows down the progression of BOS,Azithromycin / macrolide,treatment_established_clad,45.0,(n=45),
31672218,human,True,registry,large-scale national registry study,registry,True,simultaneous heart and/or lung transplantation (HLTx),Surgical / procedural,prevention,98310.0,"Of the 98,310 patients reviewed",
31815320,human,True,retrospective_cohort,"A retrospective, single center analysis was performed",clinical_cohort,True,effects of post-transplant tracheostomy on survival and bronchiolitis obliterans syndrome,Surgical / procedural,na,352.0,with complete data for 352 cases,
31682980,human,True,retrospective_cohort,In a retrospective study of patients with BOS from 2 large allograft centers,clinical_cohort,True,azithromycin exposure after BOS diagnosis,Azithromycin / macrolide,treatment_established_clad,316.0,Among 316 patients,
31665560,mixed,True,other,,mechanistic_translational,False,,,na,,,
31616421,human,True,other,,mechanistic_translational,False,,,na,144.0,144 patient-donor pairs,
31687369,human,True,retrospective_cohort,retrospectively included 39 pregnancies in 35 women,clinical_cohort,False,,,na,35.0,39 pregnancies in 35 women,
31612514,human,True,retrospective_cohort,retrospectively analysed for all patients undergoing primary LTx,clinical_cohort,False,,,na,,,
31583875,human,True,retrospective_cohort,Their medical records were retrospectively reviewed.,clinical_cohort,False,,,na,60.0,we identified 60 adult patients,
31596484,human,True,retrospective_cohort,This retrospective cohort single-center study was conducted,clinical_cohort,True,donor lungs undergoing EVLP,Surgical / procedural,prevention,936.0,among 706 recipients of donor lungs not undergoing EVLP and 230 recipients of donor lungs undergoing EVLP,
31637252,human,True,cross_sectional,performed sulfur hexafluoride MBW in triplicate on a single occasion,clinical_cohort,False,,,na,51.0,51 stable adult double-lung transplant recipients,
31547869,mixed,False,other,in mouse orthotopic airway allografts,mechanistic_translational,True,iPSC-derived MSC treatment,Cell therapy,prevention,,,
31613800,human,True,other,,clinical_cohort,False,,,na,1450.0,"in 321 lung allograft recipients at a single institution and in 1,129 lung allograft recipients in the multicenter Lung Transplant Outcomes Group (LTOG) cohort",
31494969,human,True,retrospective_cohort,The charts of lung transplant patients treated with rATG at Barnes-Jewish Hospital from 2009 to 2016 were retrospectively reviewed.,clinical_cohort,True,Cytolytic therapy with rabbit antithymocyte globulin (rATG),Other pharmacological,treatment_established_clad,108.0,108 patients were included in this study,
31524312,human,True,other,we developed a method for measuring CTPS activity in human lymphocytes,mechanistic_translational,False,,,na,,,
31526864,human,True,prospective_cohort,submitted to an immunological follow up,mechanistic_translational,False,,,na,117.0,117 lung Tx recipients,
31463961,human,True,prospective_cohort,Thirty adult patients ... were consecutively enrolled to undergo 1 ECP procedure,clinical_cohort,True,using the new COM.TEC software 04.03.08c for MNC collection,Extracorporeal photopheresis,na,30.0,Thirty adult patients,
31468277,animal,False,other,,mechanistic_translational,True,administered hydrogen water (10 ppm) or tap water (control group),Other pharmacological,prevention,,,
31452017,animal,False,other,in mice with OB after orthotopic tracheal transplantation,mechanistic_translational,False,,,na,,,
31461151,human,True,registry,analyzed United Network for Organ Sharing (UNOS) data,registry,True,sirolimus plus tacrolimus vs mycophenolate mofetil plus tacrolimus,mTOR inhibitor,prevention,9019.0,Among this population of 9019 patients,
31403087,human,False,other,This review describes how airway tissue hypoxia evolves in lung transplantation,methods_or_review,False,,,na,,,
31397939,human,True,retrospective_cohort,"The cohort was drawn from all consecutive adult, first, bilateral lung transplantations performed between 1999 and 2017.",clinical_cohort,False,,,na,,,
31434713,human,True,retrospective_cohort,"retrospective, descriptive, population-based study",clinical_cohort,False,,,na,63.0,63 (9%) underwent transplantation,
31381371,human,True,retrospective_cohort,"Retrospective, descriptive.",clinical_cohort,False,,,na,80.0,80,
31568272,animal,False,other,The lungs of Lewis rats were procured using either the BACS approach... or a conventional approach,mechanistic_translational,True,bronchial-arterial-circulation-sparing (BACS) lung preservation approach,Surgical / procedural,prevention,,,
31435872,human,True,retrospective_cohort,Retrospective chart reviews were performed,clinical_cohort,True,combination therapy including rituximab,Antibody / biologic,prevention,8.0,eight (4.1%) were eligible for this study,
31651733,human,True,cross_sectional,"SIRT1 were measured in blood T, natural killer T-like cell (NKT-like), and natural killer (NK) cells from patients with BOS (n = 10), stable lung transplant patients (n = 11), and healthy aged-matched controls (n = 10)",mechanistic_translational,False,,,na,31.0,"patients with BOS (n = 10), stable lung transplant patients (n = 11), and healthy aged-matched controls (n = 10)",
31346003,human,True,prospective_cohort,prospective cohort study enrolled all lung transplant adults,clinical_cohort,False,,,na,153.0,153 lung transplant recipients,
31343572,human,True,retrospective_cohort,"This retrospective cohort was drawn from all consecutive adult, first LTxs performed between 2006 and 2011.",clinical_cohort,False,,,na,137.0,"114 bilateral LTx recipients (66 with CLAD and 48 stable) and 23 single LTx recipients (11 with CLAD, 12 stable) were included in the analysis.",
31305014,human,True,prospective_cohort,remained stable over 3 years of follow-up,mechanistic_translational,False,,,na,,,
31696925,human,True,retrospective_cohort,single-center retrospective cohort study,clinical_cohort,True,tacrolimus therapeutic drug monitoring via LC-MS,Other,prevention,184.0,82 subjects monitored by LC-MS and 102 subjects monitored by IA,
31303417,human,True,retrospective_cohort,"Between November 1997 and December 2013, 42 patients with CF and 33 patients with non-CF bronchiectasis underwent lung transplantation at the Rabin Medical Center, Israel. We analyzed and compared pretransplant evaluation data and short- and long-term results in both groups.",clinical_cohort,False,,,na,75.0,42 patients with CF and 33 patients with non-CF bronchiectasis underwent lung transplantation,
31296434,animal,False,rct,This an experimental randomized study.,mechanistic_translational,True,bone-marrow derived stem cells (BMSCs) as a preventive intervention,Cell therapy,prevention,,,
31439680,human,True,cross_sectional,,mechanistic_translational,False,,,na,,,
31708988,human,True,other,,clinical_cohort,False,,,treatment_established_clad,,,
31365766,animal,False,other,a mouse orthotopic LT model,mechanistic_translational,True,B cell depletion,Antibody / biologic,na,,,
31278878,human,True,retrospective_cohort,retrospective two-center study,clinical_cohort,True,indefinite lifelong HCMV prophylaxis with oral valganciclovir,CMV prophylaxis / antiviral,prevention,133.0,a cohort of 133 lung transplant recipients,
31301968,human,True,retrospective_cohort,describes the controlled DCD and pLTx activity and outcomes since 2006,clinical_cohort,True,controlled donation after circulatory death (DCD) donor lungs,Surgical / procedural,na,40.0,Forty pLTx have been performed since 2006,
31452317,human,True,retrospective_cohort,We evaluated a retrospective cohort of 228 adult lung transplant recipients between 2008 and 2013,clinical_cohort,True,GCSF treatment,Other pharmacological,na,228.0,retrospective cohort of 228 adult lung transplant recipients,
31300191,human,True,prospective_cohort,international cohort study of LTRs,clinical_cohort,False,,,na,747.0,A total of 747 LTRs were included,
31271742,human,True,registry,We queried the 2007 to 2018 United Network for Organ Sharing Registry,registry,False,,,na,19721.0,"In total, 19,721 donors and recipients met inclusion criteria",
31227795,human,True,prospective_cohort,"prospective, single center study",mechanistic_translational,False,,,na,78.0,78 recipients were enrolled,
31278849,animal,False,other,Using an established model of C57BL/10 to C57BL/6 minor antigen mismatched single lung transplantation,mechanistic_translational,True,Treatment with broad-spectrum antibiotics decreases Tregs and increases both acute and chronic graft rejection,Other pharmacological,prevention,,,
31249568,human,True,other,,clinical_cohort,False,,,na,158.0,"The SNPs of FCGR2A ([131R/H], rs1801274) and FCGR3A ([158V/F], rs396991) were identified in 158 LTRs and 184 Controls (CTL).",
31216376,human,True,prospective_cohort,We followed 61 pediatric lung transplant recipients for 2+ years or until they met a composite primary endpoint,clinical_cohort,False,,,na,61.0,We followed 61 pediatric lung transplant recipients,
31262311,human,True,retrospective_cohort,10-year follow-up comparing the outcomes of lung transplantations performed at our clinic using EVLP lungs vs. conventional lungs,clinical_cohort,True,marginal donor lungs assessed and reconditioned by Ex Vivo Lung Perfusion (EVLP),Surgical / procedural,prevention,21.0,"Between 2006 and 2007, 21 patients (6 EVLP, 15 conventional) underwent double lung transplantation",
31286560,human,True,retrospective_cohort,descriptive analysis of all non-IPF ILD patients who underwent lung transplantation in our center between July 1991 and November 2016,clinical_cohort,False,,,na,129.0,(n = 129),
31159656,human,True,retrospective_cohort,"Two-center, retrospective, cohort study",clinical_cohort,False,,,na,44.0,conducted in 44 patients with cystic fibrosis,
31183172,human,True,retrospective_cohort,A retrospective analysis of iPAH patients that received LTx between January 2007 and May 2014 was performed.,clinical_cohort,True,We evaluated the role of ECLS in the management of severe iPAH patients as a bridge to LTx as well as post LTx support.,Surgical / procedural,na,15.0,15 patients had iPAH as a cause of end-stage lung disease,
31389633,human,True,registry,United Network for Organ Sharing registry database,registry,False,,,na,361.0,Three hundred sixty-one patients received a lung transplant between 1989 and 2005,
31164432,human,True,other,single-centre study,mechanistic_translational,False,,,na,345.0,in 345 consecutive recipients,
31152559,human,True,registry,using the International Society for Heart and Lung Transplantation Registry,registry,False,,,na,38498.0,We assessed 38 498 recipients,
31333768,human,True,retrospective_cohort,This retrospective study included patients who underwent lung transplantation at Seoul National University Hospital between 2006 and 2016.,clinical_cohort,False,,,na,43.0,A total of 43 patients received bilateral lung transplantation.,
31080450,human,True,cross_sectional,We assessed phenotype and frequency of MDSCs in peripheral blood from lung transplant recipients,mechanistic_translational,False,,,na,24.0,4 control subjects and 20 lung transplant patients,
31026404,human,True,retrospective_cohort,This was a single-center retrospective cohort study.,clinical_cohort,True,a protocol for transplantation for candidates with pretransplant DSA,Other pharmacological,prevention,203.0,Of the 203 included recipients,
31034639,human,True,retrospective_cohort,were retrospectively reviewed,clinical_cohort,True,compare the impact of telehealth vs in-person follow-up,Surgical / procedural,na,204.0,Of eligible patients (n = 204),
31022070,human,True,retrospective_cohort,We retrospectively identified 84 consecutive lung transplant recipients and 13 donors,clinical_cohort,False,,,na,84.0,84 consecutive lung transplant recipients,
31101209,human,True,retrospective_cohort,Data were analyzed retrospectively.,clinical_cohort,False,,,na,62.0,a total of 62 lung transplants were performed,
31122726,human,True,other,,mechanistic_translational,False,,,na,219.0,BAL CPs from 219 lung transplant recipients,
31134705,human,True,retrospective_cohort,Retrospective.,mechanistic_translational,False,,,na,62.0,62 lung transplantation recipients were included in the study,
30978332,human,True,retrospective_cohort,The study cohort consisted of 262 PF lung transplant recipients previously genetically characterized by whole exome sequencing.,clinical_cohort,False,,,na,262.0,The study cohort consisted of 262 PF lung transplant recipients,
30990794,animal,False,other,In the lung transplant setting,mechanistic_translational,False,,,na,,,
31084354,human,True,retrospective_cohort,The records of patients with LAM transplanted at our institution between February 1997 and May 2015 were reviewed retrospectively.,clinical_cohort,False,,,na,25.0,"During the study period, 25 patients underwent lung transplantation for LAM.",
30992538,human,True,retrospective_cohort,We performed a retrospective cohort study of 275 lung transplant recipients,clinical_cohort,False,,,na,275.0,275 lung transplant recipients,
30819647,mixed,False,other,pre-clinical investigation,mechanistic_translational,False,,,na,,,
30849195,human,True,other,two partially overlapping lung transplant recipient cohorts,mechanistic_translational,False,,,na,24.0,totaling 48 samples from 24 subjects,
31002407,human,True,retrospective_cohort,single-center retrospective cohort study,mechanistic_translational,False,,,na,45.0,"BALs were obtained from 26 patients with established CLAD (10 RAS, 16 BOS) and 19 long-term CLAD-free controls",
30924986,human,True,retrospective_cohort,We reviewed outcomes in subjects with M abscessus infection who underwent lung transplantation between 2010 and 2018,clinical_cohort,False,,,na,7.0,five of the seven remained culture-positive at the time of transplant,
30884067,human,True,other,,clinical_cohort,False,,,na,137.0,Of 137 LTs,
30955963,mixed,False,other,humanized mouse model,mechanistic_translational,True,enriching for CD4+CD25high T cells,Cell therapy,prevention,22.0,donor lungs (n = 22),
30817023,human,False,other,"updated guidelines ... review the diagnosis, prevention, and management",methods_or_review,False,,,na,,,
30852096,human,True,retrospective_cohort,A retrospective analysis was performed on all pediatric lung transplantations,clinical_cohort,True,utilizing extended criteria donor organs in pediatric lung transplantation,Surgical / procedural,na,57.0,A total of 57 pediatric lung transplantations were performed,
30793380,human,True,retrospective_cohort,retrospective cohort study,clinical_cohort,True,diverticular-related surgery,Surgical / procedural,na,158.0,Of 17 of 158 patients,
30781765,human,True,other,A total of 60 BAL samples ... were collected from 60 unique lung transplant patients,mechanistic_translational,False,,,na,60.0,60 unique lung transplant patients,
30790054,human,True,retrospective_cohort,We conducted a retrospective review of the data of 97 recipients of bilateral lung transplantation,clinical_cohort,True,living-donor lobar lung transplantation (LDLLT) and cadaveric lung transplantation (CLT),Surgical / procedural,prevention,97.0,97 recipients of bilateral lung transplantation,
30726919,human,True,retrospective_cohort,"retrospective, single-institution experience",clinical_cohort,True,extracorporeal membrane oxygenation (ECMO) as a bridge to a retransplant,Surgical / procedural,na,230.0,A total of 230 patients,
30735591,human,True,retrospective_cohort,Single-center retrospective study,clinical_cohort,True,heart-lung (HLT) versus double-lung (DLT) transplantation,Surgical / procedural,prevention,68.0,38 HLT-30 DLT,
30781848,human,True,cross_sectional,,mechanistic_translational,False,,,na,,,
30706940,animal,False,other,used an orthotopic left lung transplantation model,mechanistic_translational,True,"the effect of the receptor tyrosine kinase inhibitor (RTKI) vatalanib alone, the dual combination of vatalanib and imatinib and a triple therapy consisting of vatalanib, imatinib and the mammalian target of rapamycin inhibitor (mTORI) everolimus",mTOR inhibitor,prevention,,,
30849233,animal,False,other,two types of rat lung transplantation,mechanistic_translational,True,Cyclosporine (CsA) and/or trametinib were administered alone or consecutively.,Other pharmacological,prevention,,,
30712278,human,True,retrospective_cohort,a retrospective study,clinical_cohort,False,,,na,1085.0,1085 recipients of donor lungs without pulmonary arterial embolism,
30801550,animal,False,other,We orthotopically transplanted C57Bl/6 (H-2) tracheas into CBA.J (H-2) recipients,mechanistic_translational,True,received clopidogrel (1 mg/kg),Other pharmacological,prevention,,,
30663812,human,True,retrospective_cohort,single-centre retrospective analysis,clinical_cohort,False,,,na,583.0,"In total, 583/713 (82%) patients were included in the analysis.",
30728330,animal,False,other,a long-term murine orthotopic LTx model,mechanistic_translational,True,"selective inhibition of the follicle-organizing receptor EBI2, using genetic deletion or pharmacologic inhibition",Other pharmacological,prevention,,,
30692045,human,True,prospective_cohort,"This multicenter, prospective cohort study enrolled 106 subjects",clinical_cohort,False,,,na,106.0,enrolled 106 subjects,
30660547,human,True,prospective_cohort,Prospective Histologically Validated Study,clinical_cohort,False,,,na,,,
30645645,human,True,retrospective_cohort,retrospective analysis,clinical_cohort,True,Alemtuzumab induction therapy followed by reduced maintenance immunosuppression,Induction agent,prevention,446.0,446 patients with a complete follow-up were included,
30686699,human,True,rct,"A prospective, randomized, double-blind, placebo-controlled trial",trial,True,pre-transplant and prompt post-transplant azithromycin treatment,Azithromycin / macrolide,prevention,68.0,"In each arm, 34 patients, transplanted between October 2013 and October 2015, were included for analysis.",
30638839,human,True,retrospective_cohort,We performed a retrospective study,clinical_cohort,True,treated for at least 3 months with montelukast for progressive CLAD,Montelukast,treatment_established_clad,153.0,A total of 153 patients with CLAD,
30705675,human,True,retrospective_cohort,,mechanistic_translational,False,,,na,144.0,A total of 144 patients and matched donors were included,
30617600,animal,False,other,murine heterotopic tracheal transplantation (HTT) model,mechanistic_translational,True,T-cell-specific overexpression of SOCS3,Other pharmacological,prevention,,,
30636056,human,True,retrospective_cohort,We reviewed 158 transbronchial biopsies (TBBs),clinical_cohort,False,,,na,48.0,from 48 recipients,
30543859,animal,False,other,Animals were divided into three groups (n = 8),mechanistic_translational,True,intraperitoneal administration of pioglitazone,Other pharmacological,prevention,,,
30534589,human,True,retrospective_cohort,"retrospective single-center, observational study using prospectively collected data",clinical_cohort,False,,,na,58.0,A total of 58 patients who underwent bilateral LDLLT from August 2008 to February 2017 were analyzed,
30615259,human,True,rct,"A prospective, randomized, open-label, 12-month multicenter trial was conducted",trial,True,patients received everolimus ... with reduced CNI,mTOR inhibitor,prevention,130.0,130 were randomized,
30608429,human,True,retrospective_cohort,This retrospective study included 910 patients undergoing allogeneic HSCT between 2005 and 2013 at our institution.,clinical_cohort,False,,,na,910.0,included 910 patients undergoing allogeneic HSCT,
30537897,human,True,retrospective_cohort,single-center retrospective cohort study,clinical_cohort,True,on-demand intravenous IgG,Antibody / biologic,prevention,484.0,Recipients included 484,
30561555,human,True,prospective_cohort,We performed a prospective cohort study (2009-2014),clinical_cohort,False,,,na,98.0,"Overall, 98 patients",
30723292,ex_vivo_human,False,other,"Inflated explant lungs ... were compared with lungs ... and control lungs using a combination of CT, microCT, and histology",mechanistic_translational,False,,,na,6.0,n = 6 per group,
30534595,human,True,retrospective_cohort,Of included 684 lung transplants performed at the Houston Methodist Hospital between January 2009 and December 2015,clinical_cohort,True,lung ReTX,Surgical / procedural,treatment_established_clad,684.0,Of included 684 lung transplants performed at the Houston Methodist Hospital between January 2009 and December 2015,
30496383,human,True,retrospective_cohort,"single-centre, retrospective analysis of a prospectively collected database",clinical_cohort,True,lungs that were reconditioned using EVLP,Surgical / procedural,prevention,27.0,The EVLP group (n = 9) ... The non-EVLP (N-EVLP) group (n = 18),
30508580,animal,False,other,A murine heterotopic tracheal transplantation model was used.,mechanistic_translational,True,HMGB1-neutralizing antibody administered allografts,Antibody / biologic,treatment_established_clad,,,
30577279,animal,False,other,Mouse orthotopic tracheal transplants were conducted,mechanistic_translational,False,,,na,,,
30794945,human,True,prospective_cohort,"In a prospective observational cohort analysis, 44 patients were enrolled",mechanistic_translational,False,,,na,44.0,44 patients were enrolled,
30527505,human,True,retrospective_cohort,Records of patients undergoing lung transplantation for IPF at our institution between May 2005 and March 2017 were reviewed,clinical_cohort,True,Outcomes after single transplantation (SLTx) versus bilateral lung transplantation (BLTx) in IPF patients,Surgical / procedural,na,151.0,Lung transplantation was performed in 151 IPF patients post-Lung Allocation Score,
30519294,human,False,other,review,methods_or_review,False,,,na,,,
30488486,human,True,retrospective_cohort,a retrospective cohort study,clinical_cohort,True,the use of pretransplant corticosteroids (CS),Other pharmacological,prevention,54.0,Analysis of 54 IPF-LTx patients,
30456701,human,True,other,Sixty-seven lung transplant patients were enrolled in the study,clinical_cohort,False,,,na,67.0,Sixty-seven lung transplant patients were enrolled in the study,
30595421,human,True,retrospective_cohort,This retrospective longitudinal case-control study was performed,clinical_cohort,False,,,na,48.0,Twenty-four LTx recipients with BOS (BOS=Cases) and 24 without BOS (NON-BOS=Controls),
30401394,human,True,retrospective_cohort,We investigated the effect of SRT for BOS among 75 LTx recipients who were alive in 2017 in our LTx program.,clinical_cohort,True,Five recipients underwent conversion of IRT to SRT because of decline of forced expiratory volume in 1 second (FEV1) with fluctuation of the tacrolimus trough level.,Other pharmacological,treatment_established_clad,75.0,among 75 LTx recipients,
30391371,human,True,prospective_cohort,at baseline and after 7 years,mechanistic_translational,False,,,na,21.0,Twenty-one lung transplant recipients,
30391199,human,True,retrospective_cohort,Data for patients who underwent LTx between 2004 and 2015 with a minimal survival of 180 days post-LTx were retrospectively collected.,clinical_cohort,False,,,na,219.0,CLAD developed in 39% of double LTx patients (n = 219),
30378739,animal,False,other,The mouse orthotopic single LTx model has proven relevant to the mechanistic study of allograft injury.,mechanistic_translational,False,,,na,,,
30472390,animal,False,other,murine heterotopic tracheal transplantation mouse model,mechanistic_translational,True,"allograft recipients were treated with TJ-M2010-5, and anti-mouse CD154 (MR-1)",Other pharmacological,prevention,,,
30348935,human,True,retrospective_cohort,"A single-center, retrospective cohort study",clinical_cohort,True,started on everolimus due to immunosuppressive therapy intolerance or failure,mTOR inhibitor,na,51.0,including 51 adult heart transplant patients (n=32) and lung transplant patients (n=19),
30466803,human,True,retrospective_cohort,We performed a retrospective analysis of 216 bilateral lung recipients with CLAD,clinical_cohort,False,,,na,216.0,216 bilateral lung recipients with CLAD,
30321645,human,True,prospective_cohort,we prospectively examined the association,clinical_cohort,False,,,na,,,
30476471,human,True,registry,The Scientific Registry of Transplant Recipients was used to track all adult lung transplants in United States from May 2005 to June 2016.,registry,False,,,na,,,
30391193,human,True,registry,reported to the International Society of Heart and Lung Transplantation Thoracic Transplant Registry,registry,False,,,na,15268.0,"6,599 of 15,268 [43%]",
30303408,human,True,cross_sectional,The 84-item preliminary survey was administered to 201 lung transplant recipients,methods_or_review,False,,,na,201.0,The 84-item preliminary survey was administered to 201 lung transplant recipients,
30255131,mixed,False,other,,methods_or_review,False,,,na,,,
30303525,human,True,cross_sectional,"Blood, bronchoalveolar lavage and large and small airway brushings were collected from lung transplant patients with BOS (n = 12) or stable lung function (n = 18) and healthy aged-matched controls (n = 13).",mechanistic_translational,False,,,na,43.0,lung transplant patients with BOS (n = 12) or stable lung function (n = 18) and healthy aged-matched controls (n = 13),
30289917,human,True,cross_sectional,"using transbronchial brushings, broncho-alveolar lavage (BAL) samples, and explant tissue",mechanistic_translational,False,,,na,,,
30228085,human,True,retrospective_cohort,We conducted a retrospective cohort study,clinical_cohort,False,,,prevention,810.0,The cohort consisted of 810 patients.,
30343700,human,True,retrospective_cohort,We reviewed our prospectively maintained database and analyzed all patients younger than age 18 years who underwent primary lung transplantation,clinical_cohort,True,Elective re-transplantations for pediatric patients were performed successfully,Surgical / procedural,treatment_established_clad,86.0,Eighty-six consecutive patients were enrolled,
30312482,human,True,retrospective_cohort,comparing ... two series of lung allograft recipients with BOS who had been treated with these instruments,clinical_cohort,True,The relative efficacy of the CELLEX vs UVAR XTS ECP instruments was assessed,Extracorporeal photopheresis,treatment_established_clad,,,
30200966,human,True,cross_sectional,cross-sectional study,clinical_cohort,False,,,na,61.0,Sixty-one LTx patients were included,
30211828,human,True,prospective_cohort,We prospectively followed 130 subjects who underwent lung transplantation from 2012 to 2016.,mechanistic_translational,False,,,na,130.0,We prospectively followed 130 subjects,
30255130,human,True,prospective_cohort,prospectively enrolled between 2009 and 2012,clinical_cohort,False,,,na,98.0,Ninety-eight patients undergoing lung transplantation,
30192029,human,True,retrospective_cohort,We performed a retrospective cohort study,clinical_cohort,False,,,na,140.0,of 140 LT patients,
30217824,ex_vivo_human,False,other,,mechanistic_translational,False,,,na,,,
30160803,human,True,prospective_cohort,previously published prospective cohort study,clinical_cohort,False,,,na,328.0,compared 328 subjects' expectations,
30177110,human,True,retrospective_cohort,This was a retrospective single-center study,clinical_cohort,False,,,na,97.0,retrospective single-center study of 97 recipients,
30173825,human,True,prospective_cohort,"single-center, prospective, longitudinal investigation",clinical_cohort,False,,,na,52.0,Fifty-two consecutive lung transplant recipients were recruited,
30177111,human,True,prospective_cohort,"This prospective, observational study evaluated 25 consecutive patients",clinical_cohort,False,,,na,25.0,evaluated 25 consecutive patients,
30150035,human,True,other,,clinical_cohort,False,,,na,122.0,359 CT scans of 122 lung transplant patients were evaluated,
30234787,human,True,retrospective_cohort,Clinical data were extracted from charts.,mechanistic_translational,False,,,na,34.0,in 34 lung transplant recipients,
30506808,human,True,retrospective_cohort,A single center retrospective review of all single and bilateral LT recipients between May 2005 and Oct 2016 was performed.,clinical_cohort,False,,,na,30.0,Thirty cases were matched to 88 controls.,
30100023,human,True,retrospective_cohort,This was a retrospective cohort study.,clinical_cohort,False,,,na,233.0,233 patients were identified,
30247316,human,True,rct,Patients (n = 118) at risk of CMV infection were randomized 1:2,trial,True,"5 months or variable length valganciclovir prophylaxis (5-11 mo post-LTx), as determined by the QuantiFERON (QFN)-CMV assay",CMV prophylaxis / antiviral,prevention,118.0,Patients (n = 118),
30087241,ex_vivo_human,False,other,in vitro released in 24 h,mechanistic_translational,True,everolimus encapsulated in hyaluronic acid-decorated chitosan-based nanoparticles,Other pharmacological,na,,,
30126365,human,True,retrospective_cohort,"Forty adult CF patients who underwent a first bilateral LTx in the University Hospital of Marseille, between January 2010 and December 2014, were included in the study.",clinical_cohort,False,,,na,40.0,Forty adult CF patients,
30069326,animal,False,other,Murine orthotopic allogeneic lung transplants were performed,mechanistic_translational,False,,,na,,,
30229311,human,True,other,,clinical_cohort,False,,,na,71.0,A total of 71 recipients of LT,
30130331,human,True,retrospective_cohort,FEV1 values obtained 6 months before (baseline) and 6 months after initiation of ECP,clinical_cohort,True,extracorporeal photopheresis (ECP),Extracorporeal photopheresis,treatment_established_clad,,,
30053048,human,True,prospective_cohort,In a prospective single-center-study 143 LTRs were followed up,mechanistic_translational,False,,,na,143.0,143 LTRs,
30042393,ex_vivo_human,False,other,"We validated our results in vitro, in a cell model of fibrogenesis",mechanistic_translational,False,,,na,,,
29976654,human,True,prospective_cohort,"From 2009 to 2012, lung transplant recipients from three transplantation centres were screened",clinical_cohort,False,,,na,168.0,The analysis included 168 patients.,
30086092,human,True,retrospective_cohort,"A monocentric, retrospective study was performed",clinical_cohort,False,,,na,52.0,n = 29 ... n = 15 ... n = 8,
30054981,human,True,retrospective_cohort,We retrospectively evaluated chronic opioid use,clinical_cohort,False,,,na,21.0,Twenty-one patients ages 15-50 years met inclusion criteria,
30098575,human,True,retrospective_cohort,Retrospective chart review,clinical_cohort,True,treated with non-invasive positive pressure ventilation (NPPV),Surgical / procedural,na,156.0,Of 156 patients included in the study,
29937159,animal,False,other,mouse orthotopic lung transplant model,mechanistic_translational,True,ex vivo and in vivo human interleukin-10 encoding lentiviral vector therapy,Other pharmacological,prevention,,,
29962390,human,True,retrospective_cohort,This study reviews the long-term outcome of LTx from DCD donors.,clinical_cohort,True,Utilization of donation after circulatory death (DCD) donors,Surgical / procedural,prevention,,,
29929823,human,True,other,,mechanistic_translational,False,,,na,25.0,BAL samples were collected from 25 patients,
29953629,human,True,retrospective_cohort,We reviewed 61 lung biopsies in patients with an NIPC,clinical_cohort,False,,,na,61.0,We reviewed 61 lung biopsies,
30084977,human,True,retrospective_cohort,retrospectively analyse a single-centre experience,clinical_cohort,True,compare early and mid-term outcomes with those from a standard donation after brain death (DBD),Surgical / procedural,na,186.0,"During the 6-year study period, 186 LTxs were performed",
29908844,human,True,cross_sectional,,mechanistic_translational,False,,,na,,,
29880387,animal,False,other,Orthotopic left lung transplantation was performed,mechanistic_translational,True,Mice treated with azithromycin received 10 mg/kg or 50 mg/kg subcutaneously daily,Azithromycin / macrolide,prevention,,,
29796421,human,True,other,Six consecutive patients who were treated with cyclophosphamide ... were included in the series.,case_report_series,True,cyclophosphamide therapy for recurrent and refractory ACR,Other pharmacological,na,6.0,Six consecutive patients,
29804306,human,True,retrospective_cohort,501 adult patients were identified,clinical_cohort,True,implementation of the LAS score,Not specified,na,501.0,"Between 2000 and 2011, 501 adult patients were identified",
29779167,mixed,False,other,In the rat lung transplantation model,mechanistic_translational,False,,,na,,,
29781811,animal,False,other,,mechanistic_translational,True,splenectomy attenuated the recruitment of classical monocytes,Surgical / procedural,na,,,
29774598,human,True,retrospective_cohort,We did a retrospective study at our center,clinical_cohort,False,,,na,194.0,194 total subjects,
29754418,human,True,retrospective_cohort,We conducted a retrospective cohort study,clinical_cohort,True,Lung retransplantation,Surgical / procedural,treatment_established_clad,38.0,(n = 38),
29751799,ex_vivo_human,False,cross_sectional,"At time of (re-)transplantation or autopsy, 70 explant lungs were collected",mechanistic_translational,False,,,na,70.0,70 explant lungs were collected,
29771243,human,True,cross_sectional,"75 outpatients (25 BOS stage 0, 25 BOS stage 1 + 2, 25 BOS stage 3) after bilateral lung transplantation were included",mechanistic_translational,False,,,na,75.0,75 outpatients,
29796420,human,True,retrospective_cohort,Institutional medical records and United Network for Organ Sharing database were queried,clinical_cohort,False,,,na,12.0,Twelve LLTs were performed from 2000 to 2016,
29637624,human,True,retrospective_cohort,A retrospective study evaluated CT scans corresponding to CLAD onset using pulmonary function tests in 74 patients,clinical_cohort,False,,,na,74.0,"in 74 patients (23 RAS, 51 BOS)",
29719115,human,True,retrospective_cohort,This retrospective study,clinical_cohort,True,preemptive treatment of early anti-HLA donor specific antibodies with IgA- and IgM-enriched immunoglobulins,Antibody / biologic,prevention,598.0,Among the 598 transplanted patients,
30135417,human,True,retrospective_cohort,"Retrospective, Single Arm, Exploratory Study",clinical_cohort,True,received early sirolimus-based immunosuppression along with cyclosporine and prednisone,mTOR inhibitor,prevention,13.0,Thirteen patients,
29713813,human,True,retrospective_cohort,"We reviewed, retrospectively, the incidence, type and management of gastrointestinal complications.",clinical_cohort,False,,,na,160.0,Among the 160 LTx recipients,
29628135,human,True,retrospective_cohort,We retrospectively reviewed the data of 90 patients with scleroderma who underwent lung or heart-lung transplantation between 1993 and 2016 at 14 European centers.,clinical_cohort,False,,,na,90.0,90 patients with scleroderma,
30131203,human,True,retrospective_cohort,We conducted a retrospective study of patients undergoing LR between August 1990 and July 2017.,clinical_cohort,True,Lung retransplantation (LR) is an alternative for a selected population.,Surgical / procedural,treatment_established_clad,14.0,Fourteen LR out of a total of 998 (1.4%) LT were performed.,
29891245,human,True,retrospective_cohort,We retrospectively reviewed 1500 adult lung transplants,clinical_cohort,False,,,na,1500.0,We retrospectively reviewed 1500 adult lung transplants,
29708209,animal,False,other,in a mouse model,mechanistic_translational,False,,,na,48.0,Lung transplantation was performed in 48 mice,
29573785,human,True,other,,mechanistic_translational,False,,,na,,,
29547626,human,True,other,a cohort with advanced HPS pulmonary fibrosis who were evaluated for lung transplantation,clinical_cohort,False,,,na,6.0,Six patients with HPS-1 pulmonary fibrosis were evaluated,
29533326,human,True,prospective_cohort,examined the associations ... prospectively,clinical_cohort,False,,,na,251.0,251 lung transplant recipients,
29529999,human,True,retrospective_cohort,A single-center retrospective study was conducted.,clinical_cohort,False,,,na,76.0,The study included 76 patients,
29513387,human,True,cross_sectional,"single-center, observational, cross-sectional study",clinical_cohort,False,,,na,292.0,292 adult LTRs,
29571601,human,True,prospective_cohort,prospectively performed on blood cells from stable (STA) and BOS patients with a longitudinal follow-up,mechanistic_translational,False,,,na,,,
29607606,human,True,cross_sectional,DLTx recipients demonstrating CLAD at various stages participated.,clinical_cohort,False,,,na,62.0,Sixty-two patients participated.,
29624575,human,True,rct,"prospective, interventional, randomized, double blind, placebo-controlled trial",trial,True,"Randomization to additional montelukast (10 mg/day, n = 15) or placebo (n = 15)",Montelukast,treatment_established_clad,30.0,"montelukast (10 mg/day, n = 15) or placebo (n = 15)",
29492210,animal,False,other,murine orthotopic single lung transplant model,mechanistic_translational,False,,,na,,,
29411918,human,True,cross_sectional,,clinical_cohort,False,,,na,50.0,in 50 patients post-LTx,
29491008,mixed,False,cross_sectional,compared them with exosomes isolated from serum of 10 stable LTxR,mechanistic_translational,False,,,na,20.0,10 lung transplant recipients (LTxR) diagnosed with bronchiolitis obliterans syndrome (BOS) and ... 10 stable LTxR,
29360666,human,True,retrospective_cohort,we performed a retrospective analysis of outcomes for 351 lung transplant recipients,clinical_cohort,False,,,prevention,351.0,351 lung transplant recipients,
29367465,human,True,other,15 independent cohorts,mechanistic_translational,False,,,na,,,
29472146,human,True,retrospective_cohort,analyzed retrospectively,mechanistic_translational,False,,,na,71.0,71 patients who underwent LTx,
29923278,human,True,other,,clinical_cohort,False,,,na,115.0,Data on 115 consecutive patients,
29602706,human,True,retrospective_cohort,We conducted a retrospective cohort study of double-lung transplant recipients,clinical_cohort,False,,,na,178.0,Of 178 patients double-lung transplant recipients eligible for study,
29375549,human,True,other,,mechanistic_translational,False,,,na,107.0,a large set of 107 samples from lung recipients,
29620623,human,True,retrospective_cohort,"Between January 2011 and December 2015, 265 LTx were performed at our center.",clinical_cohort,False,,,na,265.0,265 LTx were performed at our center,
29352737,human,True,cross_sectional,"Pgp/GCR expression and interferon (IFN)-γ/tumour necrosis factor (TNF)-α proinflammatory cytokine production was measured in blood lymphocytes from 15 stable lung transplant patients, 10 patients with bronchiolitis obliterans syndrome (BOS) and 10 healthy aged-matched controls",mechanistic_translational,False,,,na,35.0,"from 15 stable lung transplant patients, 10 patients with bronchiolitis obliterans syndrome (BOS) and 10 healthy aged-matched controls",
29377402,human,True,retrospective_cohort,identified among outpatients between 1988 and 2016,clinical_cohort,False,,,na,,,
29302022,human,True,retrospective_cohort,were retrospectively analyzed,clinical_cohort,False,,,na,57.0,Fifty-seven recipients were enrolled,
29300898,human,True,retrospective_cohort,retrospective single-cohort study,clinical_cohort,False,,,na,371.0,"In total, 371 (197 men) patients were included.",
29505550,human,True,cross_sectional,,clinical_cohort,True,effect of unilateral versus bilateral lung transplantation (LTx),Surgical / procedural,na,48.0,"Patients post-LTx (n=48, 24 female; aged 20 to 73 y)",
29327719,human,True,other,,mechanistic_translational,False,,,na,21.0,Explant lung tissue from 21 restrictive chronic lung allograft dysfunction patients,
29296975,mixed,False,other,,mechanistic_translational,False,,,na,,,
29322685,human,True,prospective_cohort,"Patients were medically evaluated before; during; and at 24 hours, 1 week, and 1 month after infusion",case_report_series,True,intravenous infusions of allogeneic mesenchymal stem cell (MSC) therapy,Cell therapy,treatment_established_clad,9.0,infused into nine recipients,
29149977,human,True,retrospective_cohort,retrospective analysis of 588 consecutive lung transplant recipients,clinical_cohort,False,,,na,588.0,588 consecutive lung transplant recipients,
29236513,mixed,True,other,"Ferret orthotopic left lung transplants were used as an experimental model of OB, and findings were corroborated in human lung allografts.",mechanistic_translational,False,,,na,,,
29253466,human,True,retrospective_cohort,We retrospectively analyzed the functions of inverted grafts vs noninverted grafts.,clinical_cohort,True,we developed inverted LDLLT,Surgical / procedural,na,35.0,Included were 35 LDLLTs whose recipients were adults and monitored for more than 6 months,
29178919,human,True,other,Survey of 278 recipients who underwent LTx,clinical_cohort,True,"Double lung, unlike single lung transplantation",Surgical / procedural,prevention,278.0,Survey of 278 recipients who underwent LTx,
29135627,human,True,retrospective_cohort,analyzed retrospectively,clinical_cohort,False,,,na,178.0,178 LTx patients,
29262833,animal,False,other,established the allogeneic rat left lung orthotopic transplantation model,mechanistic_translational,False,,,na,,,
31414076,human,True,retrospective_cohort,retrospective single-center cohort study,mechanistic_translational,False,,,na,441.0,of 441 lung transplant recipients,
29082660,human,True,prospective_cohort,We assayed blood samples from 57 patients in a multicenter study,mechanistic_translational,False,,,na,57.0,from 57 patients,
29087035,human,True,prospective_cohort,During a 13-year follow-up,clinical_cohort,False,,,na,49.0,Forty-nine participants from a prior randomized clinical trial,
29256975,human,True,cross_sectional,3- or 6-month surveillance bronchoalveolar lavage fluid cell pellets,mechanistic_translational,False,,,na,,,
29146602,human,True,other,in a cohort of 362 patients,clinical_cohort,False,,,na,362.0,in a cohort of 362 patients,
29405435,human,True,other,In a large single-center cohort,clinical_cohort,False,,,na,336.0,A total of 336 patients were included,
29108516,human,True,retrospective_cohort,We conducted a retrospective review,clinical_cohort,True,received treatment with oral ribavirin,Other pharmacological,na,26.0,Twenty-six patients were diagnosed with a paramyxovirus and received oral ribavirin,
29048473,human,True,retrospective_cohort,"Between 2007 and 2013, 114 CF patients underwent lung transplantation at our institute, and taurolidine 2% bronchial lavage was applied in a substantial proportion of patients (n = 42). A detailed analysis of donor and recipient bacterial colonization status in treatment and control groups and their impact on outcome was performed.",clinical_cohort,True,taurolidine 2% bronchial lavage,Surgical / procedural,prevention,114.0,114 CF patients underwent lung transplantation,
29094310,human,True,retrospective_cohort,This was a retrospective cohort study of lung transplant recipients at a tertiary center in 2007-2014.,clinical_cohort,True,persistent PPI therapy,Other pharmacological,prevention,188.0,A total of 188 subjects,
29035589,animal,False,other,,mechanistic_translational,True,Therapy with nintedanib began 2 days before LTx and ended on postoperative day (POD) 20 (n = 6) or 60 (n = 6).,Antifibrotic,treatment_established_clad,,,
29603543,human,True,other,,clinical_cohort,False,,,na,69.0,"Overall, 69 patients were included",
28945470,human,True,other,,mechanistic_translational,False,,,na,,,
29100649,human,True,retrospective_cohort,We analyzed our single-center experience with retransplantation as a treatment option for CLAD.,clinical_cohort,True,retransplantation as a treatment option for CLAD,Surgical / procedural,treatment_established_clad,419.0,419 consecutive patients underwent LTx at our institution,
28932229,human,True,other,,clinical_cohort,False,,,na,,,
29151274,human,True,retrospective_cohort,Adult bilateral LRs from January 2004 to October 2013 were included.,clinical_cohort,True,Statin group included recipients with early statin use and continued for minimum 6 months.,Statin,prevention,260.0,A total of 130 patients were included in each group.,
28886227,human,True,retrospective_cohort,We retrospectively reviewed the charts of all patients with CF who underwent lung transplantation between 1996 and 2014,clinical_cohort,False,,,na,50.0,Fifty patients with CF underwent 55 lung transplantations,
29075627,human,True,retrospective_cohort,We retrospectively analyzed 206 consecutive LT patients of our center (2010-2013).,clinical_cohort,False,,,na,206.0,206 consecutive LT patients,
28945471,human,False,other,,methods_or_review,False,,,na,,,
28992372,human,True,retrospective_cohort,We conducted a retrospective single-center study,clinical_cohort,False,,,na,73.0,We identified 73 cases of AMR,
28850899,human,True,retrospective_cohort,analyzed retrospectively,clinical_cohort,False,,,na,176.0,of 176 LTx patients,
28964417,human,True,retrospective_cohort,"Data for all lung transplant donor referrals to the Alfred Hospital in Melbourne, Australia were collected for 2012 to 2013.",clinical_cohort,False,,,na,129.0,129 resulted in successful lung transplantation,
28871078,human,True,prospective_cohort,"Pulmonary function was followed using spirometry (FEV1) and 6-minute walking test (6MWT) measured at 3, 6, and 12 months and annually.",clinical_cohort,False,,,na,278.0,"Between 1990 and 2014, 278 patients underwent LTx at Skåne University Hospital, Sweden.",
28926522,human,True,cross_sectional,"Blood, bronchoalveolar lavage, large proximal, and small distal airway brushings were collected from patients with BOS (n = 10), stable lung transplant patients (n = 18), and healthy aged-matched controls (n = 10).",mechanistic_translational,False,,,na,38.0,"patients with BOS (n = 10), stable lung transplant patients (n = 18), and healthy aged-matched controls (n = 10)",
28787506,human,True,rct,Patients were randomly assigned to receive 3 times a week either 250 mg of azithromycin (n = 243) or placebo (n = 237),trial,True,250 mg of azithromycin ... or placebo,Azithromycin / macrolide,prevention,480.0,Among 480 randomized participants,
28756121,human,True,cross_sectional,,mechanistic_translational,False,,,na,,,
28729000,human,True,other,,mechanistic_translational,False,,,na,116.0,Microbiota DNA and host total RNA were isolated from 189 bronchoalveolar lavages obtained from 116 patients post lung transplantation.,
28720146,human,True,prospective_cohort,137 lung Tx recipients were submitted to an immunological follow up,clinical_cohort,False,,,na,137.0,137 lung Tx recipients,
28798289,human,True,retrospective_cohort,We retrospectively investigated the data of 62 recipients of lung transplantation,clinical_cohort,True,prolonged twice-daily bolus intravenous tacrolimus administration,Other pharmacological,prevention,62.0,62 recipients of lung transplantation,
28719135,human,True,cross_sectional,,clinical_cohort,False,,,na,37.0,Thirty-seven children without bronchiolitis obliterans syndrome,
28770204,human,True,other,LT recipients of the French and Swiss transplant cohorts were eligible for inclusion in the SysCLAD cohort,clinical_cohort,False,,,na,,,
28658530,human,True,retrospective_cohort,This retrospective study included 51 patients,mechanistic_translational,False,,,na,51.0,This retrospective study included 51 patients,
28651906,human,True,prospective_cohort,This study enrolled 15 patients,clinical_cohort,False,,,na,15.0,This study enrolled 15 patients,
28637080,human,True,retrospective_cohort,retrospective single-center cohort study,mechanistic_translational,False,,,na,441.0,441 lung transplant recipients,
28647206,human,True,retrospective_cohort,Patients with and without later development of restrictive CLAD were compared.,clinical_cohort,False,,,na,52.0,52 CT examinations in lung transplant patients,
28653398,human,True,retrospective_cohort,patients with CLAD were retrospectively classified,clinical_cohort,True,Extracorporeal photophoresis (ECP),Extracorporeal photopheresis,treatment_established_clad,21.0,The current cohort included 21 of the original 24 patients,
28620643,human,True,prospective_cohort,"Serum from 48 consecutive patients undergoing lung transplantation (LTx) was collected at 2, 6, 12, and 26 weeks post-LTx.",mechanistic_translational,False,,,na,48.0,Serum from 48 consecutive patients undergoing lung transplantation (LTx),
28691954,human,True,retrospective_cohort,"Single-center, retrospective medical record review",clinical_cohort,True,conversion to belatacept-based ISR,Other pharmacological,prevention,11.0,in 11 lung transplantation recipients,
28701473,mixed,False,other,A cohort of human lung transplant recipients who developed DSA and chronic rejection,mechanistic_translational,False,,,na,,,
28662022,human,True,cross_sectional,Patients post-LTx (n=50) ... completed high-resolution impedance manometry and 24-h pH/impedance.,clinical_cohort,False,,,na,50.0,"Patients post-LTx (n=50, 26 female; mean age 55 years (range, 20-73 years))",
28546378,human,False,other,,methods_or_review,False,,,na,,,
28488260,human,True,retrospective_cohort,We retrospectively analysed outcome of 12 lung transplant recipients,clinical_cohort,True,forced cessation of ECP treatment,Extracorporeal photopheresis,treatment_established_clad,12.0,12 lung transplant recipients,
28528427,animal,False,other,murine model of bronchiolitis obliterans,mechanistic_translational,True,systemic treatment with 106 ASCs on D0 and a second dose on D7,Cell therapy,prevention,,,
28825953,animal,False,other,Four different Tx combinations were used,mechanistic_translational,False,,,na,,,
28840631,human,True,retrospective_cohort,single-centre retrospective audit,clinical_cohort,True,requiring domiciliary NIV post-LTx,Surgical / procedural,treatment_established_clad,20.0,20 patients were identified,
28470870,human,True,retrospective_cohort,130 DCD3 recipients were one-to-one nearest neighbor propensity score matched with 130 DBD recipients,clinical_cohort,False,,,na,260.0,130 DCD3 recipients were one-to-one nearest neighbor propensity score matched with 130 DBD recipients,
29055604,human,True,rct,"randomized, placebo-controlled, single-center pilot-study",trial,True,inhaled AP301 or placebo was administered by nebulizer twice daily for 7 days or until extubation,Aerosolised / inhaled other,na,20.0,including 20 patients,
28471870,in_vitro,False,other,A biculture of human bronchial epithelial cells and lung microvascular endothelial cells was exposed to immunosuppressives,mechanistic_translational,True,Mycophenolate mofetil (MMF) and combination therapies including MMF,Other pharmacological,na,,,
28457921,human,True,prospective_cohort,during LTx follow-up,mechanistic_translational,False,,,na,,,
28469930,human,True,prospective_cohort,with or without development of BOS in a 5-year follow-up,mechanistic_translational,False,,,na,58.0,a cohort of 58 lung transplantation patients,
28686641,human,True,retrospective_cohort,All transbronchial biopsies (TBBX) from patients who received lung transplantation between 2000 to 2010 were reviewed.,mechanistic_translational,False,,,na,441.0,from 441 lung transplant recipients,
28457374,human,True,retrospective_cohort,"From 1991 until now, 239 LTs were performed at our center.",clinical_cohort,True,15 of these (27.7%) were treated with ECP.,Extracorporeal photopheresis,treatment_established_clad,15.0,15 of these (27.7%) were treated with ECP.,
28415888,mixed,False,other,administered GNP-HCe by the inhalatory route to normal mice,mechanistic_translational,True,administered GNP-HCe by the inhalatory route to normal mice,Aerosolised / inhaled other,na,,,
28457418,human,True,retrospective_cohort,This retrospective analysis of surveillance transbronchial biopsies was performed in lung transplant recipients,mechanistic_translational,False,,,na,11.0,Were analyzed 11 patients,
28404648,human,True,retrospective_cohort,,clinical_cohort,False,,,na,396.0,A total of 396 bilateral lung transplant recipients were analysed.,
28383790,human,True,other,A case-control study was performed,clinical_cohort,False,,,na,93.0,"LTx recipients with PTLD (n=31) to matched recipients without PTLD (Controls, n=62)",
28457380,animal,False,other,OLT was performed in 32 inbred rat strains,mechanistic_translational,False,,,na,,,
28549673,animal,False,rct,randomly assigned into four groups,mechanistic_translational,True,O3 was rectally administered daily for 2 weeks before LT,Other pharmacological,prevention,,,
28431983,human,True,retrospective_cohort,We retrospectively reviewed spirometric values and clinical outcomes,clinical_cohort,True,"therapy with ECP, AL, or no treatment (NT)",Extracorporeal photopheresis,treatment_established_clad,267.0,Of 267 patients,
28457371,human,True,prospective_cohort,chronic rejection were prospectively recorded in a 5-year time-frame,clinical_cohort,True,lobar lung transplantation from deceased donors,Surgical / procedural,na,6.0,6 of which (6%) were lobar transplantations from deceased donors,
28375571,human,True,registry,"For validation, we assessed survival and freedom from bronchiolitis obliterans syndrome (BOS), retransplantation, or death in 12 845 non-KIR typed recipients from the United Network for Organ Sharing (UNOS) registry.",clinical_cohort,False,,,na,252.0,across 252 KIR3DL1+ recipients,
28273385,human,True,retrospective_cohort,"Single-center, retrospective cohort study was performed",clinical_cohort,True,"aerosolized antipseudomonals (AAPs) on Pseudomonas (PS) culture positivity, bronchiolitis obliterans syndrome (BOS), and acute cellular rejection (ACR)",Aerosolised / inhaled other,prevention,293.0,"In total, 293 LTRs (105 with AAP, 188 with no AAP) were included.",
28262440,human,True,other,observational cohort study,clinical_cohort,False,,,na,,,
28267558,human,True,other,,mechanistic_translational,False,,,na,18.0,a pilot set of 18 LTx recipients,
28251796,animal,False,other,murine heterotopic tracheal transplantations,mechanistic_translational,True,Depletion of NK cells using an anti-NK1.1 antibody,Antibody / biologic,na,,,
28296181,human,True,retrospective_cohort,A retrospective review was performed of lung transplant recipients at two large-volume centers.,clinical_cohort,False,,,na,21.0,"Between 2005 and 2016, 21 patients were identified.",
28365177,human,True,rct,"single-center, double blind, randomized, placebo-controlled, prevention trial",trial,True,"once-monthly oral vitamin D (cholecalciferol; 100,000 IU, n = 44) vs placebo (n = 43)",Other pharmacological,prevention,87.0,"once-monthly oral vitamin D (cholecalciferol; 100,000 IU, n = 44) vs placebo (n = 43)",
28210278,human,True,retrospective_cohort,This retrospective cohort study included 44 LTX recipients,clinical_cohort,False,,,na,44.0,included 44 LTX recipients,
28240604,mixed,False,other,in an in vivo mouse orthotopic lung transplant model of BOS,mechanistic_translational,True,antagonism of the LPA receptor (LPA1) or ATX inhibition decreased allograft fibrosis,Other pharmacological,na,,,
28185711,human,True,retrospective_cohort,This study is a retrospective analysis of pediatric lung transplant recipients,clinical_cohort,False,,,na,30.0,"Thirty lung transplant recipients, aged 1 to 21 years, were identified.",
28207629,human,True,retrospective_cohort,In this retrospective study,clinical_cohort,False,,,na,,,
28173620,human,True,other,observational study,clinical_cohort,True,Treatment consisted of CFZ plus plasma exchange and immunoglobulins.,Other pharmacological,na,14.0,Fourteen LTRs underwent CFZ,
28207638,animal,False,other,,mechanistic_translational,False,,,na,,,
28186707,human,True,prospective_cohort,"phase 1, single-arm study",trial,True,intravenous delivery of allogeneic MSCs to patients with advanced CLAD,Cell therapy,treatment_established_clad,10.0,Ten Patients,
28144069,human,True,other,,case_report_series,False,,,na,1.0,A 40-year-old cystic fibrosis woman,
28552627,human,True,retrospective_cohort,We retrospectively reviewed records of all patients undergoing lung transplantation,clinical_cohort,True,perioperative statin therapy,Statin,prevention,266.0,Of 266 patients who met final inclusion criteria,
28245130,human,True,cross_sectional,"stable, S, n = 10), and with BOS at different degrees of severity (BOS 0p, n = 10; BOS I, n = 10)",mechanistic_translational,False,,,na,,,
28103284,human,True,other,In a nested case control study,mechanistic_translational,False,,,na,17.0,incipient CLAD (n = 9) and CLAD free (n = 8) lung transplant recipients,
28377770,human,True,other,,mechanistic_translational,False,,,na,,,
28545478,animal,False,rct,"Rats were randomly divided into an experimental group (montelukast), a positive control group (dexamethasone), and a blank control group (normal saline solution; NS).",mechanistic_translational,True,oral administration of montelukast,Montelukast,prevention,,,
28138398,human,True,other,we performed compartment-specific morphological and molecular analysis,mechanistic_translational,False,,,na,57.0,"human CLAD (n = 22), HSCT (n = 29) and RC (n = 6) lung explants",
28131664,human,True,registry,listed in the Scientific Registry of Transplant Recipients,registry,False,,,na,,,
28120410,human,True,cross_sectional,"We selected four postmortem allograft lungs from patients who developed a clear clinical RAS pattern, five biopsies diagnosed as IPPFE, five UIP biopsies and five sections of normal lung.",mechanistic_translational,False,,,na,,,
28244139,human,True,retrospective_cohort,"Patients who received a lung transplant at the Brigham and Women's Hospital between December 1, 2002 and December 31, 2010 were included in this study.",clinical_cohort,False,,,na,94.0,Ninety-four (46.1%) of the 204 subjects were included in the study.,
28102966,human,True,cross_sectional,Blood was collected from 18 stable lung transplant patients and 10 healthy age-matched controls.,mechanistic_translational,True,Treatment with 10 mg/L theophylline + 1 µmol/L prednisolone or 2.5 ng/mL cyclosporine A synergistically upregulated HDAC2 and inhibited IFN-γ and TNF-α production,Other pharmacological,na,28.0,Blood was collected from 18 stable lung transplant patients and 10 healthy age-matched controls.,
28148598,human,True,prospective_cohort,We prospectively monitored 617 heart transplant recipients,mechanistic_translational,False,,,na,617.0,617 heart transplant recipients,
28090432,mixed,False,other,,methods_or_review,False,,,na,,,
28090331,human,True,retrospective_cohort,Retrospective analysis of consecutive LTRs followed up between 2001 and 2013.,clinical_cohort,False,,,na,198.0,198 patients were included in the study,
28100545,human,True,prospective_cohort,The lung function of 520 LTRs from the Cohort in Lung Transplantation (COLT) study was measured every 6 months.,clinical_cohort,False,,,na,520.0,The lung function of 520 LTRs,
28078769,in_vitro,False,other,in vitro model,mechanistic_translational,True,stimulated with IL-1α with or without azithromycin or dexamethasone,Azithromycin / macrolide,na,,,
28017335,human,True,registry,The United Network for Organ Sharing database was used,registry,False,,,na,87.0,"Of the total 542 lung transplants performed, 87 (16.1%) were ReTxs.",
28008661,human,True,other,We report the largest cohort of lung transplant recipients (LTRs) treated with rescue alemtuzumab,clinical_cohort,True,treated with rescue alemtuzumab,Antibody / biologic,treatment_established_clad,51.0,given to 51 patients,
28038697,human,True,other,Case report,case_report_series,True,a posterior instrumented spine fusion from T2 to L4 using a hybrid configuration was performed,Surgical / procedural,na,,,
27939405,animal,False,prospective_cohort,"serially monitored allografts for tissue oxygenation, microvascular perfusion for four weeks",mechanistic_translational,True,reconstituted purified Tregs in to allografts,Cell therapy,prevention,,,
27931084,human,True,prospective_cohort,We analyzed Treg in peripheral blood prospectively and correlated percentages of subpopulations with the incidence of CLAD at 2 years.,clinical_cohort,False,,,prevention,138.0,Among the 138 (52%) patients included into the study,
27925791,human,True,retrospective_cohort,We retrospectively accessed our biobank of sputum samples,mechanistic_translational,False,,,na,14.0,of 14 adult transplant patients,
27931586,human,True,retrospective_cohort,retrospective case review,clinical_cohort,True,Thirty lung allograft patients were treated with MTX for BOS,Other pharmacological,treatment_established_clad,30.0,Thirty lung allograft patients were treated with MTX,
27893614,human,True,retrospective_cohort,We performed a retrospective cohort study,clinical_cohort,False,,,na,,,
27988981,human,True,retrospective_cohort,analyzed data from all lung transplants performed in our institution since 1986,clinical_cohort,False,,,na,876.0,About 876 lung transplants were performed between 1986 and 2016,
27923603,human,True,retrospective_cohort,we performed a retrospective analysis of all lung re-transplantations,clinical_cohort,False,,,na,120.0,120 with complete HLA data were analysed,
27933655,human,True,cross_sectional,Explant lungs of patients with end-stage BOS (n = 19) and RAS (n = 18) were assessed,mechanistic_translational,False,,,na,,,
27942594,mixed,False,other,,mechanistic_translational,True,"Antagomirs for miR-323a-3p augment, and mimics suppress, murine lung fibrosis after bleomycin injury",Other pharmacological,na,,,
27801552,human,True,cross_sectional,,mechanistic_translational,False,,,na,,,
27676455,human,True,retrospective_cohort,In a retrospective single-center study,clinical_cohort,False,,,na,441.0,441 lung transplant recipients,
27863518,human,True,retrospective_cohort,single-centre retrospective cohort analysis,case_report_series,True,receiving antifibrotic therapy,Antifibrotic,prevention,9.0,A total of nine patients,
27795995,human,True,cross_sectional,A comparison between LTRs and a matching group of healthy controls (n = 33) was also conducted.,mechanistic_translational,False,,,na,66.0,stable lung transplant recipients (LTRs) (n = 26) with LTRs who develop BOS (n = 7) ... healthy controls (n = 33),
27878373,human,True,retrospective_cohort,This retrospective study included 22 patients with clinical diagnosis of RAS.,clinical_cohort,False,,,na,22.0,This retrospective study included 22 patients with clinical diagnosis of RAS.,
27664940,human,True,rct,A randomized controlled trial showed Pocket PATH's superiority to usual care,trial,True,Pocket Personal Assistant for Tracking Health (Pocket PATH),Not specified,prevention,182.0,among 182 recipients who survived the original trial,
27830023,animal,False,other,mice exposed to LIRI procedure,mechanistic_translational,True,over-expression of HSP70,Other pharmacological,prevention,,,
27203799,human,True,other,,clinical_cohort,False,,,na,89.0,Eighty-nine CLAD patients out of 1191 screened patients ... were included,
27104933,human,True,rct,A total of 190 patients were randomly assigned 1:1,trial,True,We compared Everolimus versus mycophenolate mofetil,mTOR inhibitor,prevention,190.0,A total of 190 patients were randomly assigned 1:1,
27820781,ex_vivo_human,False,other,in a human ex vivo model of allogeneic T cell response,mechanistic_translational,False,,,na,60.0,"BECs from 35 LTx recipients (n = 22 stable, n = 13 BOS) and healthy controls (n = 25)",
27836956,human,True,other,created a cohort of 5707 patients,clinical_cohort,False,,,na,5707.0,created a cohort of 5707 patients,
27982503,mixed,True,other,Longitudinal investigation in LTRs,mechanistic_translational,False,,,na,94.0,"49 stable, 29 with BOS, and 16 with RAS",
28008659,human,True,cross_sectional,BALF was collected from 51 recipients,mechanistic_translational,False,,,na,51.0,BALF was collected from 51 recipients,
27941431,human,True,retrospective_cohort,This retrospective study,mechanistic_translational,False,,,na,,,
27367568,human,True,prospective_cohort,"Serial PRM measurements were performed prediagnosis, at time of BOS diagnosis, and postdiagnosis",mechanistic_translational,False,,,na,40.0,lung transplant recipients diagnosed with BOS (n = 20) and time-matched stable lung transplant recipients (n = 20),
27751774,human,True,retrospective_cohort,We performed a retrospective study,clinical_cohort,False,,,na,,,
27569962,human,True,retrospective_cohort,We conducted a retrospective review of 25 lung transplant patients with CLAD,clinical_cohort,True,Rabbit antithymocyte globulin (rATG) therapy,Induction agent,treatment_established_clad,25.0,retrospective review of 25 lung transplant patients,
27737799,animal,False,other,"Orthotopic LTx was performed in CB57BL/6, IL-17 WT and IL-17 KO mice.",mechanistic_translational,False,,,na,,,
27694251,human,True,retrospective_cohort,Included were 331 consecutive patients who underwent LTx performed at Harefield Hospital between January 2007 and January 2015.,clinical_cohort,True,zonal organ allocation system,Surgical / procedural,prevention,331.0,Included were 331 consecutive patients,
27564214,mixed,False,other,computational study,mechanistic_translational,False,,,na,,,
27561239,human,True,cross_sectional,Immunoglobulins (...) and complement (...) were quantified in lung lavage samples at the moment of BOS (n=15) or RAS (n=16) diagnosis; and were compared to stable transplant patients who served as control (n=14).,mechanistic_translational,False,,,na,45.0,BOS (n=15) or RAS (n=16) diagnosis; ... control (n=14),
27500238,human,True,registry,identified from the International Society for Heart and Lung Transplantation registry,registry,False,,,na,25583.0,A total of 25 583 patients transplanted between 1988 and 2011,
27779421,human,True,other,in a cohort study,mechanistic_translational,False,,,na,52.0,(n = 52),
27492519,human,True,retrospective_cohort,Observational study of lung transplant recipients surviving 20 years,clinical_cohort,False,,,na,21.0,There were 21 (16.4%) of 128 patients who survived over 20 years,
27469016,human,True,registry,Patients with CF entered in the International Society for Heart and Lung Transplantation registry,registry,False,,,na,4971.0,"The analysis included 4,971 patients undergoing lung transplantation for CF.",
27423681,human,True,retrospective_cohort,our retrospective study,mechanistic_translational,False,,,na,26.0,12 patients with and 14 patients without diagnosis of BOS were enrolled in the study,
27481680,human,True,retrospective_cohort,retrospectively reviewed the medical records and postoperative outcomes,clinical_cohort,True,lung transplantation (LTx) as a treatment option for severe BOS,Surgical / procedural,treatment_established_clad,9.0,9 patients,
27493971,human,True,retrospective_cohort,this retrospective study,clinical_cohort,False,,,na,119.0,HLA-E was genotyped in 119 recipients,
27381674,human,True,retrospective_cohort,Single-center results of recipients of lungs with prior EVLP were compared with consecutive recipients of non-EVLP lungs (controls) during the same period.,clinical_cohort,True,lungs with prior EVLP,Surgical / procedural,prevention,,,
27373824,human,True,retrospective_cohort,Patients' records were retrospectively reviewed.,clinical_cohort,False,,,na,134.0,One hundred thirty-four patients who underwent lung transplantation,
27381039,ex_vivo_human,False,other,,mechanistic_translational,False,,,na,,,
27500235,mixed,False,other,heterotopic tracheal transplant model mice,mechanistic_translational,True,"Ki16198, an antagonist specifically for LPA1 and LPA3, was daily administered into the heterotopic tracheal transplant model mice",Other pharmacological,prevention,,,
27498952,animal,False,other,,mechanistic_translational,False,,,na,,,
27368989,human,True,retrospective_cohort,Data from 208 recipients transplanted from November 1990 to November 2005 were analyzed.,clinical_cohort,False,,,na,208.0,Data from 208 recipients transplanted from November 1990 to November 2005 were analyzed.,
27338538,human,True,registry,retrospectively gathered from the United Network for Organ Sharing database,registry,False,,,na,7402.0,A total of 7402 lung transplant recipients met the inclusion and exclusion criteria.,
27272653,human,True,registry,UNOS registry data spanning 2005-2013 were used,registry,False,,,na,1587.0,The analysis included 1587 patients,
27347307,animal,False,other,employed a mouse model of tracheal transplantation,mechanistic_translational,True,blockade of HMGB1 alone or combined with heparanase (HPSE) attenuates the development of BOS,Other pharmacological,prevention,,,
27278097,human,True,cross_sectional,,mechanistic_translational,False,,,na,30.0,from 30 lung transplant recipients (LTxRs),
27248293,human,True,other,,mechanistic_translational,False,,,na,112.0,from 112 patients post-lung transplantation,
27215505,human,True,retrospective_cohort,A retrospective analysis between August 1992 and September 2014,clinical_cohort,False,,,na,34.0,34 patients were transplanted,
27614085,mixed,False,other,,mechanistic_translational,False,,,na,,,
27250563,human,True,rct,randomly assigned to MNC collection alternatively by the CMNC or MNC system,trial,True,two different automated systems: MNC and CMNC,Surgical / procedural,na,51.0,Fifty-one patients,
27358780,human,True,retrospective_cohort,This retrospective analysis included 73 patients with emphysema,clinical_cohort,True,patients undergoing single-lung transplantation (SL) (n = 40) or double-lung transplant (DL) (n = 33) were compared,Surgical / procedural,na,73.0,This retrospective analysis included 73 patients with emphysema,
27221998,human,True,retrospective_cohort,Included were 322 consecutive LTx performed at Harefield Hospital between January 2007 and December 2014.,clinical_cohort,True,portable normothermic continuous ex vivo perfusion using the organ care system (OCS),Surgical / procedural,prevention,322.0,Included were 322 consecutive LTx performed at Harefield Hospital,
27248598,human,True,other,,methods_or_review,False,,,na,,,
27340694,human,True,cross_sectional,pilot study,mechanistic_translational,False,,,na,21.0,"We studied 21 subjects (10 with ACR, 11 without ACR)",
27197771,human,False,other,review,methods_or_review,False,,,na,,,
27215188,human,True,other,,mechanistic_translational,False,,,na,90.0,We analyzed sCD59 serum concentrations in 90 LTx patients,
27435530,human,True,registry,Propensity-adjusted analysis was performed on data from the Scientific Registry of Transplant Recipients (SRTR),registry,True,use of extracorporeal membrane oxygenation (ECMO) as a bridge to lung re-transplantation,Surgical / procedural,na,854.0,A total of 854 adult re-LT recipients were identified,
27146340,human,True,retrospective_cohort,We reviewed 20 transbronchial lung biopsy (TBLB) specimen from patients,mechanistic_translational,False,,,na,20.0,We reviewed 20 transbronchial lung biopsy (TBLB) specimen,
27467538,human,True,retrospective_cohort,All lung transplant cases between January 2000 and July 2013 performed at our center were reviewed,clinical_cohort,False,,,na,563.0,563 total patients,
27212563,human,True,retrospective_cohort,assessed in a retrospective manner,clinical_cohort,False,,,na,53.0,A total of 53 patients with rCLAD were included,
27095000,human,True,retrospective_cohort,Rejection and infection were retrospectively analyzed.,clinical_cohort,False,,,na,61.0,We evaluated 61 lung recipients,
27078625,human,True,retrospective_cohort,"We retrospectively reviewed all lung transplants at our center from January 1, 2000 through August 31, 2012",clinical_cohort,False,,,na,562.0,all lung transplants at our center ... (n = 562),
27062199,mixed,False,other,,mechanistic_translational,False,,,na,,,
27061510,human,True,prospective_cohort,We included 63 patients undergoing lung transplantation at our center between October 2008 and May 2013.,clinical_cohort,False,,,na,63.0,We included 63 patients undergoing lung transplantation,
37661950,human,False,other,We estimated both direct and indirect costs for the first 10 years following BOS diagnosis,methods_or_review,False,,,na,,,
27129023,human,True,registry,The United Network for Organ Sharing (UNOS) database was queried from May 2005 to September 2013,registry,False,,,na,199.0,One hundred and ninety-nine patients with CF under 18 years of age,
27052747,human,True,retrospective_cohort,This retrospective report reviews the 25-year experience,clinical_cohort,False,,,na,278.0,"Between January 1990 and June 2014, 278 patients underwent lung transplantation",
26845386,human,True,retrospective_cohort,We retrospectively analyzed an LT cohort at Foch Hospital,clinical_cohort,False,,,na,206.0,Among 206 transplanted patients,
26887344,human,True,cross_sectional,verification cohort,mechanistic_translational,False,,,na,112.0,verification cohort (n = 112),
26829054,human,True,registry,The United Network for Organ Sharing database was queried,registry,True,"Therapies evaluated include anti-thymocyte globulin, anti-lymphocyte globulin, thymoglobulin, basiliximab, and alemtuzumab.",Induction agent,prevention,3405.0,"A total of 3,405 patients who underwent lung transplantation for COPD were enrolled",
26833657,human,True,registry,The United Network for Organ Sharing database was reviewed,registry,True,alemtuzumab and basiliximab induction therapy,Induction agent,prevention,6117.0,There were 6117 patients were identified,
26840975,human,True,retrospective_cohort,A retrospective analysis of LTx performed between January 2007 and September 2012 was done,clinical_cohort,False,,,na,237.0,A total of 237 LTx were performed during the study period,
26844425,mixed,False,other,Anti-H2K(b) was administered intrabronchially into Batf (-/-) and C57BL/6 mice,mechanistic_translational,False,,,na,,,
26718747,human,True,retrospective_cohort,ACR was reviewed in 643 scheduled biopsies from 44 CF (Group 1) versus 89 other recipients (Group 2),clinical_cohort,False,,,na,133.0,44 CF (Group 1) versus 89 other recipients (Group 2),
27002311,human,True,retrospective_cohort,One hundred seventy-five LTx undertaken at the Alfred Hospital between 2008 and 2012 met criteria.,clinical_cohort,False,,,na,175.0,One hundred seventy-five LTx undertaken at the Alfred Hospital between 2008 and 2012 met criteria.,
26787621,animal,False,other,using a minor alloantigen‒mismatched mouse orthotopic lung transplant model,mechanistic_translational,True,Lung transplant recipients received daily intraperitoneal injections of 2.5 μg halofuginone or vehicle alone.,Other pharmacological,prevention,,,
26714197,mixed,True,other,measured longitudinally,mechanistic_translational,False,,,na,,,
26820489,animal,False,other,Rats were subjected to weekly aspiration ... for 8 weeks following transplantation.,mechanistic_translational,True,"weekly aspiration of 0.5 ml/kg of WGF (n = 9), PRGF (n = 10), PNS (n = 9), or normal saline (control, NS; n = 9)",Other pharmacological,prevention,37.0,"WGF (n = 9), PRGF (n = 10), PNS (n = 9), or normal saline (control, NS; n = 9)",
27293822,animal,False,other,mouse model,mechanistic_translational,True,The effects of anti-IL-17A treatment in allograft recipients were investigated.,Antibody / biologic,prevention,,,
26755732,ex_vivo_human,False,other,Here we investigate the role of mTOR complex 1 (mTORC1) and mTORC2,mechanistic_translational,False,,,na,,,
26669584,human,True,retrospective_cohort,In a retrospective cohort study,clinical_cohort,False,,,na,383.0,72 patients with scleroderma with those of 311 patients with pulmonary fibrosis,
26697265,human,False,other,this article ... is intended as a review,methods_or_review,False,,,na,,,
26530270,human,True,retrospective_cohort,A retrospective analysis of 442 consecutive LTx performed at our institution in a 20-year period was conducted.,clinical_cohort,False,,,na,120.0,The study group included 120 consecutive CF patients,
26657575,human,True,retrospective_cohort,Bacterial strain typing was performed retrospectively,clinical_cohort,False,,,na,53.0,53 CF patients from our center received lung transplants,
26565010,human,True,retrospective_cohort,We retrospectively assessed clinical variables,clinical_cohort,False,,,na,250.0,in 250 LTRs,
27163544,human,True,other,Formalin-fixed paraffin-embedded tissue samples of 22 patients receiving a lung retransplantation due to BOS or RAS were collected.,mechanistic_translational,False,,,na,22.0,tissue samples of 22 patients receiving a lung retransplantation due to BOS or RAS,
26496787,human,True,registry,The UNOS database was queried for the period 1997 to 2013,registry,False,,,na,16959.0,"Of 16,959 first-time adult LTx recipients",
26888742,human,True,other,We describe our experience of lung transplantation for diffuse panbronchiolitis.,case_report_series,True,Lung transplantation is a viable option for the treatment of progressive diffuse panbronchiolitis resistant to long-term macrolide therapy.,Surgical / procedural,na,5.0,A total of 5 patients,
26452996,human,True,rct,"Phase 2b randomized, double-blind, placebo-controlled trial",trial,True,Subjects were randomized (1:1) to receive aerosolized ALN-RSV01 or placebo daily for 5 days.,Aerosolised / inhaled other,prevention,87.0,87 were randomized to receive ALN-RSV01 or placebo,
26493975,human,True,retrospective_cohort,This was a retrospective cohort study,clinical_cohort,True,Antireflux surgery (ARS),Antireflux surgery,prevention,48.0,Forty-eight subjects,
26508727,human,True,retrospective_cohort,This was a retrospective review of bilateral transplantations from 2005 to 2014.,clinical_cohort,True,En bloc lung transplant (EBLT) with bronchial artery revascularization (BAR),Surgical / procedural,prevention,119.0,There were 119 recipients comprising 88 BSLTs and 31 EBLTs.,
26517734,mixed,True,other,,mechanistic_translational,False,,,na,137.0,Analysis of 137 lung transplant donors,
27144793,human,True,retrospective_cohort,retrospectively identified cohort,clinical_cohort,False,,,na,,,
26451527,human,True,retrospective_cohort,retrospective statistical analysis,mechanistic_translational,False,,,na,74.0,37 LTR at time point of CLAD diagnosis and 37 LTR without any complication,
26429328,human,True,other,,clinical_cohort,False,,,na,195.0,analysed in 195 patients undergoing lung transplantation between June 2008 and June 2012,
26383085,human,True,retrospective_cohort,Patient medical records were retrospectively analyzed,clinical_cohort,False,,,na,1187.0,1187 patients were enrolled,
26707547,animal,False,other,A rat model of left lung allo-transplantation (F344-to-WKY) was used,mechanistic_translational,True,pirfenidone (alone or in combination with everolimus),Antifibrotic,prevention,,,
26476349,human,True,other,two cohorts with 18 patients each,mechanistic_translational,False,,,na,36.0,two cohorts with 18 patients each,
26342441,human,True,retrospective_cohort,retrospective evaluation of 63 patients,clinical_cohort,False,,,na,63.0,retrospective evaluation of 63 patients,
26339864,human,True,other,observational study including consecutive LTR recipients,clinical_cohort,True,prophylactic nebulized liposomal amphotericin B (n-LAB),Aerosolised / inhaled other,prevention,412.0,A total of 412 patients were included,
26308930,human,True,other,Serial bronchoalveolar lavage specimens were ultracentrifuged,mechanistic_translational,False,,,na,,,
26461171,human,True,other,single-center cohort of lung transplant recipients,mechanistic_translational,False,,,na,,,
26261598,animal,False,other,mice model of OB,mechanistic_translational,False,,,na,,,
26308240,animal,False,other,using an intrapulmonary tracheal transplant model of OB,mechanistic_translational,True,"a Syk-selective inhibitor, GSK2230413",Other pharmacological,prevention,,,
26204790,human,True,retrospective_cohort,correlated retrospectively with clinical parameters,clinical_cohort,False,,,na,120.0,single-center study of 120 lung transplant recipients,
26261607,animal,False,other,Mice orthotopic tracheal transplantation model was used,mechanistic_translational,False,,,na,,,
26967790,human,True,prospective_cohort,single-center cohort of 340 lung transplant recipients undergoing transplant during 2008 to 2011,clinical_cohort,False,,,na,340.0,a single-center cohort of 340 lung transplant recipients,
26302084,human,True,other,,mechanistic_translational,False,,,na,15.0,we assessed 15 bilateral lung transplant recipients,
26169663,human,True,retrospective_cohort,Data were abstracted from medical records,clinical_cohort,False,,,na,14.0,We describe clinical outcomes in 14 lung transplant recipients with telomerase mutations.,
26186804,human,True,retrospective_cohort,We retrospectively reviewed 110 lung transplant recipients,clinical_cohort,False,,,prevention,110.0,110 lung transplant recipients,
26168736,human,True,retrospective_cohort,"LTx recipients, transplanted between 2001 and 2012, were investigated and categorized",clinical_cohort,False,,,na,109.0,The study group (n=72) ... compared to the control group (n=37),
26177087,human,True,prospective_cohort,from a prospective study of mental health after lung transplantation,clinical_cohort,False,,,na,155.0,One hundred fifty-five recipients were studied.,
25979626,human,True,retrospective_cohort,spirometry data ... from pediatric subjects transplanted ... over a 10-year period were collated,clinical_cohort,False,,,na,50.0,Fifty subjects were included,
25981891,human,True,cross_sectional,In 24 post transplant patients with a range of severity in BOS status,mechanistic_translational,False,,,na,24.0,In 24 post transplant patients with a range of severity in BOS status,
26224473,human,True,cross_sectional,"FeNO, CalvNO and J'awNO were analysed in 30 healthy subjects and 27 stable LTX patients",mechanistic_translational,False,,,na,57.0,30 healthy subjects and 27 stable LTX patients,
26174800,animal,False,other,We used a mouse tracheal OB model,mechanistic_translational,True,systemic injection of CCN1-expressing adenoviral vectors,Other pharmacological,na,,,
26169666,human,True,retrospective_cohort,"retrospective, single-center study",clinical_cohort,False,,,na,304.0,study of 304 adult transplant recipients,
26113688,ex_vivo_human,False,cross_sectional,,mechanistic_translational,False,,,na,,,
25989360,human,True,retrospective_cohort,The aim of this retrospective study,clinical_cohort,False,,,na,124.0,HLA-G SNPs were genotyped in 124 recipients who underwent LTx,
25975883,human,True,other,,mechanistic_translational,True,We compared the two devices at different working temperatures,Extracorporeal photopheresis,na,,,
26112178,human,True,retrospective_cohort,retrospective cohort study,clinical_cohort,True,Extracorporeal photochemotherapy (ECP),Extracorporeal photopheresis,treatment_established_clad,,,
25904524,animal,False,other,modified delayed-tolerance-induction protocol,mechanistic_translational,True,modified delayed-tolerance-induction protocol,Cell therapy,prevention,,,
25881588,human,True,other,we conducted a non-randomized trial,trial,True,Antegrade lung preservation (AP) was performed in 173 patients and retrograde in situ perfusion (RP) in 36 patients,Surgical / procedural,prevention,209.0,A total of 209 consecutive recipients transplanted with low-potassium dextrane (LPD)-preserved lungs were eligible for analysis.,
25979625,mixed,True,cross_sectional,Biopsy specimens were obtained from 20 lung transplant recipients with BOS((+)) and 19 without BOS((-)),mechanistic_translational,False,,,na,39.0,20 lung transplant recipients with BOS((+)) and 19 without BOS((-)),
25940517,human,True,retrospective_cohort,included in this retrospective analysis,clinical_cohort,False,,,na,143.0,A total of 143 patients underwent re-LTx for CLAD,
25848314,human,True,retrospective_cohort,A literature search was conducted to identify cases,clinical_cohort,False,,,na,1007.0,"This resulted in 1,007 lung transplantation recipients",
26372850,human,True,prospective_cohort,Recipients were prospectively monitored for subsequent viremia.,mechanistic_translational,False,,,na,71.0,discovery (n = 43) and validation (n = 28) cohorts,
25922973,human,True,other,Serial FEV1 and FVC values were studied among 205 bilateral lung transplant recipients,clinical_cohort,False,,,na,205.0,among 205 bilateral lung transplant recipients,
25851200,human,True,retrospective_cohort,"From February 2008 to December 2011, 354 lung transplants were performed.",clinical_cohort,True,endovascular interventions for symptomatic lung transplant-related anastomotic pulmonary artery stenosis,Surgical / procedural,na,19.0,Pulmonary arteriography was performed in 19 patients,
25827676,human,True,retrospective_cohort,we performed a thorough review of the current results for re-LTx in the Nordic countries,clinical_cohort,False,,,na,75.0,Seventy-five patients,
25941328,mixed,False,other,Microarray analysis was performed in a murine model of anti-MHC-induced obliterative airway disease (OAD),mechanistic_translational,False,,,na,,,
25935436,human,True,other,,mechanistic_translational,False,,,na,431.0,431 lung transplant recipients,
25841614,human,True,prospective_cohort,analyzing peripheral blood taken at multiple time points after transplantation,mechanistic_translational,False,,,na,,,
25773063,animal,False,other,orthotopic mouse model,mechanistic_translational,False,,,na,,,
25777057,human,True,retrospective_cohort,"Between January 2007 and November 2013, 302 LTxs were performed in our institution",clinical_cohort,False,,,na,302.0,302 LTxs were performed in our institution,
26372728,human,True,rct,randomized controlled trial comparing prophylactic treatment with placebo (n = 43) versus azithromycin (n = 40),trial,True,prophylactic treatment with placebo (n = 43) versus azithromycin (n = 40),Azithromycin / macrolide,prevention,83.0,placebo (n = 43) versus azithromycin (n = 40),
25727073,animal,False,other,mouse orthotopic tracheal transplant model,mechanistic_translational,True,"when combined with cyclosporine, elafin effectively preserved airway microvascular perfusion and oxygenation",Other pharmacological,prevention,,,
25819270,human,False,other,This paper represents the author's overview,methods_or_review,False,,,na,,,
25707585,human,True,registry,The United Network for Organ Sharing database was queried from 1987 to 2013,registry,False,,,na,930.0,Of 930 pediatric lung transplants,
25714615,human,True,rct,placebo-controlled trial,trial,True,"azithromycin (250 mg alternate days, 12 weeks) with placebo",Azithromycin / macrolide,treatment_established_clad,48.0,48 patients were randomised,
25662904,human,False,other,,methods_or_review,False,,,na,,,
25816104,human,True,cross_sectional,Seventy-six recipients of double lung allografts who underwent MR imaging of the lungs during an outpatient visit between 2011 and 2013 were included in this study,mechanistic_translational,False,,,na,76.0,Seventy-six recipients of double lung allografts,
25659973,human,True,retrospective_cohort,The study design was a retrospective review of the prospectively collected data.,clinical_cohort,False,,,na,88.0,a total of 88 LTx were performed in patients with COPD,
25651312,human,True,cross_sectional,,mechanistic_translational,False,,,na,,,
25683785,human,True,other,A three-state Cox semi-Markovian model was used,clinical_cohort,False,,,na,,,
25753833,human,True,retrospective_cohort,"Between December 2011 and May 2014, 52 LTx recipients developed 56 episodes of symptomatic RSV infection",clinical_cohort,True,Oral ribavirin (20 mg/kg/day) was given by day 2 in 53 of 56 episodes,Other pharmacological,na,52.0,52 LTx recipients,
25651311,human,True,retrospective_cohort,Retrospective Single-Center Analysis of Outcomes,clinical_cohort,True,Celsior solution was used in our clinical lung transplant program. Data were compared with our historic LPD cohort.,Other pharmacological,prevention,417.0,209 consecutive lung transplantations were performed with LPD. These were compared to 208 transplants between February 2005 and September 2007 with Celsior.,
25628788,animal,False,other,prepare the obliterative bronchiolitis (OB) animal model,mechanistic_translational,False,,,na,,,
25695787,mixed,False,other,Heterotopic bronchus transplantation was performed in 33 NOD.rag(−/−)γc(−/−) mice,mechanistic_translational,False,,,na,,,
25687798,human,True,retrospective_cohort,We performed a retrospective study on 442 patients,clinical_cohort,False,,,na,442.0,on 442 patients,
25489125,human,False,other,,methods_or_review,False,,,na,,,
25488753,human,True,prospective_cohort,We prospectively enrolled 63 LTx recipients,mechanistic_translational,False,,,na,63.0,We prospectively enrolled 63 LTx recipients,
28514585,human,False,other,,methods_or_review,False,,,na,,,
25533723,human,True,other,,clinical_cohort,False,,,na,58.0,A total of 58 consecutive lung transplant patients were included in the study.,
25499141,human,True,retrospective_cohort,A chart review was conducted,clinical_cohort,False,,,na,,,
25476845,human,True,retrospective_cohort,This retrospective single-center study included all lung transplants performed between September 2008 and December 2012.,clinical_cohort,True,recipients of EVLP-treated lungs compared with contemporaneous recipients of conventional donor lungs,Surgical / procedural,prevention,403.0,Of 403 lung transplants that were performed,
25478178,mixed,False,other,,mechanistic_translational,False,,,na,,,
25447582,human,True,prospective_cohort,Eighty-six LTxRs underwent 325 serial FeNO measurements,clinical_cohort,False,,,na,86.0,Eighty-six LTxRs,
25479016,human,True,cross_sectional,patients with and without BOS after LTx,clinical_cohort,False,,,na,56.0,measurements of flow in the main pulmonary artery and ascending aorta were performed in 56 lung transplant patients,
25444368,human,True,retrospective_cohort,This was a retrospective cohort study,clinical_cohort,False,,,na,30.0,Thirty patients,
25649290,human,True,cross_sectional,miRNA profiling of mononuclear cells from 10 stable LT ... 10 LT with DSA(+) BOS(-) ... and 10 LT with DSA(+) BOS(+) ... were performed,mechanistic_translational,False,,,na,30.0,10 stable LT ... 10 LT with DSA(+) BOS(-) ... and 10 LT with DSA(+) BOS(+),
25468952,human,True,retrospective_cohort,"Clinical course, pulmonary function and radiological findings were reviewed retrospectively in all the 38 patients",clinical_cohort,False,,,na,38.0,Among 38 patients who survived more than 3 months after LDLLT,
25443870,human,True,prospective_cohort,We prospectively screened 445 LTRs for DSA ... and evaluated clinical outcomes.,clinical_cohort,False,,,na,445.0,We prospectively screened 445 LTRs,
25447575,human,True,retrospective_cohort,A retrospective observational study was conducted,clinical_cohort,True,preemptive treatment protocol,Antibody / biologic,prevention,500.0,Among the 500 transplant recipients,
25732447,human,False,other,"Herein, we discuss the broadening spectrum of these pulmonary syndromes",methods_or_review,False,,,na,,,
25447585,human,False,cross_sectional,A web-based survey was designed and distributed,methods_or_review,False,,,na,87.0,Eighty-seven respondents from the Pulmonary Council of the ISHLT responded to this survey.,
25412223,human,True,retrospective_cohort,A retrospective review was conducted of LTX recipients,clinical_cohort,False,,,na,34.0,Of 34 LTX recipients identified,
25524280,animal,False,other,rat acute rejection model,mechanistic_translational,False,,,na,,,
25358842,human,True,retrospective_cohort,We conducted a retrospective cohort study,clinical_cohort,False,,,na,397.0,including 397 bilateral lung recipients,
25387861,human,True,other,We report on 20 patients,clinical_cohort,True,"received extracorporeal CO2 removal (ECCO2-R) by means of the interventional lung assist (ILA®, Novalung) as bridge to LTX",Surgical / procedural,na,20.0,We report on 20 patients,
25420846,human,True,other,This case series compared patients with IIM who underwent transplantation,case_report_series,True,lung transplantation (LTx),Surgical / procedural,na,5.0,From the 5 IIM patients with associated ILD,
25394537,human,True,prospective_cohort,prospectively treated,clinical_cohort,True,azithromycin,Azithromycin / macrolide,prevention,15.0,Fifteen lung transplant recipients,
25443001,human,True,retrospective_cohort,We retrospectively reviewed the data of 342 patients,clinical_cohort,False,,,na,342.0,342 patients,
25266074,human,True,retrospective_cohort,All 514 consecutive lung transplants (LTx) performed between Jan 2000 and Oct 2011 were included.,clinical_cohort,False,,,na,514.0,All 514 consecutive lung transplants (LTx) performed between Jan 2000 and Oct 2011 were included.,
25420847,human,True,retrospective_cohort,"Between July 1, 1991, and February 28, 2011, 535 isolated LTx were performed",clinical_cohort,True,Reduced-size lung transplantation (LTx) was promoted to shorten waiting times,Surgical / procedural,na,74.0,"including 74 in cystic fibrosis patients (8 L, 66 FS)",
25186813,human,False,other,In this review,methods_or_review,False,,,na,,,
25179205,animal,False,other,using a new experimental model,mechanistic_translational,False,,,na,,,
25260894,human,True,retrospective_cohort,retrospective observational study,clinical_cohort,False,,,na,230.0,We analysed a total of 230 lung transplants,
27833787,human,True,other,In this review,methods_or_review,False,,,na,226.0,comprising 226 subjects,
25220332,animal,False,other,Following syngeneic murine orthotopic lung transplantation (LTx) we administered antibodies (Abs),mechanistic_translational,True,we administered antibodies (Abs) to either Kα1T or Col-V or in combination to both of these self-Ags,Antibody / biologic,na,,,
25162457,human,True,retrospective_cohort,"single-center, retrospective, cohort study",clinical_cohort,False,,,na,24.0,Twenty-four patients met the inclusion criteria.,
25121476,human,True,retrospective_cohort,"A total of four LDLT patients and five pregnancies were identified, all from our institution.",case_report_series,False,,,na,4.0,A total of four LDLT patients,
25179441,animal,False,other,,mechanistic_translational,True,50x106 mesenchymal-stem-cells (MSC) were administered in the pulmonary artery (group 3) or nebulized endobronchially (group 4) before lung preservation.,Cell therapy,prevention,,,
25769073,human,True,retrospective_cohort,"A retrospective, cohort review of patients 18 years or older",clinical_cohort,True,changed our primary induction protocol from basiliximab with standard maintenance immunosuppression to alemtuzumab induction with reduced dose maintenance immunosuppression,Induction agent,prevention,,,
25099705,human,True,retrospective_cohort,Pre-LT and post-LT events were retrospectively analyzed.,clinical_cohort,True,nonspecific intravenous Ig (IVIg),Other pharmacological,prevention,84.0,in 54 of 84 consecutive recipients,
25169957,human,True,retrospective_cohort,We analyzed outcomes of 39 patients listed for retransplantation between 2008 and 2012.,clinical_cohort,True,"5 patients awake on ECMO support (awake bridging, Group 3)",Surgical / procedural,na,39.0,outcomes of 39 patients,
25070908,human,True,retrospective_cohort,Patient records were retrospectively reviewed.,clinical_cohort,False,,,na,546.0,546 patients underwent lung transplantation at our institution,
25118847,human,True,retrospective_cohort,We conducted a retrospective multicenter study of seven patients,case_report_series,True,underwent LT for cystic lung LCDD,Surgical / procedural,na,7.0,a retrospective multicenter study of seven patients,
25068264,human,True,retrospective_cohort,"retrospective, single-center, pilot review of 38 lung transplant recipients",mechanistic_translational,False,,,na,38.0,review of 38 lung transplant recipients,
25070600,human,True,retrospective_cohort,we evaluate retrospectively the results of LTx from donors outside standard criteria,clinical_cohort,True,"LTx from ""extended donor criteria""",Surgical / procedural,prevention,248.0,Two hundred and forty-eight patients underwent first time LTx,
25130554,human,True,other,Data were analyzed from 188 lung transplant recipients with a follow-up period up to 8 years.,clinical_cohort,False,,,na,188.0,Data were analyzed from 188 lung transplant recipients,
25106683,human,True,registry,The United Network for Organ Sharing database was retrospectively reviewed,registry,True,use of ABO compatible donors,Other,na,6655.0,"Of 6,655 double lung transplants",
25039364,human,True,rct,prospectively randomized in two groups,trial,True,"alemtuzumab, in combination with reduced levels of maintenance IS, was compared to thymoglobulin in combination with standard IS",Induction agent,prevention,60.0,Sixty consecutive patients,
25049068,human,True,rct,randomized (1:1) open-label superiority study,trial,True,de novo enteric-coated mycophenolate sodium (MPS) vs delayed-onset everolimus (RAD),mTOR inhibitor,prevention,,,
25004453,human,True,retrospective_cohort,retrospective single-center study,clinical_cohort,False,,,na,255.0,255 lung transplant recipients (LTR),
25002389,human,True,prospective_cohort,"prospective, nonrandomized, single-institutional clinical study",trial,True,normothermic ex vivo allograft blood perfusion using an organ care system (OCS),Surgical / procedural,prevention,159.0,"Over a 2-year period (January 2006 to July 2008), 159 adult cardiac allografts were transplanted.",
24983218,human,False,other,,methods_or_review,False,,,na,,,
26425619,human,True,other,We present a case of a lung transplant recipient treated with belatacept.,case_report_series,True,sirolimus was switched to belatacept,Other pharmacological,na,1.0,We present a case,
24906794,human,True,retrospective_cohort,retrospective analysis of spirometry performed at routine clinic visits,clinical_cohort,True,Extracorporeal photopheresis (ECP),Extracorporeal photopheresis,treatment_established_clad,,,
25050473,human,True,cross_sectional,"we measured 34 different cytokines, chemokines, and growth factors in bronchoalveolar lavage fluid of 20 stable patients, 20 patients suffering from non-neutrophilic BOS, 17 from neutrophilic BOS, and 20 from RAS",mechanistic_translational,False,,,na,,,
25151535,human,True,retrospective_cohort,A retrospective analysis of 107 patients with COPD receiving lung transplants,clinical_cohort,False,,,na,107.0,107 patients with COPD,
24842125,human,True,registry,Registry of the Japanese Society of Lung and Heart-Lung Transplantation,registry,False,,,na,61.0,Sixty-one lung transplantations were conducted throughout Japan in 2013,
24866539,mixed,False,other,Transfer of antigen-pulsed peripheral blood mononucleated cells (PBMCs) from Col V-reactive patients into SCID mouse footpads,mechanistic_translational,True,P2X7R antagonists,Other pharmacological,na,,,
24995808,human,False,other,This review,methods_or_review,False,,,na,,,
24787265,human,True,cross_sectional,,mechanistic_translational,False,,,na,53.0,Bronchoalveolar lavage (BAL) samples were collected from 53 recipients,
24792713,human,True,cross_sectional,,mechanistic_translational,False,,,na,48.0,"From 48 heart transplanted patients, 64 tissue specimens derived from right ventricular biopsies were available.",
24810480,human,True,retrospective_cohort,retrospective observational study using database information of our cohort,clinical_cohort,False,,,na,173.0,21 of 173 patients followed up,
24802006,human,True,other,,mechanistic_translational,False,,,na,418.0,of 418 LTx recipients,
24831685,human,True,cross_sectional,We performed bronchoscopies with bronchoalveolar lavage (BAL) on lung transplant recipients (46 procedures in 33 patients) and 26 non-transplant control subjects.,mechanistic_translational,False,,,na,59.0,46 procedures in 33 patients) and 26 non-transplant control subjects,
25412059,human,True,retrospective_cohort,we reviewed records for all ILD lung transplantation cases at our institution from 2000 to 2013,clinical_cohort,False,,,na,122.0,We analyzed 31 subjects with HP and 91 with IPF,
24750386,mixed,True,cross_sectional,,mechanistic_translational,False,,,na,,,
24725092,human,True,retrospective_cohort,A retrospective analysis of all LTR and heart-lung transplant recipients attending outpatient follow-up at our institution,clinical_cohort,False,,,na,78.0,Seventy-eight patients (9%) exhibited new pulmonary infiltrates and proceeded to bronchoscopy,
25043624,human,True,retrospective_cohort,A total of 184 LTx procedures performed under CPB were grouped depending on clamping...,clinical_cohort,True,"the ""no-clamp"" technique",Surgical / procedural,prevention,184.0,A total of 184 LTx procedures,
24621537,human,True,other,,clinical_cohort,False,,,na,503.0,"In 503 of 568 patients, the CAV-1 (rs3807989) polymorphism was successfully determined",
24778446,human,True,prospective_cohort,Longitudinal posttransplant monitoring,mechanistic_translational,False,,,na,2.0,in two genetically distinct individuals,
24748604,mixed,False,other,We performed adoptive transfer of mismatched splenocytes into recombinant activating gene 1 (Rag1)-deficient mice,mechanistic_translational,False,,,na,,,
24685381,human,True,retrospective_cohort,retrospectively analyzed,mechanistic_translational,False,,,na,142.0,A total of 57 recipients with irreversible fibrotic BOS and matched 85 recipients without BOS were retrospectively analyzed.,
24713820,human,True,prospective_cohort,To prospectively evaluate quantitative airway wall measurements,clinical_cohort,False,,,na,141.0,patients with (n = 25) and without (n = 116) BOS,
24512389,human,True,retrospective_cohort,We retrospectively compared 2939 BAL cell counts and immunophenotypes,clinical_cohort,False,,,na,317.0,We randomly assigned 317 subjects to a derivation or validation cohort,
24750288,human,True,prospective_cohort,from a prospective study of mental health during the first two yr post-transplant,clinical_cohort,False,,,na,64.0,Sixty-four patients (86% of survivors) were assessed,
24727334,human,True,retrospective_cohort,a retrospective case series at our institution and a review of the medical literature,case_report_series,False,,,na,70.0,We identified a total of 70 cases of LT after HCT,
24462412,human,True,retrospective_cohort,we retrospectively evaluated impact of donor smoking history and extent of smoking on midterm outcome after LTx,clinical_cohort,False,,,na,237.0,"In all, 237 LTx were performed in our institution between 2007 and 2012",
24598562,human,True,retrospective_cohort,This retrospective observational study,clinical_cohort,True,patients who were treated with domperidone,Other pharmacological,na,82.0,Of 82 patients,
24461432,human,True,retrospective_cohort,All 24 established RAS patients at our center were retrospectively included.,clinical_cohort,False,,,na,24.0,All 24 established RAS patients,
24445061,human,True,retrospective_cohort,239 Lung transplant recipients were retrospectively studied.,clinical_cohort,True,treatment response to azithromycin,Azithromycin / macrolide,treatment_established_clad,239.0,239 Lung transplant recipients were retrospectively studied.,
24832379,human,True,retrospective_cohort,We interrogated the registry database of all admissions to the MICU at Cleveland Clinic,clinical_cohort,False,,,na,101.0,n = 101,
24392140,human,True,other,,mechanistic_translational,False,,,na,,,
24471427,mixed,True,other,,mechanistic_translational,True,Treatment with low-molecular-weight HA,Other pharmacological,na,,,
25096855,human,True,cross_sectional,,mechanistic_translational,False,,,na,43.0,We analyzed the presence of anti-ETAR and anti-AT1R autoantibodies in 43 LTx patients,
24354907,ex_vivo_human,False,other,,mechanistic_translational,False,,,na,14.0,patients with rejected lung allografts treated by a second transplant (n = 7) ... unused donor (control) lungs (n = 7),
24380698,mixed,True,cross_sectional,"Bronchoalveolar lavage (BAL) and serum from LTx recipients, BOS+ (n=28), BOS- (n=26) and normal healthy controls (n=24) were analyzed.",mechanistic_translational,False,,,na,78.0,"BOS+ (n=28), BOS- (n=26) and normal healthy controls (n=24)",
24416715,human,True,cross_sectional,Whole-genome gene expression profiling was performed in a cohort of patients that underwent lung transplantation as well as healthy controls,mechanistic_translational,False,,,na,18.0,In a cohort of 18 lung transplant patients,
24327002,human,False,other,This article is an attempt to analyze and discuss,methods_or_review,False,,,na,,,
24414458,human,True,prospective_cohort,85 lung transplantation patients undergoing surveillance bronchoscopy were prospectively enrolled,mechanistic_translational,False,,,na,85.0,85 lung transplantation patients,
24325216,human,True,retrospective_cohort,"We performed a retrospective, single-centre study",clinical_cohort,True,three months of valganciclovir prophylaxis (2004-2006) was compared to three months of oral ganciclovir (2001-2003),CMV prophylaxis / antiviral,prevention,114.0,114 lung transplant recipients,
24265781,human,True,other,,mechanistic_translational,False,,,na,,,
24401019,human,True,retrospective_cohort,"386 consecutive adults who underwent LTx at our institution from January 1, 2001 to July 31, 2010",clinical_cohort,False,,,na,386.0,in 386 consecutive adults,
24263024,human,True,other,,mechanistic_translational,False,,,na,497.0,Six genetic variants in IL-17 and IL-23 receptor genes were genotyped in 497 lung transplant patients.,
24164971,human,True,other,,mechanistic_translational,False,,,na,109.0,Of 109 patients who underwent bilateral lung or heart-lung transplantation and survived for more than 3 months,
24559038,ex_vivo_human,False,other,in vitro experiments,mechanistic_translational,True,Half-chain gold nanoparticles with everolimus,Other pharmacological,na,,,
24217238,human,True,retrospective_cohort,Twenty consecutive case-controls who underwent transplantation between 2005 and 2006,clinical_cohort,True,alemtuzumab induction with a reduced maintenance immunosuppression regimen,Induction agent,prevention,40.0,20 consecutive lung transplantation patients; Twenty consecutive case-controls,
24309319,animal,False,other,,mechanistic_translational,False,,,na,,,
24063316,human,True,retrospective_cohort,Transbronchial biopsies from all lung transplant recipients were reviewed.,mechanistic_translational,False,,,na,441.0,"There were 1,585 biopsies from 441 recipients",
24054808,human,True,registry,The United Network of Organ Sharing database was examined,registry,False,,,na,3704.0,"Of the 3,704 single-lung transplantations",
24199758,animal,False,other,A murine heterotopic tracheal transplant model was used,mechanistic_translational,True,PMSCs or PMSC-conditioned medium (PMSCCM) were injected either locally or intratracheally into the allograft,Cell therapy,prevention,,,
24050896,animal,False,other,We established a relevant experimental model,mechanistic_translational,False,,,na,,,
24021943,ex_vivo_human,False,other,"Isolated peripheral blood mononuclear cells from transplant patients with stable lung function, patients with BOS, and healthy controls were stimulated",mechanistic_translational,True,with blocking anti-CD137,Antibody / biologic,treatment_established_clad,,,
23953920,human,True,retrospective_cohort,"retrospective, single-center cohort study",clinical_cohort,False,,,na,21.0,We identified 21 recipients with acute AMR,
24076039,human,True,other,Patients comprised 68 lung transplant recipients with proven/probable IA followed for 12 months.,clinical_cohort,False,,,na,68.0,Patients comprised 68 lung transplant recipients with proven/probable IA,
24003532,human,True,prospective_cohort,Serial serum samples were collected after lung transplantation and prior to BOS.,mechanistic_translational,False,,,na,20.0,Ten patients with BOS (BOS(pos)) and 10 matched patients without BOS (BOS(neg)) were included.,
24028302,human,True,other,,mechanistic_translational,False,,,na,58.0,from 58 LTRs,
24119986,human,True,retrospective_cohort,This retrospective study examines the effects of SIR,clinical_cohort,True,"were switched to Tac, SIR, and Pred at 1 year after transplantation",mTOR inhibitor,prevention,46.0,24 lung transplant recipients; 22 lung transplant recipients,
23841811,human,True,prospective_cohort,Recipients were prospectively followed with routine pulmonary function tests.,mechanistic_translational,False,,,na,191.0,in 191 lung transplant recipients consecutively transplanted,
23845868,human,True,other,,clinical_cohort,False,,,na,100.0,252 bronchoalveolar lavage fluid (BALF) samples were collected from 100 lung transplant patients,
23828676,animal,False,other,Rats ... were treated with methylprednisolone ... alone or in combination with everolimus,mechanistic_translational,True,"in combination with everolimus (2.5 mg/kg, postoperative days 14-30)",mTOR inhibitor,na,,,
23953819,animal,False,other,Using the mouse heterotopic tracheal transplant model,mechanistic_translational,True,Administration of poly(I:C) to DST/anti-CD154-treated recipients,Other pharmacological,na,,,
24146959,animal,False,other,"we subjected C57BL/6 wildtype, Myd88(-/-), and Tlr4(-/-) mice to 1 hr of left lung warm ischemia followed by 4 hr of reperfusion",mechanistic_translational,False,,,na,,,
23797537,animal,False,other,orthotopically transplanting tracheas into mice,mechanistic_translational,False,,,na,,,
23806229,animal,False,other,"A total alloantigenic mismatch, murine, heterotopic tracheal transplant model of BO was used.",mechanistic_translational,True,Animals were treated with either rapamycin or dimethyl sulfoxide (controls),mTOR inhibitor,prevention,,,
23952051,animal,False,other,,mechanistic_translational,True,Mice treated with 20 mg/kg/day clopidogrel for 30 days,Other pharmacological,prevention,,,
23856218,human,True,other,,clinical_cohort,False,,,na,317.0,Pre- and post-transplant sera were analyzed from 317 lung transplant (LTx) recipients,
23628225,human,True,prospective_cohort,We prospectively collected 257 BALF samples from 105 lung transplant recipients.,mechanistic_translational,False,,,na,105.0,from 105 lung transplant recipients,
23642186,in_vitro,False,other,Here we report the full characterization,mechanistic_translational,False,,,na,,,
23623543,human,True,registry,The United Network for Organ Sharing (UNOS) database was examined,registry,False,,,na,5900.0,"Of 5,900 double-lung transplants",
24157472,human,True,retrospective_cohort,We performed a retrospective analysis of our transplanted patients between 2001 and 2011,clinical_cohort,False,,,na,,,
23715594,human,True,retrospective_cohort,"We examined all recipients of primary cadaveric lung transplants at our institution between January 1, 2000, and December 31, 2007 (N = 145).",clinical_cohort,False,,,na,145.0,(N = 145),
23664760,human,True,registry,retrospectively reviewed the United Network for Organ Sharing (UNOS) database,registry,False,,,na,10666.0,"We identified 10,666 recipients",
23591728,human,True,cross_sectional,"single-center, cross-sectional, partly prospective, study",clinical_cohort,False,,,na,52.0,Fifty-two patients consented to participating in the study,
23710330,human,False,other,This manuscript discusses recent and evolving advances in the field of lung transplantation.,methods_or_review,False,,,na,,,
23605986,human,False,other,,methods_or_review,False,,,na,,,
23594384,human,True,retrospective_cohort,"Over a 4 year period, 73 patients ... were identified who underwent esophageal function testing",clinical_cohort,False,,,na,73.0,"Over a 4 year period, 73 patients",
23545509,human,True,retrospective_cohort,"From 1998 to 2012, persons undergoing LT for SSc-LD were age and gender matched in a 2:1 fashion to controls undergoing LT for nCTD-ILD.",clinical_cohort,False,,,na,69.0,Survival was similar in 23 persons with SSc-LD and 46 controls who underwent LT,
24007361,human,True,prospective_cohort,"Posttransplant assessments include pulmonary function tests, bronchoscopy, broncho-alveolar lavage fluid (BALF) and biopsies",clinical_cohort,False,,,na,42.0,"The expression of SP-(A, B, C, D) mRNA was assayed in 42 allografts.",
23540400,human,True,retrospective_cohort,We retrospectively collected and analyzed data from all lung transplant recipients who underwent anti-reflux surgery,clinical_cohort,True,Forty patients underwent laparoscopic Nissen fundoplication.,Antireflux surgery,prevention,40.0,Forty patients underwent laparoscopic Nissen fundoplication.,
23614642,human,True,other,,clinical_cohort,False,,,na,194.0,We evaluated 194 bilateral lung transplant recipients,
23619376,animal,False,other,Several animal models have been established,mechanistic_translational,False,,,na,,,
23570741,human,True,cross_sectional,We conducted a cross-sectional study of lung transplant recipients,clinical_cohort,False,,,na,210.0,We enrolled 210 subjects,
23607447,human,True,cross_sectional,"Co-stimulatory molecules, granzyme B, perforin and intracellular cytokines were measured by flow cytometry on T cells from stable lung transplant patients (n = 38), patients with BOS (n = 20) and healthy controls (n = 10).",mechanistic_translational,False,,,na,68.0,"stable lung transplant patients (n = 38), patients with BOS (n = 20) and healthy controls (n = 10)",
23444472,human,True,retrospective_cohort,retrospective cohort study of 39 LTX recipients,clinical_cohort,False,,,na,39.0,retrospective cohort study of 39 LTX recipients,
23498820,animal,False,other,,mechanistic_translational,True,Group 3 animals were treated with the same dosage of FTY720 from day 0 to 100,Other pharmacological,prevention,50.0,A total of 50 rats underwent allogenic (F344-to-WKY) and syngenic (WKY-to-WKY) left LTX,
23471704,animal,False,other,rat model of left lung allo-transplantation,mechanistic_translational,True,imatinib ... alone or in combination with everolimus,mTOR inhibitor,prevention,,,
23527908,human,True,retrospective_cohort,"A single-center, retrospective cohort study was conducted",clinical_cohort,True,voriconazole preemptive treatment,Other pharmacological,prevention,62.0,We reviewed 62 adult LTx patients,
23527783,ex_vivo_human,False,other,"develop a fast, repeatable method to individually isolate these low-frequency cell types",methods_or_review,False,,,na,,,
23536885,human,True,prospective_cohort,107 patients were prospectively enrolled and their follow-up was performed until 2009,mechanistic_translational,False,,,na,107.0,107 patients were prospectively enrolled,
23530912,human,True,prospective_cohort,Pretreatment and posttreatment pulmonary function tests were done at 3-month intervals.,clinical_cohort,True,Patients with positive gastroesophageal reflux disease were started on omeprazole.,Other pharmacological,treatment_established_clad,7.0,Seven postallogeneic hematopoietic stem cell transplant patients with bronchiolitis obliterans syndrome were studied.,
23417393,human,True,prospective_cohort,prospectively studied,clinical_cohort,False,,,na,33.0,Thirty-three LT recipients,
23433813,human,True,retrospective_cohort,Clinical records and pulmonary function data of 597 patients ... were examined.,clinical_cohort,False,,,na,597.0,597 patients who underwent bilateral lung transplantation,
23406373,human,True,retrospective_cohort,A single center retrospective analysis of all patients commencing ECP for CLAD,clinical_cohort,True,extracorporeal photopheresis (ECP),Extracorporeal photopheresis,treatment_established_clad,65.0,In total 65 patients were included,
23396843,mixed,True,other,,mechanistic_translational,False,,,na,,,
23425818,human,True,retrospective_cohort,A retrospective analysis of our lung transplantation cohort was performed (n=380).,clinical_cohort,False,,,na,380.0,(n=380),
23398785,human,True,other,two large independent cohorts,clinical_cohort,False,,,na,,,
23328531,human,True,other,A three-state model was developed,clinical_cohort,False,,,na,,,
23328523,human,True,cross_sectional,To cross-sectionally and longitudinally characterize microbial communities,mechanistic_translational,False,,,na,,,
23415729,human,True,other,,mechanistic_translational,True,Biopsies of 7 patients with LB were stained before and after azithromycin treatment.,Azithromycin / macrolide,na,7.0,Biopsies of 7 patients with LB,
23237700,human,True,registry,OPTN/SRTR 2011 Annual Data Report,registry,False,,,na,,,
23331756,human,True,prospective_cohort,We performed a cohort study of 106 lung transplant recipients between 2002 and 2006 ... with follow-up through 2010.,mechanistic_translational,False,,,na,106.0,a cohort study of 106 lung transplant recipients,
23322094,human,True,retrospective_cohort,We reviewed 256 donors and lung transplant recipients over a 14-year period.,clinical_cohort,False,,,na,256.0,We reviewed 256 donors and lung transplant recipients,
23328795,human,True,prospective_cohort,prospectively screened for HLA antibodies after transplant,clinical_cohort,False,,,na,441.0,A single-center cohort of 441 lung transplant recipients,
23375322,human,True,retrospective_cohort,We performed a retrospective review of the database,clinical_cohort,False,,,na,100.0,We performed 100 of 244 lung transplantions at the Wuxi Center,
23313559,human,True,retrospective_cohort,Forty-one lung transplant biopsies from 41 patients at our institution were included in our study. The biopsy H&E slides were reviewed in a blinded fashion,clinical_cohort,False,,,na,41.0,Forty-one lung transplant biopsies from 41 patients,
23325004,animal,False,other,Using a murine model of OAD,mechanistic_translational,True,Anti-IL-17(A-F) mAb administration after anti-MHC I abrogated OAD,Antibody / biologic,na,,,
23279590,human,True,retrospective_cohort,were retrospectively reviewed,clinical_cohort,False,,,na,467.0,A total of 467 subjects met inclusion criteria,
23278569,human,True,retrospective_cohort,Spirometry and transbronchial biopsy results of LTR diagnosed with CARV infection over a two-yr period were extracted from clinical records.,clinical_cohort,False,,,na,59.0,Eighty-seven cases of CARV infection were identified in 59 subjects.,
23425678,human,True,retrospective_cohort,Review of lung transplants performed from traumatic donors over a 17-year period.,clinical_cohort,True,lung retrieval from traumatic donors performed within 24 h of brain death,Surgical / procedural,na,132.0,132 were from traumatic donors,
23260704,human,True,cross_sectional,Cross-sectional levels of serum immunoglobulins were measured on 2 occasions in our transplant cohort,clinical_cohort,False,,,na,139.0,A total of 139 patients,
23296148,human,True,retrospective_cohort,We retrospectively analyzed the clinical impact of pre-LTx Luminex-detected Abs,clinical_cohort,False,,,na,56.0,We analyzed data for 56 successive patients,
23239157,human,True,other,,clinical_cohort,False,,,na,298.0,samples with negative cultures collected in the first 90 days from 298 subjects,
23331973,animal,False,other,fully allogeneic trachea transplantation model in mice,mechanistic_translational,True,CsA-treated recipients,Other pharmacological,prevention,,,
23305183,human,True,prospective_cohort,"were alternatively assigned, within the same ECP cycle",clinical_cohort,True,compared the semiautomated COBE Spectra MNC and the new automated Spectra Optia v.5.0 MNC devices,Surgical / procedural,na,39.0,Thirty-nine patients (24 with GVHD and 15 with BOS),
24325429,human,True,retrospective_cohort,"Retrospective, single-center analysis of 566 consecutive first bilateral lung recipients transplanted over a 12-year period.",clinical_cohort,False,,,na,566.0,566 consecutive first bilateral lung recipients,
23284981,ex_vivo_human,False,other,,mechanistic_translational,True,whether EMT could be inhibited by azithromycin or mycophenolate,Azithromycin / macrolide,na,,,
23274967,human,True,other,a single-center experience,case_report_series,True,seven patients undergoing LuTX for severe refractory BO after HCT,Surgical / procedural,treatment_established_clad,7.0,We present seven patients undergoing LuTX,
25095525,mixed,False,other,,methods_or_review,False,,,na,,,
23102913,human,True,retrospective_cohort,Pulmonary function tests and records of pediatric lung transplantation patients at Texas Children's Hospital from 2002 to 2007 were reviewed.,clinical_cohort,False,,,na,31.0,Thirty-one patients were eligible for the study.,
23225511,human,True,retrospective_cohort,A retrospective review of 17 lung transplant recipients,clinical_cohort,False,,,na,17.0,A retrospective review of 17 lung transplant recipients,
23097371,human,True,retrospective_cohort,The records of candidates for lung transplantation treated with extracorporeal membrane oxygenation have been revised.,clinical_cohort,True,bridging critical candidates to lung transplantation with extracorporeal membrane oxygenation,Surgical / procedural,na,11.0,11 patients,
23091227,human,True,retrospective_cohort,Retrospective analyses of 75 lung transplant recipients,clinical_cohort,True,bilateral lobar lung transplantation (BLLT),Surgical / procedural,na,75.0,Retrospective analyses of 75 lung transplant recipients,
23187053,human,True,cross_sectional,The Short Form 36 Health Survey was completed by 92 adult recipients at various times after lung transplant,clinical_cohort,False,,,na,92.0,completed by 92 adult recipients,
23173619,human,True,prospective_cohort,Twelve bronchoalveolar lavage fluid (BALF) samples were obtained from four patients at three time points after transplantation,mechanistic_translational,False,,,na,4.0,from four patients,
23002428,human,False,other,,methods_or_review,False,,,na,,,
22986156,human,True,retrospective_cohort,5-year retrospective study,clinical_cohort,False,,,na,596.0,An S aureus infection developed in 109 of 596 lung transplant (18%) recipients,
23002078,mixed,False,other,This article describes novel methodologies,methods_or_review,False,,,na,,,
22998935,human,True,other,,clinical_cohort,False,,,na,89.0,the 89 lung transplant recipients,
23205765,animal,False,other,,mechanistic_translational,False,,,na,,,
23064037,human,True,retrospective_cohort,data on all patients with LTx after allo-SCT ever performed ... were recorded and compared with survival data,clinical_cohort,True,lung transplantation (LTx) may be the ultimate treatment option,Surgical / procedural,treatment_established_clad,13.0,"In total, LTx after allo-SCT had been performed in 13 patients.",
23018877,human,True,retrospective_cohort,Retrospective review of 493 patients who underwent lung transplantation between 1 January 1996 and 30 June 2009,clinical_cohort,False,,,na,493.0,Retrospective review of 493 patients who underwent lung transplantation,
23025532,human,True,retrospective_cohort,A single-center retrospective study was performed.,clinical_cohort,False,,,na,103.0,"In total, 103 LTx patients underwent 1118 BALs.",
23260706,human,True,retrospective_cohort,This was a retrospective review from 2007 to 2011,clinical_cohort,False,,,na,44.0,Donor-specific antibodies (DSA) developed in 13 of 44 patients,
22922656,human,True,retrospective_cohort,"CF patients transplanted at our centre were included (November 1992 to December 2009). Clinical data, including microbiological data before and after LTx were collected.",clinical_cohort,True,post-transplant sinus surgery and daily nasal douching,Surgical / procedural,prevention,94.0,Ninety-four CF patients were transplanted,
22980951,mixed,False,other,We used a murine model of obliterative airway disease (OAD),mechanistic_translational,False,,,na,5.0,Among 5 LTx recipients with BOS,
22815323,human,True,retrospective_cohort,A retrospective study of lung-transplant recipients,mechanistic_translational,False,,,na,19.0,n = 19,
22798321,human,True,cross_sectional,,mechanistic_translational,False,,,na,,,
22762710,human,True,cross_sectional,,mechanistic_translational,False,,,na,66.0,MBL was assayed in the peripheral blood of 66 lung transplant patients,
22884382,human,True,prospective_cohort,This prospective study,clinical_cohort,True,received additional ECP,Extracorporeal photopheresis,treatment_established_clad,1012.0,"a cohort of 1,012 lung transplant recipients",
22883104,human,True,cross_sectional,cross-sectional and longitudinal analysis,mechanistic_translational,False,,,na,,,
22759800,human,True,cross_sectional,,mechanistic_translational,False,,,na,,,
22902791,human,True,prospective_cohort,in a longitudinal study cohort of 63 consecutive lung transplant recipients,mechanistic_translational,False,,,na,63.0,63 consecutive lung transplant recipients,
22921151,human,True,cross_sectional,"We compared esophageal pH monitoring, manometry, gastric emptying studies, and barium swallow of 10 lung transplant patients with CF with those of 78 lung transplant patients with other end-stage pulmonary diseases.",clinical_cohort,False,,,na,88.0,10 lung transplant patients with CF with those of 78 lung transplant patients with other end-stage pulmonary diseases,
22822907,animal,False,other,administered anti-MHC class I to mice,mechanistic_translational,True,IL-17-blockade or adoptive transfer of Treg abrogated OAD,Cell therapy,na,,,
22682332,human,True,retrospective_cohort,"on 1276 bronchoscopic biopsies (397 patients, 416 transplantations) taken between 2001 and 2011",clinical_cohort,False,,,na,397.0,"(397 patients, 416 transplantations)",
22608715,human,True,retrospective_cohort,We analyzed our growing single-center experience with DCD lungs procured and transplanted,clinical_cohort,False,,,na,32.0,32 (4.9%) with DCD organs,
22568593,human,True,retrospective_cohort,we retrospectively analyzed serum samples from lung transplant recipients,clinical_cohort,True,a preemptive antibody-directed therapy protocol consisting of rituximab and/or intravenous immune globulin,Antibody / biologic,prevention,108.0,lung transplant recipients (n = 108),
22621746,human,True,retrospective_cohort,We performed a retrospective analysis of adult lung transplant patients infected with RSV (2006-2010).,clinical_cohort,True,Six received oral and 15 received inhaled ribavirin per clinician preference.,Aerosolised / inhaled other,na,21.0,The 21 study patients were,
22554673,human,True,rct,"multicenter, prospective, randomized (1:1) open-label superiority investigation",trial,True,de novo tacrolimus vs cyclosporine,Other pharmacological,prevention,249.0,110 of 124 tacrolimus vs 74 of 125 cyclosporine patients,
22676701,animal,False,other,in a weak allogeneic left LTx model in the rat,mechanistic_translational,True,"application of standard triple-drug immunosuppression (TD-IS) (cyclosporin A, azathioprine, prednisolone)",Other pharmacological,na,,,
22394285,animal,False,other,,mechanistic_translational,False,,,na,,,
22386692,human,True,cross_sectional,Blood and clinical data were collected from 99 asthmatics and 60 controls.,mechanistic_translational,False,,,na,159.0,Blood and clinical data were collected from 99 asthmatics and 60 controls.,
22418078,human,True,cross_sectional,"Bronchial brushings from patients with stable graft function, evidence of acute rejection, bronchiolitis obliterans syndrome, infection, and healthy controls were stimulated",mechanistic_translational,False,,,na,,,
22460525,human,True,other,single institutional experience,clinical_cohort,True,"combined medical and surgical treatment plan, which consists of an endoscopic fronto-spheno-ethmoidectomy as well as a meticulous daily nasal care program",Surgical / procedural,prevention,,,
22398468,animal,False,other,A rat model of left lung allo-transplantation ... was used,mechanistic_translational,True,"MMF therapy began on Days 0, 7 and 14 after transplantation",Other pharmacological,prevention,,,
22371518,human,True,retrospective_cohort,"Since initiation of the DCD programme in March 2007, of the 157 lung transplantations performed",clinical_cohort,True,lung transplantation from DCD ... compare the outcomes with the lung recipient cohort receiving lungs from donation after brain death (DBD),Surgical / procedural,prevention,157.0,of the 157 lung transplantations performed,
22425236,human,True,retrospective_cohort,single-center experience,clinical_cohort,False,,,na,494.0,494 lung and heart-lung transplantations were performed,
22313020,human,True,retrospective_cohort,The files of 139 patients ... were reviewed,clinical_cohort,False,,,na,139.0,The files of 139 patients,
22330935,human,True,retrospective_cohort,"We reviewed the results of 4,085 transbronchial biopsies obtained from 720 lung transplant recipients.",clinical_cohort,False,,,na,720.0,720 lung transplant recipients,
22503816,human,True,retrospective_cohort,A retrospective review of all LTx recipients who underwent CPET between 2001 and 2009 was conducted.,clinical_cohort,False,,,na,183.0,in 183 patients,
22306439,human,True,prospective_cohort,A prospective collection of data was undertaken from all lung transplants performed among uncontrolled NHBDs between 2002 and December 2009.,clinical_cohort,False,,,na,29.0,Twenty-nine lung transplants were performed.,
22754663,animal,False,other,this review will summarize their experience,methods_or_review,False,,,na,,,
22305385,human,True,cross_sectional,In a cross-sectional design,mechanistic_translational,False,,,na,,,
22320224,human,True,retrospective_cohort,"We included consecutive adult (16-yr-old or older) patients who underwent lung re-transplantation, between 1997 and 2009",clinical_cohort,False,,,na,18.0,Eighteen patients were included in the study.,
22305384,animal,False,other,We performed 10 left LTs using the microsurgical cuff technique in inbred Sprague-Dawley rats.,mechanistic_translational,False,,,na,,,
22284335,animal,False,other,,mechanistic_translational,True,effect of everolimus (2.5 mg/kg/day),mTOR inhibitor,prevention,,,
22238655,animal,False,other,,mechanistic_translational,False,,,na,,,
22283768,human,True,other,review,methods_or_review,False,,,na,,,
22244946,human,True,other,,case_report_series,True,"a multi-organic preservation method (lung, liver and kidney), which we call «Bithermia Preservation»",Surgical / procedural,prevention,3.0,"During this time, 3 patients have been transplanted using such non-heart-beating donations.",
22537841,human,True,other,,mechanistic_translational,True,laparoscopic antireflux surgery (LARS),Antireflux surgery,prevention,8.0,In 8 lung transplant patients,
23721031,mixed,False,other,"In this review, we present recent evidence",methods_or_review,False,,,na,,,
22362858,human,True,retrospective_cohort,We report our experience of the first 20 yrs of paediatric lung transplantation at a single centre in Austria.,clinical_cohort,False,,,na,43.0,A total of 55 transplantations were performed in 43 patients.,
23721028,human,True,other,,clinical_cohort,False,,,na,192.0,(n = 192),
22203528,human,True,cross_sectional,In this pilot study,clinical_cohort,False,,,na,8.0,Eight lung transplant recipients,
22192476,in_vitro,False,other,Using RT-PCR,mechanistic_translational,False,,,na,,,
22173646,human,True,prospective_cohort,This prospective study included 18 consecutive patients,mechanistic_translational,False,,,na,18.0,18 consecutive patients,
22217532,human,True,retrospective_cohort,a cohort of patients with chronic kidney disease after NRSOT,clinical_cohort,False,,,na,62.0,Renal biopsies of 62 NRSOT recipients,
22152000,human,True,other,,mechanistic_translational,False,,,na,17.0,Seventeen lung transplant recipients with CARV infection had bronchoalveolar lavage fluid (BALF) available for analysis.,
22129764,human,True,retrospective_cohort,"Analyzing all patients undergoing double LTx between September 1, 2007, and October 1, 2009",clinical_cohort,False,,,na,122.0,From 122 recipients included,
22118771,human,True,retrospective_cohort,retrospective analysis of 61 consecutive bilateral lung or heart-lung transplant recipients,clinical_cohort,False,,,na,61.0,61 consecutive bilateral lung or heart-lung transplant recipients,
22112935,human,True,retrospective_cohort,One hundred twenty-three CF patients evaluated for LTx at our centre were included.,clinical_cohort,False,,,na,123.0,One hundred twenty-three CF patients evaluated for LTx at our centre were included.,
22051280,human,True,registry,retrospectively reviewed the United Network for Organ Sharing lung transplant database from 2000 to 2005,registry,False,,,na,6055.0,"Of 6,055 allograft recipients",
22188413,human,True,other,Uni- and multivariate analysis in 206 consecutive LTX patients,clinical_cohort,False,,,na,206.0,206 consecutive LTX patients,
22151926,human,True,prospective_cohort,patients who had at least four samples obtained in the first year posttransplant,mechanistic_translational,False,,,na,40.0,the BALF of 40 lung transplant patients,
22040717,human,True,cross_sectional,,mechanistic_translational,False,,,na,,,
22000170,human,True,prospective_cohort,"Between September 2009 and November 2010, we collected BALF from 64 lung transplant patients at multiple routine surveillance assessments",clinical_cohort,True,after treatment of GERD by LARS,Antireflux surgery,prevention,64.0,BALF from 64 lung transplant patients,
22233464,animal,False,other,Using a murine model,mechanistic_translational,False,,,na,,,
22724524,human,True,retrospective_cohort,We retrospectively examined data,clinical_cohort,False,,,na,126.0,Of 126 patients included,
21911148,human,True,retrospective_cohort,We retrospectively assessed the 12-month outcomes,clinical_cohort,True,conversion to everolimus among lung recipients,mTOR inhibitor,treatment_established_clad,65.0,65 lung recipients,
21988113,human,True,prospective_cohort,To prospectively validate HNP as a biomarker for BOS.,mechanistic_translational,False,,,na,,,
21904675,human,True,prospective_cohort,Serum was collected from 49 patients once prior to transplantation and monthly for up to 1 year after lung transplantation,clinical_cohort,False,,,na,49.0,Serum was collected from 49 patients,
22974905,human,True,prospective_cohort,"The clinical experience with which during the first year June 2010 to July 2011, including 15 NHBDs is presented herein.",clinical_cohort,True,"""bithermia preservation""",Surgical / procedural,prevention,15.0,including 15 NHBDs,
21910727,human,True,cross_sectional,we compared the CCR4 expression of T cells in blood from 20 lung transplant recipients to healthy controls,mechanistic_translational,False,,,na,20.0,blood from 20 lung transplant recipients,
21962264,human,True,prospective_cohort,data prospectively collected on all single-lung or double-lung transplants,clinical_cohort,True,VV ECMO became the routine treatment for severe PGD after transplant,Surgical / procedural,na,498.0,28 of 498 patients (6%),
21940790,ex_vivo_human,False,other,in vitro,mechanistic_translational,True,PGE2 treatment of LR-MSCs,Other pharmacological,na,,,
22132895,human,True,other,,mechanistic_translational,False,,,na,,,
21799025,human,True,retrospective_cohort,A retrospective review of 159 adults who received bilateral lung transplants was performed.,clinical_cohort,False,,,na,159.0,A retrospective review of 159 adults who received bilateral lung transplants was performed.,
21801908,human,True,prospective_cohort,We prospectively quantified circulating fibrocyte levels among lung transplant patients.,mechanistic_translational,False,,,na,39.0,"Thirty-nine patients (61.5% men) underwent double (33.3%), left (25.6%), or right (41.0%) lung transplantation.",
21836537,human,True,retrospective_cohort,retrospective single-center study,clinical_cohort,False,,,na,71.0,CLAD was diagnosed in 71 of 294 patients (24.2%),
21811747,human,True,cross_sectional,,clinical_cohort,False,,,na,30.0,Eighty-seven transbronchial biopsies from 30 patients were studied,
21817195,human,True,retrospective_cohort,We analysed outcomes of all PV infections... in a single centre.,clinical_cohort,True,PV-infected recipients treated with oral ribavirin were compared with those unable to receive ribavirin due to contraindications.,Other pharmacological,prevention,67.0,A total of 38 patients (ribavirin group)... whilst 29 patients (non-ribavirin group),
21839261,human,True,retrospective_cohort,We retrospectively analyzed patients receiving everolimus between 2005 and 2010,clinical_cohort,True,long-term use of everolimus,mTOR inhibitor,na,10.0,Ten of 60 lung transplant recipients were converted to everolimus,
21724418,human,True,prospective_cohort,Tacrolimus intake was prospectively monitored,clinical_cohort,False,,,na,91.0,Ninety-one recipients used MEMS,
21784664,human,True,cross_sectional,Cells obtained from bronchial and bronchiolar brushings from patients with and without BOS,mechanistic_translational,False,,,na,,,
21764603,human,True,retrospective_cohort,we reviewed 119 patients who underwent lung transplantation,clinical_cohort,True,basiliximab was given prior to implantation,Induction agent,prevention,119.0,we reviewed 119 patients,
21716170,human,True,prospective_cohort,Bronchoalveolar lavage was performed in 82 lung transplant recipients ... at different time points between 12 and 48 months after lung transplantation,mechanistic_translational,False,,,na,82.0,Bronchoalveolar lavage was performed in 82 lung transplant recipients,
21707593,human,True,prospective_cohort,MBL levels were measured in 85 patients before and in 57 of these patients after lung transplantation,clinical_cohort,False,,,na,85.0,MBL levels were measured in 85 patients,
21871820,human,True,cross_sectional,Our study compared the clinical utility of serum KL-6 level ... with that of neutrophilia in bronchoalveolar lavage fluid (BALF) for detecting BOS.,clinical_cohort,False,,,na,80.0,from 53 lung transplant recipients ... and in 27 samples from age- and sex-matched healthy individuals,
21693294,human,True,retrospective_cohort,A retrospective chart review of post-LT patients at Henry Ford Hospital from January 1995 through January 2008 was done.,clinical_cohort,False,,,na,,,
21683838,human,True,retrospective_cohort,"From January 2005 to July 2008, 215 patients underwent lung transplantation",clinical_cohort,False,,,na,215.0,215 patients underwent lung transplantation,
21641374,ex_vivo_human,False,other,,mechanistic_translational,False,,,na,,,
21665490,human,True,retrospective_cohort,In this retrospective study,clinical_cohort,True,DCD LTx recipients (n = 21) were compared with a cohort of donation-after-brain-death (DBD) LTx recipients (n = 154),Surgical / procedural,na,175.0,DCD LTx recipients (n = 21) ... DBD LTx recipients (n = 154),
21794087,human,True,retrospective_cohort,We retrospectively evaluated 192 lung transplant recipients (LTR) from a single center between 2001 and 2009.,clinical_cohort,False,,,na,192.0,retrospectively evaluated 192 lung transplant recipients (LTR),
21624839,ex_vivo_human,False,other,,mechanistic_translational,False,,,na,,,
22123337,human,True,other,In a large single center cohort (n = 339),clinical_cohort,False,,,na,339.0,In a large single center cohort (n = 339),
21606594,animal,False,other,model of orthotopic tracheal transplantation,mechanistic_translational,True,graft HIF-1α overexpression induced via an adenoviral vector,Other pharmacological,prevention,,,
21701423,human,True,cross_sectional,MSCs were isolated from bronchoalveolar lavage (BAL) in 101 lung allograft recipients,mechanistic_translational,False,,,na,101.0,MSCs were isolated from bronchoalveolar lavage (BAL) in 101 lung allograft recipients,
21634032,human,True,retrospective_cohort,We performed a retrospective study,clinical_cohort,True,bilateral lung transplantation (BLTx),Surgical / procedural,na,23.0,Twenty-three children underwent BLTx for IPAH,
21787235,animal,False,other,murine heterotopic tracheal allograft model of OB,mechanistic_translational,True,Mice treated with EGCG,Other pharmacological,prevention,,,
21568692,animal,False,other,Intrapulmonary allograft tracheal transplantation (BALBc→C57BL6) was used as a model of OB.,mechanistic_translational,True,LV-huIL-10 or LV-eGFP were delivered 7 days before transplantation,Other pharmacological,prevention,,,
21620077,human,True,cross_sectional,Cellular responses were evaluated by an Elispot assay of 48 specimens from 24 patients.,mechanistic_translational,False,,,na,24.0,48 specimens from 24 patients,
21792614,human,True,prospective_cohort,"A cohort of 100 lung transplant recipients with BOS were treated with azithromycin and underwent lung function testing, broncho-alveolar lavage and CT before azithromycin treatment and during follow-up.",clinical_cohort,True,treated with azithromycin,Azithromycin / macrolide,treatment_established_clad,100.0,A cohort of 100 lung transplant recipients with BOS,
21512432,human,True,prospective_cohort,134 transbronchial biopsies taken over 2 years posttransplant from 20 consecutive lung transplant recipients,mechanistic_translational,False,,,na,20.0,from 20 consecutive lung transplant recipients,
21542953,human,True,retrospective_cohort,The clinical data of recipients were analyzed retrospectively,clinical_cohort,False,,,na,37.0,"In total, 37 patients underwent LT.",
21477368,ex_vivo_human,False,other,in vitro,mechanistic_translational,True,treated with IL-1β and/or cyclosporine,Other pharmacological,na,,,
21429899,human,True,other,in a cohort of patients after lung transplantation,clinical_cohort,False,,,na,288.0,in 288 patients after lung transplantation,
21419659,human,True,retrospective_cohort,Patients who received bilateral lung transplantation from 1996 to 2009 were retrospectively analyzed.,clinical_cohort,False,,,na,468.0,Among 468 patients,
21476863,animal,False,prospective_cohort,a chronic inhalation toxicology study in dogs has been completed,mechanistic_translational,True,Cyclosporine inhalation solution (CIS) delivered via nebulization,Inhaled ciclosporin,prevention,,,
21482148,human,True,retrospective_cohort,We retrospectively evaluated 201 primary lung transplant recipients,clinical_cohort,False,,,na,201.0,201 primary lung transplant recipients,
21418327,human,True,retrospective_cohort,Using a retrospective study,clinical_cohort,True,a 12-month course of AZI,Azithromycin / macrolide,treatment_established_clad,62.0,in 62 LTRs,
21489819,human,True,rct,randomly assigned to two equally sized groups,trial,True,inpatient rehabilitation program,Surgical / procedural,na,60.0,Sixty LTSs,
21481686,human,True,cross_sectional,We investigated MBL ... and efferocytosis ... in bronchoalveolar lavage (BAL) and peripheral blood from 75 lung transplant recipients,mechanistic_translational,False,,,na,75.0,from 75 lung transplant recipients,
21420318,human,True,retrospective_cohort,A retrospective analysis was performed using prospectively collected data,clinical_cohort,True,Induction therapy with alemtuzumab,Induction agent,prevention,336.0,a single-site clinical database of 336 lung recipients,
21876780,human,True,other,clinical experience from the first six patients,case_report_series,True,donor lungs reconditioned ex vivo,Surgical / procedural,prevention,6.0,first six patients,
21384308,human,True,retrospective_cohort,We performed a retrospective study of SLT recipients followed up at our center.,clinical_cohort,False,,,na,119.0,"One hundred and nineteen patients were reviewed (53 left SLT, 66 right SLT).",
21376619,human,True,retrospective_cohort,The donor and recipient data of all 35 NHB category III lung transplantations ... were reviewed.,clinical_cohort,True,We evaluated the effectiveness of NHB lung transplantation.,Surgical / procedural,na,35.0,all 35 NHB category III lung transplantations,
21394075,human,True,retrospective_cohort,We performed a retrospective study,clinical_cohort,False,,,na,37.0,in 37 lung transplant recipients (LTR),
21272237,human,True,prospective_cohort,LTx recipients treated with AZM for BOS were recruited,clinical_cohort,True,LTx recipients treated with AZM for BOS,Azithromycin / macrolide,treatment_established_clad,37.0,19/37 LTx patients,
21414808,human,True,prospective_cohort,analyzed 103 LTx patients prospectively,mechanistic_translational,False,,,na,103.0,analyzed 103 LTx patients prospectively,
21289593,human,True,other,In this longitudinal study,mechanistic_translational,False,,,na,,,
21272072,human,True,retrospective_cohort,This retrospective cohort study,clinical_cohort,False,,,na,24.0,Six patients with CFLD were matched with 18 CF patients without CFLD,
21299829,human,True,other,An observational study of confirmed H1N1 cases was conducted,clinical_cohort,False,,,na,24.0,Twenty-four H1N1 cases,
21352378,human,True,retrospective_cohort,were compared with two different control groups,clinical_cohort,True,routinely received clarithromycin,Azithromycin / macrolide,prevention,102.0,Survival and BOS-free survival of 102 lung allograft recipients (LARs),retro...
21194972,human,True,cross_sectional,Transbronchial brushings ... were obtained prior to TBBx in 32 patients,mechanistic_translational,False,,,na,32.0,in 32 patients,
21168710,human,True,retrospective_cohort,BAL fluid from 40 noncolonized and 25 chronically colonized LTx recipients was retrospectively assayed,mechanistic_translational,False,,,na,65.0,BAL fluid from 40 noncolonized and 25 chronically colonized LTx recipients,
21320711,human,True,registry,Data obtained from the United Network for Organ Sharing were used to review 8091 patients,registry,True,the time-based waiting list for lung transplantation was replaced by an illness/benefit lung allocation score (LAS),Other,na,8091.0,review 8091 patients who underwent lung transplantation from 2002 to 2008,
21093882,human,True,retrospective_cohort,We reviewed 1000 adult lung transplants that were performed at Washington University between July 1988 and January 2009.,clinical_cohort,False,,,na,1000.0,We reviewed 1000 adult lung transplants,
21276737,human,True,retrospective_cohort,Patients were retrospectively subdivided,mechanistic_translational,False,,,na,28.0,28 lung recipients,
21130874,animal,False,other,administered via a nose-only dosing chamber,mechanistic_translational,True,pulmonary administration of nebulized tacrolimus (TAC) colloidal dispersion once daily for 28 consecutive days,Aerosolised / inhaled other,prevention,,,
21163500,in_vitro,False,other,,mechanistic_translational,True,"Bronchial epithelial cell line RL-65 was treated 3 to 5 days with several immunosuppressive agents, including cyclosporine (INN ciclosporin), tacrolimus, azathioprine, mycophenolic acid, sirolimus, prednisone, and transforming growth factor β1 as control.",Other pharmacological,na,,,
21169468,human,True,other,in a cohort of 405 BAL samples obtained from 162 lung transplant recipients,clinical_cohort,False,,,na,162.0,from 162 lung transplant recipients,
21401732,human,True,retrospective_cohort,Control patients were selected retrospectively.,clinical_cohort,True,After adding montelukast (10 mg/day) to the immunosuppressive regimen,Montelukast,treatment_established_clad,22.0,"In both groups, 11 patients were included",
21087415,human,True,prospective_cohort,166 consecutive patients ... course during minimum follow-up of 3 months,mechanistic_translational,False,,,na,166.0,166 consecutive patients,
21232966,human,True,retrospective_cohort,Medical charts of isolated lung transplant recipients from 400 consecutive donors were reviewed,clinical_cohort,False,,,na,400.0,400 consecutive donors,
20934887,human,True,retrospective_cohort,This retrospective study investigated early outcome,clinical_cohort,True,ECMO was used as a bridge to LTx,Surgical / procedural,prevention,16.0,ECMO was used as a bridge to LTx in 16 patients between 2005 and 2009,
21094839,human,True,retrospective_cohort,We reviewed the long-term outcomes of domino cardiac donors and recipients at our institution.,clinical_cohort,True,domino cardiac procedure,Surgical / procedural,na,20.0,Ten of 35 patients who underwent HLT from 1991 onward served as domino cardiac donors. The domino cardiac recipients included six males and four females,
21078427,human,True,cross_sectional,,mechanistic_translational,False,,,na,60.0,30 lung transplantation patients with and 30 without BOS,
20833822,human,True,rct,"multicenter randomized, open label controlled trial",trial,True,comparing sirolimus (SIR) with azathioprine (AZA) in a tacrolimus-based immunosuppressive regimen,mTOR inhibitor,prevention,181.0,One hundred eighty-one patients were randomized,
20971279,mixed,True,prospective_cohort,Treg frequency was monitored using flow cytometry.,mechanistic_translational,False,,,na,30.0,13 (43.3%) of 30 lung transplant recipients,
20832584,animal,False,other,,mechanistic_translational,False,,,na,,,
20851929,human,True,rct,"randomized, double-blind, placebo-controlled trial",trial,True,Aerosolized ALN-RSV01 (0.6 mg/kg) or placebo was administered daily for 3 days,Aerosolised / inhaled other,prevention,24.0,"We enrolled 24 patients (ALN-RSV01, n = 16; placebo, n = 8)",
21084198,human,True,retrospective_cohort,"Between January 1990 and July 2009, 142 patients underwent lung transplantation at our institution",clinical_cohort,False,,,na,126.0,As many as 126 patients were analyzed in two groups,
20971276,human,True,retrospective_cohort,A total of 263 consecutive lung transplant patients were reviewed.,clinical_cohort,False,,,na,263.0,A total of 263 consecutive lung transplant patients were reviewed.,
20888787,human,True,retrospective_cohort,included in this retrospective study,clinical_cohort,False,,,na,40.0,"During the study period, 40 patients were admitted to the ICU.",
20888255,human,True,rct,prospective randomized trial,trial,True,"received crystalloid (Group 1, n = 27) or blood cardioplegia (Group 2, n = 20)",Surgical / procedural,prevention,47.0,47 consecutive patients,
20727564,human,True,cross_sectional,"Thirty-five consecutive patients underwent a combination of esophageal function testing, upper endoscopy, barium swallow, and gastric emptying scan after lung transplantation.",clinical_cohort,False,,,na,35.0,Thirty-five consecutive patients,
20810293,human,True,retrospective_cohort,Patients with pre-transplantation BCC infection were identified by case-note review.,clinical_cohort,False,,,na,216.0,Two hundred sixteen patients with CF underwent lung transplantation,
20667031,human,True,prospective_cohort,we followed serum KL-6 levels and lung functions prospectively,clinical_cohort,False,,,prevention,,,
20619683,human,True,retrospective_cohort,"A retrospective, observational, cohort study was performed",clinical_cohort,True,treated with azithromycin,Azithromycin / macrolide,treatment_established_clad,107.0,107 patients with BOS,
20613873,human,True,prospective_cohort,Seventy BALF specimens obtained from 47 lung transplant recipients were analyzed,clinical_cohort,False,,,prevention,47.0,Seventy BALF specimens obtained from 47 lung transplant recipients,
20868794,human,True,prospective_cohort,On 5-year follow-up,mechanistic_translational,False,,,na,142.0,Adult lung transplant recipients (n = 142) were included in the study.,
20654580,in_vitro,False,other,"In this report, we investigated the biophysical basis",mechanistic_translational,False,,,na,,,
20691611,mixed,True,other,,mechanistic_translational,False,,,na,21.0,21 BOS+ LTx patients,
20627628,human,True,cross_sectional,"10 patients with BOS (BOS(pos)) and 10 patients without BOS (BOS(neg)), matched for clinical and demographic variables, were analyzed",mechanistic_translational,False,,,na,20.0,10 patients with BOS (BOS(pos)) and 10 patients without BOS (BOS(neg)),
20609595,human,True,retrospective_cohort,We retrospectively analysed our experience with retransplantations in children.,clinical_cohort,True,pulmonary retransplantation,Surgical / procedural,treatment_established_clad,36.0,seven pulmonary retransplantations in children ... compared them to 29 patients who underwent primary lung transplantation,
20585963,human,True,retrospective_cohort,An Institutional Review Board (IRB)-approved retrospective chart review was performed,clinical_cohort,True,laparoscopic antireflux surgery,Antireflux surgery,prevention,11.0,Eleven transplant recipients,
20580267,human,True,retrospective_cohort,We performed a retrospective review of lung transplant recipients with chronic lung allograft dysfunction (CLAD),clinical_cohort,False,,,na,241.0,Among 241 lung transplant recipients,
20948853,human,False,other,,methods_or_review,False,,,na,,,
20558084,human,True,prospective_cohort,prospective observational study of this protocol,clinical_cohort,True,"preemptively treat those who developed DSA with rituximab and intravenous immune globulin (IVIG), or IVIG alone",Antibody / biologic,prevention,116.0,Among 116 recipients screened,
20562124,human,True,rct,A double-blind randomised controlled trial,trial,True,azithromycin (n = 40) or placebo (n = 43),Azithromycin / macrolide,prevention,,,
20534274,human,True,other,"Between November 2005 and September 2009, 12 patients ... underwent decapneization with extracorporeal devices.",clinical_cohort,True,extracorporeal membrane ventilator devices with or without pump support,Surgical / procedural,na,12.0,12 patients (7 males and 5 females),
20632031,ex_vivo_human,False,cross_sectional,A comparative expression analysis of obliterative airway remodelling in transplanted and non-transplanted patients,mechanistic_translational,False,,,na,19.0,explanted lungs (n = 19),
20541897,human,False,other,We explored the meaning and impact of chronic rejection from the perspective of family (n=10) and clinician (n=3) caregivers.,methods_or_review,False,,,na,13.0,family (n=10) and clinician (n=3) caregivers,
21497108,human,True,retrospective_cohort,Recipients of L-SLTx (n=72) and R-SLTx (n=70) were compared,clinical_cohort,True,left (L) versus right (R) SLTx,Surgical / procedural,na,142.0,142 first SLTx,
20832573,human,True,retrospective_cohort,single-center retrospective observational study,clinical_cohort,False,,,na,60.0,The analysis included 60 LT subjects,
20508211,human,True,retrospective_cohort,"The effect of demographic or clinical factors, occurring before BOS, upon survival after the onset of BOS was studied in 95 bilateral lung transplant recipient using Cox proportional hazards models.",clinical_cohort,False,,,na,95.0,was studied in 95 bilateral lung transplant recipient,
22263028,human,False,other,concise review,methods_or_review,False,,,na,,,
20477331,human,False,other,,methods_or_review,False,,,na,,,
20628341,human,True,prospective_cohort,patients who subsequently developed BOS,mechanistic_translational,False,,,na,20.0,14 stable lung transplant recipients and 6 lung transplant recipients,
20425473,human,True,other,,methods_or_review,False,,,na,,,
20471860,animal,False,other,Experimental animals were injected intravenously with saline or colV 10 days before intratracheal instillation of bleomycin.,mechanistic_translational,True,intravenous injection of colV,Other pharmacological,prevention,,,
20417130,human,True,cross_sectional,BAL fluid from 12 pairs of 24 lung allograft recipients with and without BOS,mechanistic_translational,False,,,na,24.0,12 pairs of 24 lung allograft recipients,
20456980,human,True,cross_sectional,,mechanistic_translational,False,,,na,,,
20595181,human,True,cross_sectional,The quantitation of new polyomaviruses DNA by real-time PCR and association with clinical and histopathological findings were evaluated in 66 transbronchial biopsies from lung transplant recipients.,mechanistic_translational,False,,,na,,,
20394831,human,True,prospective_cohort,prospectively collected data,clinical_cohort,True,treated either with azathioprine (AZA; n = 48) or mycophenolate mofetil (MMF; n = 108),Other pharmacological,prevention,,,
20412963,human,True,retrospective_cohort,Outcomes for this recipient cohort were compared with those for recipients who received organs from brain-dead donors.,clinical_cohort,True,received lungs from donation after cardiac death donors,Surgical / procedural,na,406.0,424 lung transplantations performed in 406 patients,
20351032,human,True,retrospective_cohort,We retrospectively evaluated bilateral LT recipients (LTRs) with SSc or IPF at our centre,clinical_cohort,False,,,na,,,
20347338,human,True,other,,mechanistic_translational,False,,,na,110.0,"DNA was collected from 110 lung transplant recipients, including 21 patients with BOS.",
20418369,human,True,other,,mechanistic_translational,False,,,na,107.0,Of the 54 recipients ... A second cohort of 53 patients awaiting lung transplantation,
20528884,human,True,cross_sectional,,mechanistic_translational,False,,,na,,,
20339145,human,True,prospective_cohort,during surveillance bronchoscopies in the first year after transplant,clinical_cohort,False,,,na,,,
20201985,human,True,cross_sectional,profile 48 human serum samples,mechanistic_translational,False,,,na,48.0,profile 48 human serum samples,
20214745,human,True,retrospective_cohort,a retrospective study of pediatric lung transplant recipients from 2002 to 2007 was conducted,clinical_cohort,False,,,na,55.0,Fifty-five subjects were followed,
20304665,human,True,prospective_cohort,Patient data were collected prospectively,clinical_cohort,True,"oral-only administered immunosuppression with oral TAC, mycophenolate mofetil (MMF) and intravenous (IV) methylprednisolone as introduction 2h prior to skin incision",Other pharmacological,prevention,82.0,Eighty-two lung recipients received,
20227302,human,True,other,,mechanistic_translational,False,,,na,110.0,DNA was collected from 110 lung transplant recipients,
20172344,human,True,retrospective_cohort,We retrospectively analyzed charts of lung transplant patients from 1999 to 2009,clinical_cohort,False,,,na,56.0,Fifty-six patients have been transplanted,
20499201,human,True,other,describe a step-by-step approach to the laparoscopic treatment of GERD,methods_or_review,False,,,na,,,
20211214,human,True,other,,mechanistic_translational,False,,,na,80.0,Sera from 80 LTx recipients were analyzed,
20175005,human,True,prospective_cohort,BOS was assessed at the time of the questionnaire survey and one year later,clinical_cohort,False,,,na,76.0,included 76 patients after a lung transplant,
20167845,human,True,prospective_cohort,prospective cytomegalovirus immunostaining on every biopsy,clinical_cohort,False,,,na,231.0,a large single-center cohort (n = 231),
20172343,human,True,retrospective_cohort,"We retrospectively evaluated, charts of lung-transplanted patients who used everolimus",clinical_cohort,True,Eight of 55 lung transplantation patients were switched to everolimus,mTOR inhibitor,treatment_established_clad,8.0,Eight of 55 lung transplantation patients were switched to everolimus,
23965420,human,True,other,case report,case_report_series,True,use of inhaled cyclosporine to treat bronchiolitis obliterans syndrome,Inhaled ciclosporin,treatment_established_clad,1.0,a case report of a 52-year-old white male,
20075787,human,True,prospective_cohort,were prospectively collected for 93 lung transplant recipients enrolled,clinical_cohort,False,,,na,93.0,for 93 lung transplant recipients enrolled,
20059725,human,True,retrospective_cohort,"A retrospective, multi-center analysis was performed",clinical_cohort,False,,,na,383.0,A total of 383 subjects were eligible for the study,
20066781,human,True,cross_sectional,,mechanistic_translational,False,,,na,16.0,eight BOS patients and eight stable BOS-free lung transplant recipients,
20082575,human,True,retrospective_cohort,"studied in 187 lung transplant recipients in Gothenburg, Sweden, 1990-2002",clinical_cohort,True,oral acyclovir prophylaxis... intravenous ganciclovir for 4 weeks and... oral ganciclovir for 14 weeks,CMV prophylaxis / antiviral,prevention,187.0,studied in 187 lung transplant recipients,
21698833,human,True,other,,clinical_cohort,False,,,na,,,
20013099,human,True,retrospective_cohort,Retrospective review of 162 LTX recipients at our institution between January 1994 and June 2006 was performed.,clinical_cohort,False,,,na,162.0,Retrospective review of 162 LTX recipients,
20133163,human,True,retrospective_cohort,We conducted a retrospective cohort study,clinical_cohort,True,azithromycin treatment,Azithromycin / macrolide,treatment_established_clad,178.0,Of the 178 recipients who developed BOS in our study,
20230541,human,True,retrospective_cohort,,clinical_cohort,True,"Double LTX (DLTX, n = 30) was only performed in cases of relevant PH or additional suppurative lung disease.",Surgical / procedural,prevention,76.0,"Single LTX (SLTX, n = 46) ... Double LTX (DLTX, n = 30)",
19912172,human,True,other,The methodology is demonstrated on a dataset relating to development of bronchiolitis obliterans syndrome in post-lung-transplantation patients.,methods_or_review,False,,,na,,,
19995277,animal,False,other,animal model of bronchiolitis obliterans,mechanistic_translational,True,Rats with heterotopic tracheal allografts were treated intraperitoneally with clarithromycin and compared to untreated transplanted animals,Azithromycin / macrolide,prevention,,,
19857782,human,True,retrospective_cohort,"descriptive, retrospective research",clinical_cohort,False,,,na,120.0,We analyzed the first 120 OHTs,
19857759,human,True,cross_sectional,current cross-sectional study,mechanistic_translational,False,,,na,100.0,A total of 100 LT recipients,
19917398,human,True,prospective_cohort,prospectively classified,mechanistic_translational,False,,,na,58.0,Fifty-eight lung recipients,
19853479,human,True,retrospective_cohort,We retrospectively analyzed the efficacy and safety of ECP,clinical_cohort,True,60 lung allograft recipients were treated with ECP for progressive BOS,Extracorporeal photopheresis,treatment_established_clad,60.0,60 lung allograft recipients were treated with ECP,
19857270,ex_vivo_human,False,other,,methods_or_review,False,,,na,26.0,in 26 patients,
19782585,human,True,retrospective_cohort,retrospective analysis of 55 pediatric lung transplant recipients,clinical_cohort,False,,,na,55.0,55 pediatric lung transplant recipients,
20022265,human,True,cross_sectional,Flow cytometry was used to analyze 22 LTx recipients and 15 healthy individuals,mechanistic_translational,False,,,na,37.0,22 LTx recipients and 15 healthy individuals,
19782286,human,True,retrospective_cohort,A retrospective review of pediatric lung transplant recipients at 14 sites in North America and Europe was conducted,clinical_cohort,True,adding cytomegalovirus immunoglobulin (CMVIG) prophylaxis to at least 3 weeks of intravenous ganciclovir therapy,CMV prophylaxis / antiviral,prevention,599.0,Of 599 patients whose records were reviewed,
20417777,human,True,registry,retrospective review of the United Network for Organ Sharing lung transplant database from 1987 to 2008,registry,False,,,na,17222.0,"A total of 17,222 lung transplant recipients were identified",
20177348,human,True,retrospective_cohort,"From January 2005 to December 2008, we collected donor and recipient data of all NHB category III lung transplantations performed in our center.",clinical_cohort,True,using nonheparinized category III NHB donors and standard flush preservation,Surgical / procedural,na,21.0,21 consecutive adult lung transplantations,
19761558,human,True,retrospective_cohort,We retrospectively evaluated their clinical status and pulmonary function,clinical_cohort,True,"Patients underwent treatment with inhaled ribavirin, methylprednisolone, and intravenous immunoglobulin (IVIG). RSV-positive patients were also treated with palivizumab.",Aerosolised / inhaled other,na,25.0,RSV or PIV was identified in 25 patients,
19716040,human,True,retrospective_cohort,This retrospective study evaluates risk factors for BOS,clinical_cohort,False,,,na,389.0,patients (n = 389),
20227288,human,True,retrospective_cohort,"In this retrospective study, 186 consecutive double-lung transplantation procedures",clinical_cohort,False,,,na,186.0,186 consecutive double-lung transplantation procedures,
19837611,human,True,retrospective_cohort,We retrospectively reviewed cases of lower respiratory tract RSV infections in adult LTRs.,clinical_cohort,False,,,na,10.0,Ten symptomatic patients were identified,
19716037,human,True,retrospective_cohort,Clinical outcomes were reviewed,clinical_cohort,False,,,na,59.0,59 LTx recipients underwent ambulatory esophageal impedance monitoring,
19696635,human,True,prospective_cohort,Sequential surveillance bronchoscopy results were available in 51 patients with at least four sequential samples recovered from each patient at defined times posttransplant.,mechanistic_translational,False,,,na,51.0,Sequential surveillance bronchoscopy results were available in 51 patients,
19737140,human,True,cross_sectional,,mechanistic_translational,True,"assessed the effect of clinically relevant concentrations of cyclosporin A, tacrolimus, methylprednisolone and a protease inhibitor, gabexate mesilate, on in vitro granzyme b production",Other pharmacological,na,,,
19715874,human,True,retrospective_cohort,A retrospective study was performed,clinical_cohort,True,single or double lung transplantations,Surgical / procedural,na,62.0,We included 62 patients who underwent transplantation for emphysema.,
19783182,human,True,cross_sectional,,mechanistic_translational,False,,,na,90.0,We measured the plasma Kyn/Try ratio ... in 90 LTRs,
19659672,human,True,retrospective_cohort,Data were retrospectively analyzed,clinical_cohort,False,,,na,202.0,Data were collected from 202 patients,
19632576,human,True,retrospective_cohort,This retrospective cohort study included 121 LTx recipients.,clinical_cohort,False,,,na,121.0,included 121 LTx recipients,
19656137,mixed,True,cross_sectional,a cross-sectional study of 64 LTx recipients,mechanistic_translational,False,,,na,64.0,a cross-sectional study of 64 LTx recipients,
19667934,mixed,False,other,in vitro assay,mechanistic_translational,True,pirfenidone,Antifibrotic,prevention,,,
19804585,human,True,other,Thirty-three patients that received rapamycin (RPM) or calcineurin inhibitor treatment following lung transplantation were included and their T-cell compartments analysed.,mechanistic_translational,True,treatment of human lung transplant recipients with RPM,mTOR inhibitor,prevention,33.0,Thirty-three patients,
19686323,human,True,cross_sectional,An exploratory qualitative study,clinical_cohort,False,,,na,10.0,Ten COPD patients,
19632569,human,True,prospective_cohort,Data were collected from donors and recipients involved in DCD lung transplantations between June 2006 and December 2008.,clinical_cohort,False,,,na,10.0,lungs from 9 donors were ultimately used for 10 recipients,
19560698,human,True,retrospective_cohort,retrospective cohort study,clinical_cohort,True,different combinations of immunosuppressive regimens,Other pharmacological,prevention,120.0,We examined 120 consecutive transplant recipients,
19580368,human,True,rct,58 patients were randomly assigned to inhale either 300 mg of ACsA ... or placebo aerosol,trial,True,inhaled cyclosporine (ACsA) to aerosol placebo,Inhaled ciclosporin,prevention,58.0,58 patients were randomly assigned,
19682883,human,True,other,We evaluated the prognostic utility of the 6min walk test (6MWT) obtained after the onset of BOS in 42 patients.,clinical_cohort,False,,,na,42.0,in 42 patients,
19623016,human,True,cross_sectional,,mechanistic_translational,False,,,na,,,
19608592,human,True,cross_sectional,Immunohistochemistry was performed on lung allograft biopsies from 54 patients,mechanistic_translational,False,,,na,54.0,from 54 patients,
19584692,human,True,prospective_cohort,A 7-year prospective cohort study,clinical_cohort,False,,,na,226.0,Electronic monitoring of 226 patients,
19525122,human,True,cross_sectional,investigated at a time point when no clinical signs of bronchiolitis obliterans syndrome (BOS) were apparent,mechanistic_translational,False,,,na,23.0,Twenty-three patients who underwent lung transplantations were investigated,
19840961,animal,False,other,a model of chronic rejection is described,mechanistic_translational,True,The development of chronic rejection was modulated by a treatment with rapamycin and cyclosporin,mTOR inhibitor,na,,,
19544103,human,True,cross_sectional,A cross-sectional study enrolling 76 patients,clinical_cohort,False,,,na,76.0,enrolling 76 patients,
19515194,human,True,retrospective_cohort,Patients undergoing fundoplication following lung transplantation from 1999 to 2005 were included in the study.,clinical_cohort,True,fundoplication following lung transplantation,Antireflux surgery,prevention,21.0,Twenty-one patients (13 males),
19459819,human,True,retrospective_cohort,We reviewed all lung transplant recipients transplanted in our center between January 2000 and June 2006.,clinical_cohort,False,,,na,,,
19461491,human,True,retrospective_cohort,Transplant recipients receiving CLAR for BOS or potential BOS were included (2000-2008).,clinical_cohort,True,long-term clarithromycin (CLAR),Azithromycin / macrolide,treatment_established_clad,31.0,31 patients were included.,
19461490,human,True,prospective_cohort,A single-center prospective cohort study was performed,clinical_cohort,False,,,na,388.0,Three hundred eighty-eight LTx-recipients were screened,
19461497,human,True,cross_sectional,In this cross-sectional pilot study,mechanistic_translational,False,,,na,45.0,45 stable LTx recipients were included,
19382530,human,True,retrospective_cohort,We retrospectively examined 300 lung transplant recipients using a dedicated database.,clinical_cohort,False,,,na,300.0,300 lung transplant recipients,
19344464,human,True,other,Large airway brushings were obtained at 33 bronchoscopies in 16 BOS-free and 6 BOS grade 1-3 patients,mechanistic_translational,False,,,na,22.0,16 BOS-free and 6 BOS grade 1-3 patients,
19398195,human,True,prospective_cohort,We prospectively analysed 85 patients,clinical_cohort,True,steroid pulse therapy,Other pharmacological,na,85.0,We prospectively analysed 85 patients,
19416775,human,True,retrospective_cohort,Evaluated were 63 consecutive recipients 3 to 12 months after LTx,clinical_cohort,False,,,na,63.0,Evaluated were 63 consecutive recipients,
19454728,mixed,True,other,,mechanistic_translational,False,,,na,13.0,13 lung transplant recipients,
19303808,human,True,prospective_cohort,A prospective cohort study was conducted,clinical_cohort,False,,,na,385.0,385 LTR were monitored,
19332266,human,True,retrospective_cohort,describe these 5 NHBD LTx recipients and compare early outcome (<or= 6 months) with a cohort of 10 heart-beating donor (HBD) LTx recipients,clinical_cohort,True,lung transplantations (LTx) ... with lungs from controlled NHBD,Surgical / procedural,na,15.0,5 of 51 lung transplantations (LTx) ... were performed with lungs from controlled NHBD ... a cohort of 10 heart-beating donor (HBD) LTx recipients,
19328934,human,True,retrospective_cohort,"retrospective, longitudinal, cohort study",mechanistic_translational,False,,,na,100.0,evaluated in 100 LTx recipients,
19453645,human,True,prospective_cohort,Over 4.3 yr of follow-up,clinical_cohort,True,preemptive use of ganciclovir to control cytomegalovirus (CMV) infection,CMV prophylaxis / antiviral,prevention,78.0,We studied 78 lung recipients,
19545735,human,True,retrospective_cohort,A historical control group consisted of 5 patients,clinical_cohort,True,efficacy of total lymphoid irradiation (TLI),Total lymphoid irradiation,treatment_established_clad,11.0,6 BOS patients ... A historical control group consisted of 5 patients,
19295317,human,True,prospective_cohort,in a prospective cohort of lung transplant recipients,clinical_cohort,False,,,na,93.0,Ninety-three patients were included in the study,
19344463,human,True,retrospective_cohort,"retrospective, single-center cohort study",clinical_cohort,False,,,na,109.0,One hundred nine lung transplants were compared.,
19204467,human,True,cross_sectional,Twenty-four lung transplant recipients ... underwent contiguous 16-slice high-resolution MDCT,clinical_cohort,False,,,na,24.0,Twenty-four lung transplant recipients,
19207186,human,True,retrospective_cohort,"From January 1996 through December 2006, all 155 recipients receiving tacrolimus and MMF as maintenance immunosuppression were included in this study.",clinical_cohort,False,,,na,155.0,all 155 recipients,
19201339,human,True,cross_sectional,Twenty-four stable LTx recipients were studied 1 year after transplantation.,clinical_cohort,False,,,na,24.0,Twenty-four stable LTx recipients were studied 1 year after transplantation.,
19191160,animal,False,other,,methods_or_review,False,,,na,,,
19299743,human,True,other,,mechanistic_translational,False,,,na,,,
19490541,human,True,registry,The OPTN national database was searched,registry,False,,,na,,,
19134525,human,True,retrospective_cohort,We reviewed 47 consecutive recipients transplanted between March 2002 and August 2005.,clinical_cohort,True,surveillance TBB/BAL (SB) versus those with clinically indicated TBB/BAL (CIB),Surgical / procedural,prevention,47.0,We reviewed 47 consecutive recipients,
19134533,human,True,other,,case_report_series,True,Patients received oral ribavirin for 10 days,Other pharmacological,na,5.0,5 symptomatic LTx patients,
19134524,human,True,retrospective_cohort,This cohort study seeks to determine,clinical_cohort,False,,,na,485.0,There were 485 first-time lung transplantations,
19134523,human,True,retrospective_cohort,A self-administered questionnaire was distributed to 30 European lung transplant centers to evaluate patients who underwent primary lung transplantation for LAM (1997 to 2007).,clinical_cohort,False,,,na,61.0,A total of 61 lung transplants were undertaken in women only,
19185174,animal,False,other,"optimized and validated a procedure of orthotopically transplanted, perfused, and ventilated single pulmonary transplantation in mice",methods_or_review,False,,,na,,,
19241165,human,True,cross_sectional,"Acid and weakly acidic GER was measured with 24-h pH-impedance monitoring in 47 LTx patients (12 patients ""on"" AZI).",clinical_cohort,True,evaluate the effect of AZI on GER and gastric aspiration after LTx,Azithromycin / macrolide,prevention,77.0,"in 47 LTx patients (12 patients ""on"" AZI) ... in a separate group of 30 LTx patients",
20524284,human,True,retrospective_cohort,"University of Pittsburgh maintains a data base, from the time of the inception of the program, of all recipients and donors.",clinical_cohort,False,,,na,1347.0,"From the beginning to December 31, 2009, 1347, lung and heart lung transplantations have been done.",
19104434,human,True,retrospective_cohort,All lung transplantations performed in our center ... were included.,clinical_cohort,False,,,na,277.0,Of the 277 included cases,
19158119,ex_vivo_human,False,other,ex vivo influence of primary bronchial epithelial cells derived from lung allografts on DC differentiation,mechanistic_translational,False,,,na,,,
19117741,human,True,prospective_cohort,prospective observational study,clinical_cohort,False,,,na,59.0,Fifty-nine adult CF patients,
19109162,animal,False,other,we developed a murine model wherein anti-MHC class I Abs or control ... were administered intrabronchially into native lungs,mechanistic_translational,True,IL-17 neutralization by anti-IL-17 resulted in reduction of autoantibody and lesions induced by anti-MHC class I Abs,Antibody / biologic,na,,,
20524285,human,True,other,,clinical_cohort,False,,,na,,,
19328957,human,True,retrospective_cohort,Survival was compared for periods before and after December 2001.,clinical_cohort,False,,,na,123.0,We performed 123 LT,
19104429,animal,False,other,first large-animal model of gastric aspiration after allogeneic lung transplantation,mechanistic_translational,True,graft lungs were instilled with gastric aspirate daily,Surgical / procedural,na,,,
19104419,human,True,retrospective_cohort,We reviewed our experiences regarding living-donor lobar lung transplantation (LDLLT),clinical_cohort,True,underwent LDLLT,Surgical / procedural,treatment_established_clad,48.0,seven patients ... compared with those of 41 LDLLT without HSCT patients,
19039632,human,True,retrospective_cohort,We reviewed 31 consecutive patients who received LDLLT,clinical_cohort,False,,,na,31.0,We reviewed 31 consecutive patients,
19009209,human,True,prospective_cohort,a prospective study was conducted involving 55 candidates for lung transplantation,clinical_cohort,False,,,na,55.0,involving 55 candidates for lung transplantation,
19059110,mixed,False,other,Using the mouse heterotopic allogeneic airway transplant model,mechanistic_translational,True,"Treatment of the recipients with a CXCR4 antagonist, TN14003",Other pharmacological,treatment_established_clad,,,
18954302,human,True,other,during the follow-up of heart transplant recipients,clinical_cohort,False,,,na,213.0,The sera of 213 heart transplant recipients,
20524294,human,True,other,cases presented here,methods_or_review,True,bortezomib-based regimens,Other pharmacological,treatment_established_clad,,,
18811889,human,True,retrospective_cohort,A retrospective study was undertaken,clinical_cohort,False,,,na,12.0,There were 12 transplants,
18786233,human,True,cross_sectional,In a cross-sectional study,mechanistic_translational,False,,,na,132.0,bronchoalveolar lavage (BAL) samples of 132 lung transplant recipients were analyzed,
19010196,human,True,retrospective_cohort,Our objective was to review our experience of UCLT for with cystic fibrosis (CF) patients compared with elective LT (ELT).,clinical_cohort,True,urgency-code lung transplantation (UCLT) ... compared with elective LT (ELT),Surgical / procedural,na,78.0,78 (31.20%) had CF,
19101308,human,True,other,,clinical_cohort,True,The donor lungs were reconditioned ex vivo in an extracorporeal membrane oxygenation (ECMO) circuit,Surgical / procedural,na,6.0,"in six recipients, double lung transplantation was performed",
18785972,human,True,prospective_cohort,longitudinal measurements were performed,mechanistic_translational,False,,,na,54.0,In 54 patients,
18765192,human,True,other,,clinical_cohort,False,,,na,48.0,The KIR gene contents were determined in 48 patients who received a lung transplant,
18699804,human,True,cross_sectional,Fourteen lung transplant patients underwent overnight polysomnography with simultaneous dual oesophageal pH monitoring.,clinical_cohort,False,,,na,14.0,Fourteen lung transplant patients,
18764833,animal,False,other,experimental model,methods_or_review,True,orthotopic left lung transplantation without using the cuff technique,Surgical / procedural,na,,,
18785961,human,True,retrospective_cohort,retrospective cohort study,clinical_cohort,False,,,na,334.0,334 recipients,
18774303,human,True,retrospective_cohort,Patient survival and recurrence of bronchiolitis obliterans syndrome (BOS) after redo LT were reviewed.,clinical_cohort,True,redo lung transplantation (LT),Surgical / procedural,treatment_established_clad,369.0,388 LT procedures were performed on 369 patients,
18971092,human,True,prospective_cohort,"All bronchoscopy procedures, including SB and clinically indicated (CB) procedures performed on LTRs in one calendar year, were audited prospectively.",clinical_cohort,True,surveillance bronchoscopy (SB),Surgical / procedural,prevention,124.0,on 124 LTRs,
18675114,human,True,retrospective_cohort,unified database for LT for CF,clinical_cohort,False,,,na,197.0,197 bilateral LT,
18656804,human,True,prospective_cohort,Fifty-eight patients were prospectively followed for 5.6 +/- 2.9 years after LTx.,clinical_cohort,False,,,na,58.0,Fifty-eight patients were prospectively followed,
19077900,human,True,retrospective_cohort,single-center experience,clinical_cohort,True,recipients undergoing ECP for BOS and recurrent AR,Extracorporeal photopheresis,treatment_established_clad,24.0,Twenty-four transplant recipients were included,
19010202,human,True,retrospective_cohort,We reviewed our experience with LT in patients with end-stage CF,clinical_cohort,False,,,na,78.0,Our study group comprised 78 patients with CF,
18656796,human,True,cross_sectional,"retrospective, cross-sectional, case-control study",clinical_cohort,False,,,na,24.0,24 stable double (SS) LTx recipients,
18658110,human,True,prospective_cohort,To prospectively analyze whether human metapneumovirus was circulating in our adult lung transplant community,clinical_cohort,False,,,na,89.0,Eighty-nine patients had 199 visits for aspirate studies.,
18671677,human,True,retrospective_cohort,"single-center, retrospective study",clinical_cohort,False,,,na,,,
18642456,human,True,prospective_cohort,"three-year follow-up of 4,144 patients of the 14th International Workshop Prospective Chronic Rejection study",clinical_cohort,False,,,na,4144.0,"4,144 patients",
18637473,human,True,prospective_cohort,In this prospective study,clinical_cohort,False,,,na,,,
18675117,human,True,retrospective_cohort,25 patients (control group; 1999-2002) ... and 21 recipients (study group; 2003-2007),clinical_cohort,True,combined CMV prophylaxis consisting of CMV-IG (Cytotect Biotest) for 12 months and ganciclovir or valganciclovir from postoperative day 21 for 3 weeks,CMV prophylaxis / antiviral,prevention,46.0,25 patients (control group; 1999-2002) ... and 21 recipients (study group; 2003-2007),
18557742,human,True,cross_sectional,This preliminary cross-sectional study,mechanistic_translational,False,,,na,34.0,Thirty-four lung transplant recipients,
18582800,human,True,retrospective_cohort,A retrospective analysis of allograft C3d and C4d deposition was performed,clinical_cohort,False,,,na,33.0,In a cohort of 33 lung transplant recipients (LTRs),
18573422,human,True,prospective_cohort,On serial analysis,mechanistic_translational,False,,,na,127.0,Of the 127 subjects,
18557728,animal,False,other,Using a WKY-to-F344 rat orthotopic left lung transplant model,mechanistic_translational,True,with or without 8 weekly aspirations of gastric fluid into the allograft,Surgical / procedural,na,,,
19201342,human,True,retrospective_cohort,Data from a single center were analyzed from 161 lung recipients transplanted from November 1990 to November 2005,clinical_cohort,False,,,na,161.0,161 lung recipients,
18508823,human,True,cross_sectional,"BAL was performed on 44 lung transplant recipients (30 stable, 14 with BOS).",mechanistic_translational,False,,,na,44.0,"BAL was performed on 44 lung transplant recipients (30 stable, 14 with BOS).",
18513272,human,True,other,nested case control study,mechanistic_translational,False,,,na,,,
18503962,human,True,other,In this collaborative study we compared the relative impact of HLA mismatching and ischemic time on BOS and survival in 182 LTx recipients.,clinical_cohort,False,,,na,182.0,in 182 LTx recipients,
18487317,human,True,retrospective_cohort,Retrospective review of case notes and transplantation databases.,clinical_cohort,False,,,na,176.0,176 patients with CF underwent lung transplantation at our centre.,
18617642,human,True,other,,mechanistic_translational,False,,,na,65.0,Peripheral blood CD4 T cells from 65 recipients,
18459990,human,True,retrospective_cohort,A retrospective review of 26 patients with CTD referred for lung transplantation,clinical_cohort,True,laparoscopic fundoplication,Antireflux surgery,prevention,26.0,A retrospective review of 26 patients with CTD referred for lung transplantation,
18551201,human,True,prospective_cohort,Pulmonary function tests were performed every three months in seven lung transplant recipients,clinical_cohort,True,initiating azithromycin reverses decline in FEV1,Azithromycin / macrolide,treatment_established_clad,7.0,seven lung transplant recipients,
18656801,human,True,retrospective_cohort,We report our experience with GCV prophylaxis administered indefinitely,clinical_cohort,True,GCV prophylaxis administered indefinitely,CMV prophylaxis / antiviral,prevention,151.0,One hundred fifty-one patients surviving >100 days after LT were analyzed.,
18510629,human,True,registry,retrospective analysis of lung transplant recipients with BOS relisted for transplantation with the United Network for Organ Sharing (UNOS),registry,False,,,na,80.0,Eighty patients with BOS qualified for the analysis.,
18450681,human,True,retrospective_cohort,The medical records of 311 recipients of lung transplants between 1998 and 2004 were reviewed retrospectively,clinical_cohort,False,,,na,60.0,reviewed retrospectively to identify 60 recipients who experienced chronic rejection,
18442724,human,True,retrospective_cohort,the results of 4 patients transplanted with DCD organs ... were reviewed,case_report_series,False,,,na,4.0,results of 4 patients,
18442722,human,True,rct,prospectively randomized to receive conventional immunosuppression with RATG induction (RATG group) or conventional immunosuppression alone (control group),trial,True,rabbit anti-thymocyte globulin (RATG) induction therapy,Induction agent,prevention,44.0,Forty-four lung recipients,
18637465,human,True,other,,clinical_cohort,False,,,na,,,
18354170,human,True,other,,mechanistic_translational,False,,,na,36.0,12 of 36,
18408050,human,True,retrospective_cohort,A long term retrospective study was conducted,clinical_cohort,False,,,na,247.0,22 of the 247 lung transplant patients with CF were infected with BCC,
19034015,animal,False,other,mouse model of OB,mechanistic_translational,True,treatment with blocking rat anti-mICOS antibodies,Antibody / biologic,prevention,,,
20477248,human,False,other,,methods_or_review,False,,,na,,,
18435685,animal,False,other,,mechanistic_translational,True,Azithromycin or water was administered to mice every other day during 2 weeks,Azithromycin / macrolide,prevention,,,
18312477,human,True,retrospective_cohort,This report describes the epidemiology of CDC in lung recipients from a single center,clinical_cohort,False,,,na,202.0,202 consecutive patients underwent 208 lung transplantation procedures,
18269330,human,True,prospective_cohort,The trial included 96 patients who were at risk for CMV-related events.,trial,True,prolonged prophylaxis with either oral ganciclovir (1 g 3 times per day) or valganciclovir (450 mg twice per day),CMV prophylaxis / antiviral,prevention,96.0,The trial included 96 patients,
18263803,human,True,retrospective_cohort,Retrospective analysis of 341 90-day survivors of lung transplant performed in 1995-2005,clinical_cohort,False,,,na,341.0,341 90-day survivors of lung transplant,
18256072,human,True,retrospective_cohort,In the present retrospective study,clinical_cohort,False,,,na,92.0,92 double (SS)LTx recipients,
18267228,human,True,cross_sectional,correlate NK cell numbers and immunophenotype in peripheral blood and tissue with graft function,mechanistic_translational,False,,,na,,,
18329476,human,True,retrospective_cohort,Consecutive adult lung transplants (n = 163) at the University of Virginia from January 1998 to May 2006 were reviewed.,clinical_cohort,True,daclizumab results in less acute rejection and bronchiolitis obliterans and better survival than antithymocyte globulin,Induction agent,prevention,163.0,Consecutive adult lung transplants (n = 163),
18250985,human,True,other,,clinical_cohort,False,,,na,31.0,Subjects comprised 30 double-lung recipients and 1 single-lung recipient,
18242277,human,True,retrospective_cohort,We reviewed the records of our lung transplant recipients from March 2000 to September 2006.,clinical_cohort,False,,,na,100.0,"During this interval, 50 patients were 65 years or older at the time of transplantation. Fifty patients younger than 65 years were matched to the older cohort",
18203812,ex_vivo_human,False,other,"PBEC cultures were stimulated with IL-17 or transforming growth factor (TGF)-beta, with and without simvastatin.",mechanistic_translational,True,with and without simvastatin,Statin,na,,,
18442719,human,True,retrospective_cohort,This report analyzes infections and associated pathogens identified in 202 lung transplant recipients.,clinical_cohort,False,,,na,202.0,identified in 202 lung transplant recipients,
18091523,animal,False,other,Using a class I-disparate swine lung transplant model,mechanistic_translational,True,Recipients were treated with 12 days of postoperative tacrolimus.,Other pharmacological,prevention,6.0,Three recipients were immunized prior to transplantation with class I allopeptides. Three other recipients were not immunized.,
19578518,human,True,other,,mechanistic_translational,False,,,na,,,
18086521,human,True,cross_sectional,We investigated the association between BFR and rejection/infection status after lung transplantation (LTx).,clinical_cohort,False,,,na,,,
18212627,human,True,cross_sectional,BAL samples were analyzed from 32 subjects whose concurrent histology showed acute rejection (n=14) or no rejection (n=18).,mechanistic_translational,False,,,na,32.0,BAL samples were analyzed from 32 subjects,
19708455,human,False,other,,methods_or_review,False,,,na,,,
18194133,human,False,other,,methods_or_review,False,,,na,,,
18347533,human,True,retrospective_cohort,This retrospective study comprised all transbronchial biopsies (TBB) obtained during the first 2 years after transplantation,clinical_cohort,False,,,na,299.0,a consecutive cohort of 299 patients transplanted 1996-2006,
18337673,human,True,other,,clinical_cohort,False,,,na,155.0,In 155 consecutive lung transplants,
18192909,human,True,other,An observational study in a single center was performed.,clinical_cohort,True,"For treatment, 250 mg of oral azithromycin was administered three times per week.",Azithromycin / macrolide,treatment_established_clad,81.0,Eighty-one adult LTx-recipients,
18187088,human,True,retrospective_cohort,We retrospectively analyzed all 46 patients undergoing pulmonary retransplantation,clinical_cohort,False,,,na,46.0,Forty-six patients,
18047935,human,True,other,,mechanistic_translational,False,,,na,9.0,6 out of 9 BOS+ patients,
17976973,human,True,prospective_cohort,This prospective group comparison study,mechanistic_translational,False,,,na,46.0,The sample included 46 patients,
17965778,human,True,prospective_cohort,PBMC responses to col(II) and col(V) were monitored prospectively over a 7-year period,mechanistic_translational,False,,,na,,,
18022079,human,True,cross_sectional,compare the protein profile of bronchoalveolar lavage fluid (BALf) in two groups of LTRs,mechanistic_translational,False,,,na,,,
18060031,animal,False,other,used a murine orthotopic tracheal transplant model,mechanistic_translational,False,,,na,,,
18057058,human,True,cross_sectional,The present study aimed to further characterise GOR ... and the degree of gastric aspiration in LTx recipients both with and without BOS,clinical_cohort,False,,,na,,,
18022080,human,True,retrospective_cohort,Two hundred sixty-three LT patients (January 2001 to July 2005) at a single center were retrospectively reviewed.,clinical_cohort,False,,,na,263.0,Two hundred sixty-three LT patients,
17926041,human,True,cross_sectional,,mechanistic_translational,False,,,na,14.0,patients with normal lung grafts (n = 8) and with BOS (n = 6),
17924993,human,True,other,consecutive patients with RAR (n = 12) or BOS (n = 10),clinical_cohort,True,received strict infection prophylaxis,Antibody / biologic,treatment_established_clad,22.0,consecutive patients with RAR (n = 12) or BOS (n = 10),
20477190,human,False,other,Herein we review the emerging application of genomics and genetics to human lung transplantation,methods_or_review,False,,,na,,,
18047937,human,True,retrospective_cohort,We retrospectively evaluated temporal kinetics,mechanistic_translational,False,,,na,16.0,a cohort of 8 LTR before the development of BOS (pre-BOS LTR) and 8 LTR with long-term stable clinical conditions (stable LTR),
18022078,human,True,retrospective_cohort,All patients receiving a cadaveric lung transplant from 1992 to 2004 were included in the study,clinical_cohort,True,bilateral lung transplantation (BLT) was associated with an increase in the cause-specific risk of BOS Grade 1,Surgical / procedural,prevention,389.0,(n = 389),
17889206,human,True,prospective_cohort,prospectively assess the impact of conversion from cyclosporine (CsA) to tacrolimus,clinical_cohort,True,conversion from cyclosporine (CsA) to tacrolimus,Other pharmacological,treatment_established_clad,79.0,A total of 79 patients with BOS were included in the study.,
17767432,human,True,prospective_cohort,Prospective cohort study,clinical_cohort,False,,,na,37.0,37 consecutive adolescent lung transplant recipients,
17624136,human,True,cross_sectional,In a cross-sectional study design,clinical_cohort,False,,,na,119.0,119 consecutive lung transplant recipients,
17919621,human,True,rct,We conducted a randomized controlled trial of tacrolimus versus cyclosporine,trial,True,randomized trial of tacrolimus versus cyclosporine,Other pharmacological,prevention,90.0,Ninety adults were randomized to tacrolimus (n = 44) or cyclosporine (n = 46).,
17919620,human,True,retrospective_cohort,A retrospective review was performed on LTx recipients,clinical_cohort,False,,,na,374.0,A total of 374 patients survived at least 90 days post-transplant,
17524078,human,True,other,,mechanistic_translational,False,,,na,,,
17900918,human,True,retrospective_cohort,All patients were included in this retrospective analysis.,clinical_cohort,False,,,na,51.0,a total of 46 heart-lung transplantations and 5 double lung transplantations have been performed in adults with CHD,
17505414,animal,False,other,,mechanistic_translational,True,treated for 21 days with either Met-RANTES at 20 microg/day or vehicle,Antibody / biologic,prevention,,,
17613395,human,True,rct,"Thirty-four LTx patients were randomized in a double-blind study (ERL = 19, AZA = 15)",mechanistic_translational,True,differences in IL-17 production between ERL and azathioprine (AZA)-based immunosuppression,mTOR inhibitor,prevention,34.0,"Thirty-four LTx patients were randomized in a double-blind study (ERL = 19, AZA = 15)",
17613398,human,True,retrospective_cohort,"Between October 1998 and September 2004, 28 females and 3 males, including 5 children, underwent LDLLT at Okayama University Hospital.",clinical_cohort,False,,,na,31.0,"28 females and 3 males, including 5 children",
17984845,human,True,cross_sectional,"Results were compared between healthy lung transplant recipients and AR (n=7), sOB (n=7), and eOB (n=13).",mechanistic_translational,False,,,na,,,
17620461,human,False,other,,methods_or_review,False,,,na,,,
17565316,human,True,retrospective_cohort,"We performed a retrospective, case-control study and reviewed the medical records",clinical_cohort,True,Simultaneous liver-lung transplantation,Surgical / procedural,prevention,18.0,The five patients who survived to transplant were matched to 13 controls,
17449415,human,True,retrospective_cohort,A retrospective analysis of the Cleveland Clinic Foundation's lung transplant database,clinical_cohort,False,,,na,465.0,465 patients,
17449425,human,True,retrospective_cohort,We have collected data from 17 donors and recipients involved in NHBD lung transplants since 2002,clinical_cohort,False,,,na,17.0,a series of 17 out-of-hospital NHBD lung transplantations,
17493527,animal,False,other,rat heterotopic tracheal transplant model,mechanistic_translational,True,recipients were administered a subcutaneous injection of CsA (25 mg x kg(-1) x day(-1)) for 3 days from the day of operation,Other pharmacological,prevention,,,
17890480,human,True,cross_sectional,analyzed both cross-sectionally and longitudinally,clinical_cohort,False,,,na,75.0,in 39 patients (26 men) with BOS after bilateral LTX ... and 36 bilateral lung transplant recipients without BOS,
17393239,human,True,retrospective_cohort,We performed a retrospective study at a tertiary care center.,clinical_cohort,True,Bilevel positive airway pressure ventilation (BIPAP),Surgical / procedural,prevention,12.0,Twelve CF patients,
17414715,animal,False,other,Utilizing a rat model of lung transplantation,mechanistic_translational,True,"treated systemically with COL-3, a global MMP inhibitor",Other pharmacological,prevention,,,
17456202,human,True,retrospective_cohort,We studied the outcome of lung transplant adjusted by age in a single center transplant population.,clinical_cohort,False,,,na,42.0,We matched the 42 lung graft recipients older than 60 years transplanted by July 1999 to younger controls,
17613397,human,True,retrospective_cohort,All patients receiving a cadaveric lung transplant between 1992 and 2004 were included in the study,clinical_cohort,False,,,na,389.0,(n = 389),
17413126,human,True,cross_sectional,Levels of bronchoalveolar lavage (BAL) pepsin were measured by ELISA,mechanistic_translational,False,,,na,57.0,"36 lung transplant recipients, 4 normal volunteers, and 17 subjects with unexplained chronic cough",
17347496,human,True,other,"FEV(1)% predicted (FEV(1)%pred) trajectories were studied in 111 lung transplant recipients with BOS by multivariate, linear, mixed-effects statistical models.",clinical_cohort,False,,,na,111.0,trajectories were studied in 111 lung transplant recipients with BOS,
17326196,animal,False,other,detailed description of the surgical technique for orthotopic tracheal transplantations,methods_or_review,False,,,na,,,
17311089,animal,False,other,,mechanistic_translational,True,Pin1 blockade,Other pharmacological,na,,,
17318076,human,True,prospective_cohort,"followed for this study from June 1, 2001 until January 1, 2006",clinical_cohort,True,preemptive reduction of immunosuppression after lung transplantation guided by EBV-DNA load,Other pharmacological,prevention,75.0,in 75 lung transplant recipients,
17275508,human,True,other,,mechanistic_translational,True,Extracorporeal photopheresis (ECP),Extracorporeal photopheresis,treatment_established_clad,6.0,six lung transplant recipients,
17258598,animal,False,other,rats that were divided into 6 groups,mechanistic_translational,True,groups 12-IT and 6-IT received 12 and 6 puffs of inhaled tacrolimus 3 times per day,Aerosolised / inhaled other,prevention,,,
17258592,human,True,retrospective_cohort,11-year single-center experience,clinical_cohort,False,,,na,467.0,467 lung transplants were performed at our institution,
17258154,human,True,other,,clinical_cohort,False,,,na,140.0,from 140 transplanted patients,
17198242,human,True,prospective_cohort,Sera collected serially from BOS+ (n = 20) and matched BOS- (n = 20) lung transplant (LT) patients,mechanistic_translational,False,,,na,40.0,BOS+ (n = 20) and matched BOS- (n = 20) lung transplant (LT) patients,
17178338,ex_vivo_human,False,other,We used an ex vivo primary bronchial epithelial cell culture (PBEC) model,mechanistic_translational,True,effect of incubation for 48 hours with 0.1 to 10 micromol/liter cilomilast,Other pharmacological,treatment_established_clad,7.0,Bronchial brushings were taken from 7 stable lung allograft recipients,
17182591,mixed,False,other,Translational studies using a murine model of BOS,mechanistic_translational,True,in vivo neutralization of IL-13 reduced airway allograft matrix deposition and murine BOS,Antibody / biologic,treatment_established_clad,,,
17275507,human,True,other,We performed a controlled clinical trial of the two therapies,trial,True,Twenty-five consecutive lung transplant patients received ATG (n = 12; group 1) or daclizumab (n = 13; group 2) as an induction agent.,Induction agent,prevention,25.0,Twenty-five consecutive lung transplant patients,
17217435,human,True,other,"In this analysis, we considered the effects of a common promotor polymorphism",mechanistic_translational,False,,,na,226.0,Genotyping was performed in 226 lung transplant recipients,
17234904,human,True,prospective_cohort,"prospectively monitored for 1,249 days",mechanistic_translational,False,,,na,65.0,Recipients of bilateral (n=64) and single (n=1) lung grafts,
17158279,human,True,retrospective_cohort,We performed a retrospective cohort study of 334 adult lung transplant recipients at our program,clinical_cohort,False,,,na,334.0,334 adult lung transplant recipients,
17264811,human,True,other,serially analyzed,mechanistic_translational,False,,,na,,,
17178336,human,True,prospective_cohort,Serum samples were taken before and 6 months after lung transplantation from 11 patients,mechanistic_translational,False,,,na,11.0,from 11 patients,
17061983,in_vitro,False,other,"In the present study, we further investigated the intracellular mechanisms of azithromycin",mechanistic_translational,True,"incubated with increasing concentrations of steroids, immunosuppressive agents (tacrolimus, cyclosporine and rapamycin) or macrolides (erythromycin and azithromycin)",Azithromycin / macrolide,na,,,
17134909,human,True,retrospective_cohort,Histology of all patients receiving single-lung transplantation 1999-2004 (n=181) was reviewed.,clinical_cohort,False,,,na,181.0,all patients receiving single-lung transplantation 1999-2004 (n=181),
17097497,human,True,retrospective_cohort,All patients who underwent lung transplantation from 1993 to 1998 and had post-transplant survival of at least 6 months were included in the initial analysis.,mechanistic_translational,False,,,na,78.0,"In the cohort, 78 subjects",
17049055,mixed,False,other,Using a murine in vitro culture system,mechanistic_translational,False,,,na,,,
17112886,human,True,prospective_cohort,We prospectively administered sirolimus as an alternative to calcineurin inhibitors in 10 lung transplantation recipients,clinical_cohort,True,They were switched from tacrolimus to sirolimus.,mTOR inhibitor,na,10.0,in 10 lung transplantation recipients,
16996912,animal,False,other,Forty isogeneic ... and 40 allogeneic ... orthotopic tracheal transplants were performed.,mechanistic_translational,False,,,na,,,
17161354,human,True,cross_sectional,stable clinical conditions,clinical_cohort,True,therapeutic regimens used in our institution,Other pharmacological,na,70.0,a group of 51 LTR ... and with 19 LTR who developed bronchiolitis obliterans syndrome,
17175245,animal,False,other,,mechanistic_translational,True,The recipients received a 12-day postoperative course of tacrolimus ... as their only immunosuppression.,Other pharmacological,prevention,,,
16890113,human,True,prospective_cohort,Fifty consecutive de novo LTx patients ... were assigned target C2 levels,clinical_cohort,True,Achieving and maintaining target C2 levels after LTx,Other pharmacological,prevention,50.0,Fifty consecutive de novo LTx patients,
16889547,human,True,prospective_cohort,were prospectively investigated,clinical_cohort,False,,,na,50.0,performed prospectively at 3-month posttransplant in 50 patients,
16928532,animal,False,other,using the murine orthotopic tracheal transplantation model,mechanistic_translational,False,,,na,,,
16969297,human,True,cross_sectional,elevated in lung transplant recipients with BOS when compared with those without BOS and healthy controls,mechanistic_translational,False,,,na,,,
16833168,human,True,retrospective_cohort,We reviewed the medical charts of all CF patients who underwent lung transplantation,clinical_cohort,False,,,na,17.0,Eighteen transplantations were performed in 17 patients,
18342749,human,True,retrospective_cohort,We reviewed the clinical records and radiologic data of 99 patients,clinical_cohort,False,,,na,99.0,99 patients who underwent single and bilateral lung transplantation,
16889540,human,True,other,,mechanistic_translational,False,,,na,,,
16872970,human,True,retrospective_cohort,Long-term outcome was compared with that after primary lung transplantation,clinical_cohort,True,Redo lung transplantation was performed for end-stage bronchiolitis obliterans syndrome,Surgical / procedural,treatment_established_clad,614.0,Of 614 lung transplantation procedures performed at our institution,
16741151,human,True,prospective_cohort,"Before and 3 mo after azithromycin was introduced, bronchoscopy with bronchoalveolar lavage (BAL) was performed",clinical_cohort,True,Fourteen lung transplant patients with BOS ... were treated with azithromycin,Azithromycin / macrolide,treatment_established_clad,14.0,Fourteen lung transplant patients with BOS,
16963685,human,True,prospective_cohort,"Prospective, cohort study.",mechanistic_translational,False,,,na,20.0,Eleven transplant recipients with chronic rejection were matched with 9 control transplant recipients.,
16796722,animal,False,other,experimental OB using immunohistochemistry,mechanistic_translational,False,,,na,,,
16728708,mixed,False,other,,mechanistic_translational,False,,,na,,,
16720207,human,True,other,,mechanistic_translational,False,,,na,,,
16732179,human,True,other,A consecutive series of 68 CMV high-risk lung transplant recipients ... were analyzed.,clinical_cohort,True,combined prophylaxis using ganciclovir (GAN) and CMV hyperimmune globulin (CMV-IG),CMV prophylaxis / antiviral,prevention,68.0,A consecutive series of 68 CMV high-risk lung transplant recipients,
17889122,animal,False,other,This paper reviews the possibility of using pirfenidone in clinical transplantation management.,methods_or_review,False,,,na,,,
16700187,human,True,cross_sectional,multicenter cross-sectional study,clinical_cohort,False,,,na,129.0,We assessed QoL in 129 lung transplant recipients,
16686775,human,True,cross_sectional,analyzed in a cross-sectional manner,clinical_cohort,False,,,na,83.0,83 patients,
16678604,human,True,retrospective_cohort,"We performed a retrospective review of case notes, intensive therapy unit database, and donor details.",clinical_cohort,False,,,na,201.0,"Between January 1, 2000, and December 31, 2004, 201 patients underwent lung or heart-lung transplantation.",
16612275,human,True,rct,"prospective, randomized, open-label, multicenter study",trial,True,compared the effects of MMF with AZA,Other pharmacological,prevention,,,
16608952,human,True,retrospective_cohort,All patients who underwent pulmonary retransplantation for BOS from 1992 to 2004 at Duke University Medical Center were reviewed.,clinical_cohort,False,,,na,12.0,"Over the 12-year study period, 12 patients underwent pulmonary retransplantation for BOS.",
16797347,human,True,registry,reported to UNOS,registry,False,,,na,15.0,a total of 5 and 15 third-time heart transplant recipients in UCLA and UNOS databases,
16585086,human,True,prospective_cohort,bronchoalveolar lavages (BALs) taken from patients at 28 and 90 days after lung transplantation,mechanistic_translational,False,,,na,26.0,nine out of the 26 patients examined,
16563975,human,True,rct,"In a randomized, double-blind, multicenter trial",trial,True,received either everolimus 1.5 mg twice daily ... or azathioprine 1 to 3 mg/kg/day,mTOR inhibitor,prevention,213.0,213 maintenance lung transplant recipients,
16570009,human,True,retrospective_cohort,case-control study,clinical_cohort,True,compare the effect of transplant operation,Surgical / procedural,na,107.0,We identified 107 consecutive lung transplant recipients 61 or older at the time of transplant.,
16563971,human,True,prospective_cohort,serial samples taken after LTx from 10 patients,clinical_cohort,False,,,na,,,
16400684,human,True,other,,mechanistic_translational,False,,,na,,,
16510454,human,True,prospective_cohort,A single-season prospective study,clinical_cohort,False,,,na,50.0,50 ambulatory lung transplant patients,
16387465,human,True,prospective_cohort,Forty consecutive patients... were followed-up with regular scans for a median of 36 months.,clinical_cohort,False,,,na,40.0,Forty consecutive patients,
16468972,human,True,prospective_cohort,prospective longitudinal study,clinical_cohort,False,,,na,28.0,"A total of 28, initially healthy, BOS 0, lung transplant recipients",
16407509,human,True,rct,"randomized, double-blind, placebo-controlled trial",trial,True,inhaled cyclosporine,Inhaled ciclosporin,prevention,58.0,A total of 58 patients were randomly assigned,
16386609,human,True,retrospective_cohort,We performed a retrospective analysis,clinical_cohort,True,RAPA was administered to 11 patients,mTOR inhibitor,treatment_established_clad,11.0,RAPA was administered to 11 patients,
16433771,human,True,rct,"In a randomized, double-blind clinical trial",trial,True,"received everolimus (3 mg/day) or azathioprine (AZA, 1-3 mg/kg/day)",mTOR inhibitor,prevention,213.0,213 BOS-free maintenance patients,
16364880,human,True,cross_sectional,retrospective cross-sectional study design,clinical_cohort,False,,,na,280.0,280 LTx recipients,
16386608,human,True,retrospective_cohort,compared to 13 lung transplants performed in 2001,clinical_cohort,True,receiving induction basiliximab versus controls not receiving treatment,Induction agent,prevention,28.0,Basiliximab was administered to 15 patients ... They were compared to 13 lung transplants performed in 2001,
16433773,human,True,retrospective_cohort,A retrospective study of all lung transplant recipients with pre-transplant diagnoses of COPD,clinical_cohort,True,bilateral (BLT) compared with single lung transplantation (SLT),Surgical / procedural,prevention,221.0,"221 (bilateral n = 101, single n = 120) patients met our criteria",
16670170,human,True,prospective_cohort,following transplantation and at subsequent annual follow ups were analysed,clinical_cohort,False,,,na,38.0,in 38 lung transplant recipients,
16468969,human,True,prospective_cohort,following their withdrawal,mechanistic_translational,False,,,na,,,
16386606,human,True,retrospective_cohort,We analyzed the long-term result of steroid withdrawal in our lung transplant recipients.,clinical_cohort,True,steroid treatment was withdrawn in 34 of the 375 lung transplant patients in our centers,Other pharmacological,prevention,34.0,steroid treatment was withdrawn in 34 of the 375 lung transplant patients in our centers,
16612283,human,True,retrospective_cohort,341 lung transplant recipients were analyzed retrospectively,clinical_cohort,True,A virtual crossmatch strategy using flow cytometry ... was compared to prospective crossmatching,Other,prevention,341.0,"In all, 341 lung transplant recipients were analyzed retrospectively",
16340783,human,True,retrospective_cohort,retrospective cohort study,clinical_cohort,False,,,na,259.0,259 adult lung transplant recipients,
16678030,human,True,cross_sectional,obtained consecutively,mechanistic_translational,False,,,na,53.0,34 BAL and IS findings obtained consecutively from 34 lung transplant recipients (LTRs) ... IS results were compared with 19 samples from non-transplanted controls,
16303014,human,True,prospective_cohort,analyzed BAL samples from 87 consecutive lung transplant recipients,clinical_cohort,False,,,na,87.0,87 consecutive lung transplant recipients,
16315786,human,True,other,7 consecutive patients,clinical_cohort,False,,,na,7.0,in 7 consecutive patients,
16226252,animal,False,other,establishes a transplant BOS model in MHC-mismatched rats and compares their cytokine profiles and histopathology,mechanistic_translational,False,,,na,,,
16364877,human,True,retrospective_cohort,We compared 115 consecutive (2001 to 2004) lung recipients who received allografts preserved with Perfadex... and compared the results with the previous 116 consecutive (1999 to 2001) lung recipients,clinical_cohort,True,"allografts preserved with Perfadex, a low-potassium dextran (LPD) solution",Other pharmacological,prevention,231.0,115 consecutive... lung recipients... and... the previous 116 consecutive... lung recipients,
16210132,human,True,prospective_cohort,29 initially stable lung transplant recipients ... recruited 148 +/- 80 days post-transplant and followed for 3 years,clinical_cohort,False,,,na,29.0,29 initially stable lung transplant recipients,
16297789,human,True,retrospective_cohort,"events were analyzed in 348 heart (H) recipients, 24 heart-lung (HL) recipients, 82 double-lung (L) recipients and 8 heart-kidney (HK) recipients",clinical_cohort,True,multiple-transplanted organs from the same donor compared with single-organ transplantation,Surgical / procedural,prevention,,,
16181849,human,True,cross_sectional,The prevalence of gastroesophageal reflux was examined in 78 consecutive end-stage lung disease patients assessed for lung transplantation,clinical_cohort,False,,,na,78.0,78 consecutive end-stage lung disease patients,
16364859,human,True,retrospective_cohort,Data were collected for the period between April 2002 and October 2004.,clinical_cohort,True,All 18 patients received intravenous (IV) ribavirin ... with oral prednisolone,Other pharmacological,prevention,18.0,The study included 10 men and 8 women,
16272353,mixed,False,other,Proof of concept studies using a rat orthotopic lung transplantation model,mechanistic_translational,True,inhibition of CXCR2/CXCR2 ligand interactions in vivo,Other pharmacological,prevention,,,
16162731,human,True,prospective_cohort,"Data were prospectively collected, before undergoing LTx and annually after undergoing LTx",clinical_cohort,False,,,na,44.0,Forty-four lung transplant recipients,
16162195,human,True,cross_sectional,simultaneously collected endobronchial biopsies,mechanistic_translational,False,,,na,27.0,A total of 27 pairs of EBBs were taken,
16210131,human,True,retrospective_cohort,"A total of 68 lung transplant biopsies, performed at UCLA Medical Center from January 2002 to August 2004, were collected",mechanistic_translational,False,,,na,,,
16162732,human,True,prospective_cohort,In a prospective study,clinical_cohort,False,,,na,72.0,72 consecutive lung transplant recipients,
16210129,human,True,prospective_cohort,Twenty-seven initially stable lung transplant recipients (BOS 0) were recruited at 148 +/- 80 days post-transplant and underwent clinical and bronchoscopic longitudinal follow-up for at least 3 years.,mechanistic_translational,False,,,na,27.0,Twenty-seven initially stable lung transplant recipients (BOS 0),
16102441,human,True,cross_sectional,Comparisons of histopathology in parallel biopsy specimens identified 6 genes correlating with rejection,mechanistic_translational,False,,,na,,,
16223674,human,True,retrospective_cohort,,mechanistic_translational,False,,,na,32.0,in those 32 temporally and rejection-grade matched LTX patients,
16477220,human,True,prospective_cohort,"Follow up included self determined pulmonary function tests, microbiological screening, chest radiographs, and laboratory studies",clinical_cohort,True,conversion ... from calcineurin inhibitor-(CNI)-based immunosuppression to a Sir-MMF based immunosuppression,mTOR inhibitor,treatment_established_clad,11.0,Six LTx- and five HLTx-recipients,
16095491,animal,False,other,this study was designed to determine whether anti-HLA class I Abs alone could induce obliterative airway disease,mechanistic_translational,False,,,na,,,
16368382,human,True,retrospective_cohort,were reviewed retrospectively from 1990 to 2000 using the Stanford Transplant Database,clinical_cohort,False,,,prevention,,,
16143268,human,True,other,,clinical_cohort,True,treated with oral azithromycin,Azithromycin / macrolide,treatment_established_clad,11.0,in 11 lung transplant recipients with BOS,
16162104,animal,False,prospective_cohort,"Postoperatively, animals were infected with either RCMV or LM, or served as noninfected controls.",mechanistic_translational,False,,,na,,,
16041262,human,True,prospective_cohort,Twenty-nine initially healthy lung transplant recipients underwent 136 bronchoscopic assessments ... over 3 years of follow-up,mechanistic_translational,False,,,na,29.0,Twenty-nine initially healthy lung transplant recipients,
16082326,human,True,retrospective_cohort,A retrospective study was performed of LTx recipients who received HBcAb+ or HCV Ab+ pulmonary allografts.,clinical_cohort,True,the use of HBcAb+ pulmonary allografts in recipients with prior hepatitis B vaccination,Surgical / procedural,prevention,32.0,Twenty-nine patients (HB group) received HBcAb+ allograft transplants... Three critically ill patients (HC group) received HCV Ab+ allografts,
16055614,human,True,cross_sectional,Standardised 3 x 60 ml surveillance BAL fluid samples from 13 chronologically sequential stable lung allograft recipients ... were studied.,mechanistic_translational,False,,,na,13.0,from 13 chronologically sequential stable lung allograft recipients,
15976371,human,True,retrospective_cohort,We retrospectively evaluated the effect of azithromycin,clinical_cohort,True,Azithromycin (250 mg alternate days),Azithromycin / macrolide,treatment_established_clad,20.0,in 20 allograft recipients,
15973175,human,True,retrospective_cohort,retrospective cohort study of 57 lung transplant recipients at their center,clinical_cohort,False,,,na,57.0,57 lung transplant recipients,
15972366,human,True,cross_sectional,,mechanistic_translational,False,,,na,16.0,Sixteen stable lung transplant recipients,
15964392,human,True,cross_sectional,,mechanistic_translational,False,,,na,22.0,in nine lung transplant recipients with BOS stage II or III ... in seven lung patients with stable clinical conditions ... and in six normal controls,
16077423,human,True,retrospective_cohort,Results were compared with those of 28 historical lung recipients,clinical_cohort,True,recipient pretreatment with antilymphoid antibody preparations (Thymoglobulin ... or Campath [alemtuzumab]),Induction agent,prevention,48.0,In 48 lung recipients,
15963771,human,True,prospective_cohort,In a prospective study of 57 bilateral-lung transplant recipients,clinical_cohort,False,,,na,57.0,57 bilateral-lung transplant recipients,
15996255,human,True,retrospective_cohort,we performed a retrospective cohort study,clinical_cohort,False,,,prevention,228.0,on 228 adult lung transplant recipients,
15982617,in_vitro,False,other,in vitro,mechanistic_translational,False,,,na,,,
15942587,human,True,retrospective_cohort,We performed a retrospective review from our databases,clinical_cohort,False,,,na,983.0,The 983 operations between July 1988 and September 2003 included 277 pediatric and 706 adult recipients,
15935888,human,True,other,,clinical_cohort,False,,,na,45.0,Forty-five patients,
15996256,human,True,prospective_cohort,A cohort of 100 patients was enrolled from 2001 to 2003,clinical_cohort,False,,,na,100.0,A cohort of 100 patients was enrolled from 2001 to 2003,
15896749,human,True,cross_sectional,A bronchoscopic study was performed on 30 clinically stable lung allograft recipients,clinical_cohort,False,,,na,30.0,on 30 clinically stable lung allograft recipients,
16028666,human,True,other,,mechanistic_translational,False,,,na,26.0,Ultrastructural studies were conducted on 44 biopsies from 26 lung transplant recipients,
15964393,human,True,other,We investigated 18 lung transplant recipients,mechanistic_translational,False,,,na,18.0,18 lung transplant recipients,
15943620,animal,False,other,two experiments using a swine lung transplantation model,mechanistic_translational,True,six swine were immunized with synthetic donor-derived class I allopeptides prior to transplantation,Other pharmacological,na,,,
15894603,human,True,retrospective_cohort,We retrospectively analyzed spirometric data for 197 single-lung recipients.,clinical_cohort,False,,,na,197.0,197 single-lung recipients,
15888067,human,True,cross_sectional,In 72 lung transplant patients ... serum and broncho-alveolar lavage (BAL) MMP and TIMP levels were examined by ELISA.,mechanistic_translational,False,,,na,72.0,In 72 lung transplant patients,
15888100,human,True,prospective_cohort,"They were investigated ... at baseline, 6 months to 1 year post-transplantation, and at a follow-up examination 3-4-year post-transplant",methods_or_review,False,,,na,16.0,Sixteen double-lung-transplanted patients participated,
15880421,human,True,prospective_cohort,In this observational study,clinical_cohort,False,,,na,10.0,Of 10 patients tested,
15866665,human,True,other,present our initial experience with the use of Basiliximab in lung Tx,clinical_cohort,True,Basiliximab (2 doses of 20 mg on day 0 and day 4) was administered to 16 patients,Induction agent,prevention,16.0,administered to 16 patients,
15863637,human,True,prospective_cohort,this longitudinal study,clinical_cohort,False,,,na,50.0,145 FeNO measurements were performed in 50 lung transplant recipients,
15867792,human,True,other,,clinical_cohort,False,,,na,120.0,BALF were evaluated in 120 lung recipients,
15819861,human,True,retrospective_cohort,This retrospective study of 251 lung transplant patients,clinical_cohort,False,,,na,251.0,retrospective study of 251 lung transplant patients,
15864347,mixed,False,other,using a murine model of BOS,mechanistic_translational,True,treatment with anti-CXCR2 Abs inhibited early neutrophil infiltration and later vascular remodeling,Antibody / biologic,treatment_established_clad,,,
15848310,human,True,retrospective_cohort,We performed a retrospective analysis of 98 consecutive primary lung transplantations,clinical_cohort,True,"evaluates the outcome, achieved with the use of extended donors versus standard donors",Surgical / procedural,na,98.0,98 consecutive primary lung transplantations,
15800973,human,True,retrospective_cohort,archived bronchoalveolar lavage fluid (BALF) acquired from lung transplant recipients between 1993 and 1996,mechanistic_translational,False,,,na,57.0,A total of 126 BALF samples from 57 individuals were tested,
15814280,human,True,other,,clinical_cohort,False,,,na,125.0,One hundred and twenty-five adult lung transplant patients were studied.,
16143251,human,True,retrospective_cohort,We retrospectively analyzed the efficacy of basiliximab compared with antithymocyte globulin among 157 adult lung transplant recipients at our center.,clinical_cohort,True,basiliximab compared with antithymocyte globulin,Induction agent,prevention,157.0,among 157 adult lung transplant recipients,
15808551,animal,False,other,preclinical model of lung transplantation using MHC-inbred miniature swine,mechanistic_translational,True,a 12-day postoperative course of high-dose tacrolimus,Other pharmacological,prevention,,,
15896756,human,True,retrospective_cohort,"From the Papworth transplant database, we identified 146 patients",clinical_cohort,True,Extended prophylaxis with IV and oral ganciclovir,CMV prophylaxis / antiviral,prevention,146.0,we identified 146 patients,
15823457,human,True,other,,clinical_cohort,True,successful steroid withdrawal (SW),Other pharmacological,na,35.0,The study group included 35 patients,
15816892,human,True,cross_sectional,evaluated all 10-year survivors at our institution,clinical_cohort,False,,,na,28.0,"Twenty-eight (29%) of 96 patients survived > or =10 years following 11 single, 6 bilateral and 11 heart-lung procedures",
15786006,human,True,retrospective_cohort,We performed a retrospective review of cardiothoracic surgical procedures,clinical_cohort,False,,,na,21.0,Twenty-one out of 340 patients (6.2 %) were identified.,
15764726,human,True,registry,using a large registry,registry,False,,,na,5262.0,"data collected on 5,262 patients",
15914093,human,True,retrospective_cohort,In reviewing our 6-year experience,clinical_cohort,False,,,na,55.0,A total 55 patients ... underwent bilateral sequential lung transplantation,
15797754,human,True,prospective_cohort,within 1 year of lung transplantation and examined ... subsequent development of BOS,clinical_cohort,False,,,na,26.0,8 single and 18 double lung transplant recipients,
15738294,human,True,retrospective_cohort,In a retrospective cohort study,mechanistic_translational,False,,,na,20.0,12 stable healthy recipients (non-BOS) and eight patients with BOS were enrolled after LTX,
15740562,human,True,other,,clinical_cohort,True,two different immunosuppressive protocols,Other pharmacological,prevention,51.0,in 34 lung transplant recipients ... compared with 17 recipients,
15707408,human,True,retrospective_cohort,in a retrospective study,clinical_cohort,True,treated with TLI for progressive BOS,Total lymphoid irradiation,treatment_established_clad,37.0,37 lung recipients,
15701428,human,True,retrospective_cohort,"Lung transplant recipients, both single and double, were reviewed, retrospectively.",clinical_cohort,True,"Induction therapy with RATG (group V) was associated with significantly improved survival and freedom from acute rejection, BOS, and infection when compared to OKT3 induction therapy (group IV).",Induction agent,prevention,127.0,"group I, all lung transplants (n = 127)",
15699755,human,True,prospective_cohort,serology obtained before transplantation in a cohort of 76 LTR,clinical_cohort,False,,,na,76.0,a cohort of 76 LTR,
15636617,human,True,cross_sectional,We performed a cross-sectional study,clinical_cohort,False,,,na,90.0,in 90 stable lung and heart-lung transplant recipients,
15636621,human,True,prospective_cohort,prospectively tested during a 4.2 +/- 1.6-year period,clinical_cohort,False,,,na,51.0,Of 51 lung recipients,
15653385,human,True,other,,clinical_cohort,False,,,na,,,
15699113,animal,False,other,,mechanistic_translational,True,Selected groups of mice were immunized (s.c.) or tolerized (i.v.) with the SVL9 peptide before transplantation.,Other pharmacological,prevention,,,
15701426,human,True,prospective_cohort,Eighty lung transplant recipients underwent 232 bronchoscopies ... during 1 year,clinical_cohort,False,,,na,80.0,Eighty lung transplant recipients,
15653979,human,True,cross_sectional,"With the aid of standardized questionnaires, psychosocial variables ... were determined.",clinical_cohort,False,,,na,50.0,Psychosocial situation and physical health in 50 patients > 1 year after lung transplantation.,
15797750,human,True,retrospective_cohort,All heart-lung and double lung transplantations (n = 362) carried out between 1984 and 2001 were included.,clinical_cohort,False,,,na,362.0,All heart-lung and double lung transplantations (n = 362),
15640363,human,True,other,,clinical_cohort,False,,,na,170.0,Genotyping was performed on 170 lung transplant recipients.,
15707409,human,True,cross_sectional,Forty-three consecutive BAL samples from 27 lung transplant recipients were analyzed,clinical_cohort,False,,,na,27.0,from 27 lung transplant recipients,
15797743,human,True,retrospective_cohort,We retrospectively identified 49 lung transplant recipients,clinical_cohort,True,"an immunosuppressive regimen consisting of tacrolimus, sirolimus, and prednisone",mTOR inhibitor,treatment_established_clad,49.0,We retrospectively identified 49 lung transplant recipients,
15866662,human,True,retrospective_cohort,A retrospective review of patients undergoing LT from October 1993 to October 1998,clinical_cohort,False,,,na,73.0,Of 73 transplantations,
