pmid,doi,year,era,journal,pubtypes,title,senior_author,country,n_countries,is_multicenter_or_registry,design_meta,group_key,tier,oa_status,oa_pdf_url,publisher
42552825,10.1111/petr.70422,2026,post,Pediatric transplantation,Journal Article,"Functional, Volumetric, and Growth Outcomes After Pediatric Bilateral Lung Transplantation.",Kim YT,South Korea,1,False,,kim yt|south korea,unresolved,,,
42544909,10.1080/07853890.2026.2705636,2026,post,Annals of medicine,Journal Article,Importance of psychiatric evaluation and long-term outcomes of delirium in lung transplant recipients.,Park MS,South Korea,1,False,,park ms|south korea,OA,gold,https://doi.org/10.1080/07853890.2026.2705636,Informa UK Limited
42521131,10.1016/j.healun.2026.07.029,2026,post,The Journal of heart and lung transplantation : the official publication of the International Society for Heart Transplantation,Journal Article,Global Approaches to Chronic Lung Allograft Dysfunction: Toward Evidence-Based Harmonization.,Vos R,Belgium,1,False,,vos r|belgium,Elsevier,closed,,Elsevier BV
42521129,10.1016/j.healun.2026.07.031,2026,post,The Journal of heart and lung transplantation : the official publication of the International Society for Heart Transplantation,Journal Article,Cytotoxic CD8+ T Cells Persist and Show Transcriptional Priming in Lung Transplantation.,Hayes D,United States,1,False,,hayes d|united states,OA,hybrid,https://www.jhltonline.org/article/S1053-2498(26)02009-7/pdf,Elsevier BV
42499651,10.1016/j.jhlto.2026.100615,2026,post,JHLT open,Journal Article,Outcomes of lung transplantation using TorEx ex-vivo lung perfusion.,Cypel M,Canada,2,True,,cypel m|canada,OA,gold,https://www.jhltopen.org/article/S2950-1334(26)00136-9/pdf,Elsevier BV
42486391,10.1016/j.ajt.2026.07.018,2026,post,American journal of transplantation : official journal of the American Society of Transplantation and the American Society of Transplant Surgeons,Journal Article,"CMV Infection after Lung Transplant: incidence, risk factors and management in a multi-center cohort.",Kumar D,Canada,2,True,registry,kumar d|canada,Elsevier,closed,,Elsevier BV
42456799,10.1016/j.jtcvs.2026.07.002,2026,post,The Journal of thoracic and cardiovascular surgery,Journal Article,Outcomes and treatment of early detectable donor-specific anti-HLA antibodies after lung transplantation: insights from a 12-year experience.,Ius F,Germany,1,False,,ius f|germany,OA,hybrid,https://www.jtcvs.org/article/S0022-5223(26)01148-7/pdf,Elsevier BV
42448497,10.1016/j.transproceed.2026.06.027,2026,post,Transplantation proceedings,Journal Article,Surgical Site Infection in Lung Transplantation: Clinical Impact and Predictive Factors: Analysis From the Portuguese Lung Transplantation Center.,Semedo L,,0,False,,semedo l|,OA,hybrid,https://www.sciencedirect.com/science/article/pii/S0041134526003210/pdf,Elsevier BV
42448009,10.1016/j.healun.2026.07.001,2026,post,The Journal of heart and lung transplantation : the official publication of the International Society for Heart Transplantation,Journal Article,Dynamic contrast-enhanced MRI quantifies microvascular changes in lung transplant recipients with chronic lung allograft dysfunction.,Montesi SB,,0,False,,montesi sb|,Elsevier,closed,,Elsevier BV
42444974,10.21037/jtd-2026-1-0260,2026,post,Journal of thoracic disease,Journal Article,Dangerous liaisons: the peri-transplant respiratory microbiota and their impact on lung transplantation outcomes.,Obermeier KT,Germany,1,True,registry,obermeier kt|germany,OA,gold,https://doi.org/10.21037/jtd-2026-1-0260,AME Publishing Company
42442626,10.1016/j.healun.2026.07.009,2026,post,The Journal of heart and lung transplantation : the official publication of the International Society for Heart Transplantation,Journal Article,Mapping the mTOR pathway in lung transplantation: Is it time for a biomarker-driven precision therapy?,Calabrese F,Italy,3,True,registry,calabrese f|italy,OA,hybrid,https://doi.org/10.1016/j.healun.2026.07.009,Elsevier BV
42433010,10.1111/tid.70275,2026,post,Transplant infectious disease : an official journal of the Transplantation Society,Journal Article,Incidental Detection of Respiratory Viruses in Lung Transplant Donor-Recipient Pairs: Exploratory Associations With Clinical Outcomes in a Post Hoc Analysis.,Bandera A,Italy,1,False,,bandera a|italy,OA,hybrid,https://doi.org/10.1111/tid.70275,Wiley
42425730,10.1183/13993003.00537-2025,2026,post,The European respiratory journal,Journal Article,Aberrant and Ectopic Cell Populations in Restrictive Allograft Syndrome after Lung Transplantation.,Schupp JC,Germany,4,True,,schupp jc|germany,Other-paywall,closed,,European Respiratory Society (ERS)
42419340,10.1016/j.lanmic.2026.101352,2026,post,The Lancet. Microbe,Journal Article,"Non-Aspergillus fumigatus mould infections in lung transplant recipients: an international, multicentre, case-control study.",Husain S,United States,7,True,registry,husain s|united states,OA,gold,https://doi.org/10.1016/j.lanmic.2026.101352,Elsevier BV
42404562,10.3389/fmed.2026.1851797,2026,post,Frontiers in medicine,Journal Article,Lung transplantation from polytrauma donors: beyond primary graft dysfunction.,Luzzi L,Italy,1,False,,luzzi l|italy,OA,gold,https://www.frontiersin.org/journals/medicine/articles/10.3389/fmed.2026.1851797/pdf,Frontiers Media SA
42396924,10.1111/ctr.70605,2026,post,Clinical transplantation,Journal Article,Incidence and Impact of RAS-Like Opacities During Preserved Lung Function After Lung Transplantation.,Raivio PM,,0,False,,raivio pm|,Wiley,closed,,Wiley
42392829,10.1183/13993003.02380-2025,2026,post,The European respiratory journal,Journal Article,A Transcriptomic Atlas of Chronic Lung Allograft Dysfunction.,Vos R,Belgium,6,True,,vos r|belgium,Other-paywall,closed,,European Respiratory Society (ERS)
42392286,10.1016/j.healun.2026.06.016,2026,post,The Journal of heart and lung transplantation : the official publication of the International Society for Heart Transplantation,Journal Article,Alveolar macrophage activation and polarization signatures in stable lung transplant recipients and chronic lung allograft dysfunction.,Kühnel MP,Germany,2,True,,kühnel mp|germany,OA,hybrid,https://www.jhltonline.org/article/S1053-2498(26)01977-7/pdf,Elsevier BV
42344702,10.1097/txd.0000000000001967,2026,post,Transplantation direct,Journal Article,Prevent or Treat? Evaluating a Delayed Treatment With Nintedanib After Murine Orthotopic Tracheal Transplantation.,Heim C,Germany,1,False,,heim c|germany,OA,gold,https://doi.org/10.1097/txd.0000000000001967,Ovid Technologies (Wolters Kluwer Health)
42335329,10.1097/tp.0000000000005818,2026,post,Transplantation,Journal Article,Determinants of Baseline Lung Allograft Dysfunction and its Long-term Impact on Pulmonary Function After Bilateral Lung Transplantation.,Sáez-Giménez B,Spain,2,True,,sáez-giménez b|spain,WoltersKluwer,closed,,Ovid Technologies (Wolters Kluwer Health)
42335172,10.1371/journal.pmed.1004725,2026,post,PLoS medicine,Journal Article,Multi-omics biomarkers of endothelial dysregulation preceding chronic lung allograft dysfunction: A prospective cohort study.,Marsland BJ,Australia,1,True,registry,marsland bj|australia,OA,gold,https://journals.plos.org/plosmedicine/article/file?id=10.1371/journal.pmed.1004725&type=printable,Public Library of Science (PLoS)
42329011,10.36141/svdld.2026.18338,2026,post,"Sarcoidosis, vasculitis, and diffuse lung diseases : official journal of WASOG",Journal Article,Outcomes of Lung Transplantation for Pulmonary Sarcoidosis Across Multiple Eras: A 25-Year Experience from a US Center.,Aryal S,United States,1,False,,aryal s|united states,unresolved,,,
42317783,10.1016/j.jhlto.2026.100595,2026,post,JHLT open,Journal Article,Size-matching in lung transplantation using the adjusted total lung capacity ratio.,Nasir BS,Canada,2,True,,nasir bs|canada,OA,gold,https://www.jhltopen.org/article/S2950-1334(26)00116-3/pdf,Elsevier BV
42309233,10.1016/j.rmed.2026.108944,2026,post,Respiratory medicine,Journal Article,"High-density lipoprotein cholesterol influences the outcomes of lung transplantation in females, but not males.",Ayyat KS,United States,1,False,,ayyat ks|united states,OA,hybrid,https://doi.org/10.1016/j.rmed.2026.108944,Elsevier BV
42302385,10.1097/rlu.0000000000006557,2026,post,Clinical nuclear medicine,Journal Article,Diagnostic Value of Quantitative Lung Perfusion Single-photon Emission CT/CT for Chronic Lung Allograft Dysfunction in Patients After Bilateral Lung Transplantation.,Takao H,Japan,1,False,,takao h|japan,OA,hybrid,https://doi.org/10.1097/rlu.0000000000006557,Ovid Technologies (Wolters Kluwer Health)
42294095,10.3389/ti.2026.16293,2026,post,Transplant international : official journal of the European Society for Organ Transplantation,Journal Article,Blood vessels as primary site of rejection in murine lung transplantation.,Vanaudenaerde BM,Belgium,3,True,registry,vanaudenaerde bm|belgium,OA,gold,https://www.frontierspartnerships.org/journals/transplant-international/articles/10.3389/ti.2026.16293/pdf,Frontiers Media SA
42292970,10.1016/j.jhlto.2026.100585,2026,post,JHLT open,Journal Article,Sotatercept treatment in a patient with end-stage bronchiolitis obliterans syndrome after lung transplantation.,Seethamraju H,,0,False,,seethamraju h|,OA,gold,https://www.jhltopen.org/article/S2950-1334(26)00106-0/pdf,Elsevier BV
42271353,10.1186/s12890-026-04337-5,2026,post,BMC pulmonary medicine,Journal Article,Risk factors for nontuberculous mycobacteria infection in lung transplant recipients.,Chen W,Japan,2,True,,chen w|japan,OA,gold,https://doi.org/10.1186/s12890-026-04337-5,Springer Science and Business Media LLC
42264281,10.1016/j.healun.2026.06.004,2026,post,The Journal of heart and lung transplantation : the official publication of the International Society for Heart Transplantation,Journal Article,Approach to prevention and management of chronic lung allograft dysfunction in North American lung transplant centers.,,Canada,1,True,registry,,OA,green,https://pmc.ncbi.nlm.nih.gov/articles/PMC13334939/,Elsevier BV
42256236,10.1016/j.jhlto.2026.100575,2026,post,JHLT open,Journal Article,Early detection of chronic lung allograft dysfunction with spectral and intrabreath oscillometry.,Chow CW,Canada,2,True,,chow cw|canada,OA,gold,https://doi.org/10.1016/j.jhlto.2026.100575,Elsevier BV
42252026,10.1016/j.ajt.2026.05.2303,2026,post,American journal of transplantation : official journal of the American Society of Transplantation and the American Society of Transplant Surgeons,Journal Article,Myeloid-avid mammalian target of rapamycin-inhibiting nanobiologic attenuates allograft fibrosis after lung transplantation.,Kreisel D,United States,1,True,registry,kreisel d|united states,OA,bronze,https://www.amjtransplant.org/article/S1600-6135(26)02582-7/pdf,Elsevier BV
42244392,10.1111/tan.70786,2026,post,HLA,Journal Article,Non-HLA Autoantibodies Associate With a Positive Flow-Crossmatch Pre- and Chronic Lung Allograft Dysfunction Post- Lung Transplant.,Westall G,Australia,1,False,,westall g|australia,OA,hybrid,https://doi.org/10.1111/tan.70786,Wiley
42204416,10.1097/tp.0000000000005773,2026,post,Transplantation,Journal Article,The Downregulation of LKB1 in Small Extracellular Vesicles Elucidates the Downstream Mechanisms Driving Acute Lung Allograft Rejection.,Mohanakumar T,,0,False,,mohanakumar t|,WoltersKluwer,closed,,Ovid Technologies (Wolters Kluwer Health)
42180136,10.1097/txd.0000000000001958,2026,post,Transplantation direct,Journal Article,B6 Donor Lungs Develop Chronic Lung Allograft Dysfunction-like Pathology Across Histocompatibility Mismatches in Murine Lung Transplantation.,Kurihara C,Japan,1,True,registry,kurihara c|japan,OA,gold,https://doi.org/10.1097/txd.0000000000001958,Ovid Technologies (Wolters Kluwer Health)
42163227,10.1186/s12890-026-04346-4,2026,post,BMC pulmonary medicine,Journal Article,The prognostic role of preoperative subcutaneous adipose tissue measurement in lung transplantation.,Wang X,China,1,False,,wang x|china,OA,gold,https://doi.org/10.1186/s12890-026-04346-4,Springer Science and Business Media LLC
42153608,10.1111/ctr.70564,2026,post,Clinical transplantation,Journal Article; Comparative Study,Clinical Implications of Early vs Late Development of Donor-Specific Antibodies Among Lung Transplant Recipients: A Single-Center Experience.,Tokman S,United States,1,False,,tokman s|united states,Wiley,closed,,Wiley
42147823,10.3389/ti.2026.15409,2026,post,Transplant international : official journal of the European Society for Organ Transplantation,Journal Article,Donor-Specific Blood Transfusion Induces a Transfusion-Related Early Protective Effect in Murine Lung Transplantation.,Ceulemans LJ,Belgium,1,False,,ceulemans lj|belgium,OA,gold,https://doi.org/10.3389/ti.2026.15409,Frontiers Media SA
42144087,10.1016/j.healun.2026.05.010,2026,post,The Journal of heart and lung transplantation : the official publication of the International Society for Heart Transplantation,Journal Article,The need for clarity among the shadows: It is time to further refine the definition of primary graft dysfunction in lung transplant recipients.,Hoetzenecker K,Austria,4,True,,hoetzenecker k|austria,OA,hybrid,https://www.jhltonline.org/article/S1053-2498(26)01917-0/pdf,Elsevier BV
42111374,10.1183/23120541.00781-2025,2026,post,ERJ open research,Journal Article,Proteomic analysis of bronchoalveolar lavage fluid after lung transplantation associates stable allograft function with less lung damage at 12 months.,Magnusson JM,Sweden,2,True,,magnusson jm|sweden,OA,gold,https://doi.org/10.1183/23120541.00781-2025,European Respiratory Society (ERS)
42105629,10.1016/j.ebiom.2026.106285,2026,post,EBioMedicine,Journal Article,Mechanistic analysis of an IRF7-dependent pathway in virus-induced fibrosis in chronic lung allograft dysfunction.,Sharma NS,United States,2,True,registry,sharma ns|united states,OA,gold,https://doi.org/10.1016/j.ebiom.2026.106285,Elsevier BV
42103135,10.1016/j.jtcvs.2026.04.031,2026,post,The Journal of thoracic and cardiovascular surgery,Journal Article,A single-center experience of 2000 adult lung transplants.,Nava RG,,0,False,,nava rg|,Elsevier,closed,,Elsevier BV
42089290,10.1093/ajrcmb/aanag048,2026,post,American journal of respiratory cell and molecular biology,Journal Article,Anellovirus-Mediated Interferon Dysregulation Enhances Virus-Induced Lung Injury.,Sharma NS,,0,True,,sharma ns|,Other-paywall,closed,,Oxford University Press (OUP)
42077402,10.1016/j.jhlto.2026.100512,2026,post,JHLT open,Journal Article,Donor-recipient sex differences: Implications for immunologic outcomes but no impact on survival after lung transplantation.,Schuurmans MM,Switzerland,1,False,,schuurmans mm|switzerland,OA,gold,https://www.jhltopen.org/article/S2950-1334(26)00033-9/pdf,Elsevier BV
42058137,10.1016/j.jhlto.2026.100548,2026,post,JHLT open,Journal Article,Performance of bilateral bronchoalveolar lavage during routine transplant surveillance bronchoscopy changes management.,Wahidi M,,0,True,registry,wahidi m|,OA,gold,https://www.jhltopen.org/article/S2950-1334(26)00069-8/pdf,Elsevier BV
42057776,10.1016/j.jhlto.2026.100498,2026,post,JHLT open,Journal Article,Acute and chronic allograft dysfunction following pediatric lung transplantation.,Brugha R,United Kingdom,1,True,registry,brugha r|united kingdom,OA,gold,https://www.jhltopen.org/article/S2950-1334(26)00019-4/pdf,Elsevier BV
42044158,10.1172/jci.insight.196651,2026,post,JCI insight,Journal Article,Single-cell multiomic analysis of mesenchymal cells reveals molecular signatures and regulators of lung allograft fibrosis.,Lama VN,United States,1,False,,lama vn|united states,OA,gold,http://insight.jci.org/articles/view/196651/files/pdf,American Society for Clinical Investigation
42008465,10.1097/tp.0000000000005703,2026,post,Transplantation,Journal Article,The Natural History of Chronic Lung Allograft Dysfunction in Single and Bilateral Orthotopic Lung Transplant Recipients.,Weigt SS,,0,False,,weigt ss|,WoltersKluwer,closed,,Ovid Technologies (Wolters Kluwer Health)
42007764,10.1096/fj.202503694r,2026,post,FASEB journal : official publication of the Federation of American Societies for Experimental Biology,Journal Article,A Potential Novel Molecular Interaction in Bronchiolitis Obliterans Syndrome in Lung Transplantation Patients: The Role of SERPINA3 and Osteoprotegerin.,Burgess JK,Netherlands,2,True,,burgess jk|netherlands,OA,hybrid,https://doi.org/10.1096/fj.202503694r,Wiley
42000481,10.1016/j.resinv.2026.101428,2026,post,Respiratory investigation,Journal Article,Short- and long-term outcomes of anti-thymocyte globulin-based regimen for acute antibody-mediated rejection after lung transplantation.,Toyooka S,Japan,1,True,registry,toyooka s|japan,OA,hybrid,https://doi.org/10.1016/j.resinv.2026.101428,Elsevier BV
41994456,10.3389/fmed.2026.1792506,2026,post,Frontiers in medicine,Journal Article,Lung allograft injury improves after gastroesophageal reflux surgery by donor-derived cell-free DNA kinetics.,Ross DJ,United States,1,False,,ross dj|united states,OA,gold,https://public-pages-files-2025.frontiersin.org/journals/medicine/articles/10.3389/fmed.2026.1792506/pdf,Frontiers Media SA
41984803,10.1093/rheumatology/keag200,2026,post,"Rheumatology (Oxford, England)",Journal Article; Multicenter Study,"Lung transplant outcomes in myositis, systemic sclerosis and idiopathic pulmonary fibrosis: a multicentre retrospective analysis.",Huang K,Canada,1,True,,huang k|canada,OA,hybrid,https://doi.org/10.1093/rheumatology/keag200,Oxford University Press (OUP)
41977039,10.3390/jcm15072738,2026,post,Journal of clinical medicine,Journal Article,Is Lifelong Physical Activity a Determinant of Lung Transplantation Outcomes?,Żegleń S,Poland,1,False,,żegleń s|poland,OA,gold,https://www.mdpi.com/2077-0383/15/7/2738/pdf?version=1775793323,MDPI AG
41974517,10.1016/j.healun.2026.01.006,2026,post,The Journal of heart and lung transplantation : the official publication of the International Society for Heart Transplantation,Journal Article; Multicenter Study,Acute lung allograft dysfunction predicts lung allograft failure: Construct validity of the 2026 International Society for Heart and Lung Transplantation spirometric definition.,,,0,True,,,OA,hybrid,https://www.jhltonline.org/article/S1053-2498(26)00005-7/pdf,Elsevier BV
41972701,10.3390/cells15070611,2026,post,Cells,Journal Article,Early BAL microRNA Signatures Delineate Biological Trajectories Towards CLAD After Lung Transplantation.,Vaira V,Italy,1,False,,vaira v|italy,OA,gold,https://www.mdpi.com/2073-4409/15/7/611/pdf?version=1774856373,MDPI AG
41935548,10.1016/j.healun.2026.03.032,2026,post,The Journal of heart and lung transplantation : the official publication of the International Society for Heart Transplantation,"Journal Article; Randomized Controlled Trial; Clinical Trial, Phase II; Multicenter Study",The ASSIST CLAD study: A phase 2 randomized controlled trial of mesenchymal stromal cells for new-onset chronic lung allograft dysfunction.,Hopkins PMA,Australia,1,True,rct,hopkins pma|australia,Elsevier,closed,,Elsevier BV
41871693,10.1016/j.trim.2026.102380,2026,post,Transplant immunology,Journal Article,Influence of tacrolimus concentration-to-dose ratio on CLAD risk in lung transplant recipients.,Bedouch P,France,1,True,registry,bedouch p|france,OA,hybrid,https://doi.org/10.1016/j.trim.2026.102380,Elsevier BV
41864285,10.1016/j.healun.2026.03.011,2026,post,The Journal of heart and lung transplantation : the official publication of the International Society for Heart Transplantation,Journal Article,Genome-wide association study reveals two novel genetic loci associated with chronic lung allograft dysfunction.,,Belgium,2,True,,,OA,hybrid,https://www.jhltonline.org/article/S1053-2498(26)01777-8/pdf,Elsevier BV
41857706,10.1186/s12890-026-04153-x,2026,post,BMC pulmonary medicine,Journal Article,When BAL meets CT scan: enhancing noninvasive diagnosis of acute cellular rejection after lung transplantation.,Bennett D,Italy,1,False,,bennett d|italy,OA,gold,https://doi.org/10.1186/s12890-026-04153-x,Springer Science and Business Media LLC
41816390,10.21037/jtd-2025-1845,2026,post,Journal of thoracic disease,Journal Article,Knowledge structure and academic influence in lung transplantation: a systematically bibliometric analysis of highly cited documents and multi-perspective extensive review.,Pu Q,China,1,False,,pu q|china,OA,gold,https://doi.org/10.21037/jtd-2025-1845,AME Publishing Company
41813505,10.1016/j.jcf.2026.03.003,2026,post,Journal of cystic fibrosis : official journal of the European Cystic Fibrosis Society,Journal Article,The impact of progressive expansion of elexacaftor-tezacaftor-ivacaftor availability on lung transplant for cystic fibrosis in France.,Burgel PR,France,1,False,,burgel pr|france,OA,hybrid,https://doi.org/10.1016/j.jcf.2026.03.003,Elsevier BV
41809978,10.1016/j.jhlto.2026.100519,2026,post,JHLT open,Journal Article,Mapping acute lung allograft dysfunction of unknown cause after lung transplantation: Insights from clinical and radiological patterns.,Bennett D,Italy,1,True,,bennett d|italy,OA,gold,https://www.jhltopen.org/article/S2950-1334(26)00040-6/pdf,Elsevier BV
41798058,10.1016/j.jhlto.2026.100513,2026,post,JHLT open,Journal Article,Glucagon-like peptide-1 receptor agonist use and clinical outcomes after lung transplantation: A single-center cohort study.,Kurihara C,,0,False,,kurihara c|,OA,gold,https://www.jhltopen.org/article/S2950-1334(26)00034-0/pdf,Elsevier BV
41780717,10.1016/j.jtcvs.2026.02.029,2026,post,The Journal of thoracic and cardiovascular surgery,Journal Article,Large airway bronchial wash lipidomics as novel biomarkers for chronic lung allograft dysfunction.,D'Ovidio F,,0,False,,d'ovidio f|,Elsevier,closed,,Elsevier BV
41759575,10.1016/j.jmoldx.2026.02.002,2026,post,The Journal of molecular diagnostics : JMD,Journal Article,Different States of Lung Allograft Injury Assessed by Plasma Donor-Derived and Total Cell-Free DNA.,Mitchell ME,,0,False,,mitchell me|,OA,hybrid,https://doi.org/10.1016/j.jmoldx.2026.02.002,Elsevier BV
41756159,10.1016/j.jhlto.2026.100501,2026,post,JHLT open,Journal Article,Lung retransplantation during the Lung Allocation Score era: Outcomes from a large single center.,Arcasoy SM,,0,True,,arcasoy sm|,OA,gold,https://www.jhltopen.org/article/S2950-1334(26)00022-4/pdf,Elsevier BV
41756158,10.1016/j.jhlto.2026.100508,2026,post,JHLT open,Journal Article,Lung retransplantation after initial single lung transplantation.,Harano T,,0,True,registry,harano t|,OA,gold,https://www.jhltopen.org/article/S2950-1334(26)00029-7/pdf,Elsevier BV
41753297,10.3390/jcm15041608,2026,post,Journal of clinical medicine,Journal Article,HLA-DQ7 De Novo Donor-Specific Antibodies Are Associated with Increased Risk of Chronic Lung Allograft Dysfunction After Lung Transplantation.,Kauke T,Germany,1,True,,kauke t|germany,OA,gold,https://www.mdpi.com/2077-0383/15/4/1608/pdf?version=1771493788,MDPI AG
41743830,10.1097/txd.0000000000001913,2026,post,Transplantation direct,Journal Article,Lower Limit of Normal of Pulmonary Function to Define Baseline Lung Allograft Dysfunction.,Gottlieb J,Germany,2,True,,gottlieb j|germany,OA,gold,https://doi.org/10.1097/txd.0000000000001913,Ovid Technologies (Wolters Kluwer Health)
41740941,10.1016/j.healun.2026.02.1666,2026,post,The Journal of heart and lung transplantation : the official publication of the International Society for Heart Transplantation,Journal Article,Human lung allografts experience persistent fibrogenic shift following acute cellular rejection.,Hayes D,Canada,1,False,,hayes d|canada,OA,hybrid,https://doi.org/10.1016/j.healun.2026.02.1666,Elsevier BV
41739903,10.1126/scitranslmed.adu0358,2026,post,Science translational medicine,Journal Article,Lymphatic disruption drives lung transplant fibrosis through interleukin-1-mediated hyaluronan accumulation.,Kreisel D,United States,1,False,,kreisel d|united states,OA,green,https://pmc.ncbi.nlm.nih.gov/articles/PMC13016417/,American Association for the Advancement of Science (AAAS)
41738587,10.1111/tid.70190,2026,post,Transplant infectious disease : an official journal of the Transplantation Society,Journal Article,The Role of Nontuberculous Mycobacteria in Patients With Cystic Fibrosis Advanced Lung Disease.,Mueller NJ,Switzerland,2,True,,mueller nj|switzerland,OA,hybrid,https://doi.org/10.1111/tid.70190,Wiley
41738213,10.1093/ajrcmb/aanag017,2026,post,American journal of respiratory cell and molecular biology,"Journal Article; Research Support, N.I.H., Extramural; Research Support, Non-U.S. Gov't; Research Support, U.S. Gov't, Non-P.H.S.",Circulating B7H6 is associated with reduced NKp30 receptor expression and improved lung transplant recipient survival.,Calabrese DR,United States,1,False,,calabrese dr|united states,OA,hybrid,https://doi.org/10.1093/ajrcmb/aanag017,Oxford University Press (OUP)
41738136,10.1093/ajrccm/aamaf055,2026,post,American journal of respiratory and critical care medicine,Journal Article; Multicenter Study,Clinical features associated with chronic lung allograft dysfunction progression in a multicenter cohort.,Palmer SM,United States,1,True,,palmer sm|united states,OA,green,https://pmc.ncbi.nlm.nih.gov/articles/PMC13051689/,Oxford University Press (OUP)
41735096,10.1016/j.ajt.2026.01.017,2026,post,American journal of transplantation : official journal of the American Society of Transplantation and the American Society of Transplant Surgeons,Journal Article,Uncontrolled donation after circulatory death lung transplantation program: Clinical outcomes and perspectives for implementation.,Nosotti M,Italy,1,False,,nosotti m|italy,OA,hybrid,https://doi.org/10.1016/j.ajt.2026.01.017,Elsevier BV
41701147,10.1093/ejcts/ezag095,2026,post,European journal of cardio-thoracic surgery : official journal of the European Association for Cardio-thoracic Surgery,Journal Article,Safety and Effectiveness of Low-Dose Valganciclovir Prophylaxis in Cytomegalovirus Seropositive Lung Transplant Recipients.,Lemström KB,,0,True,registry,lemström kb|,Other-paywall,closed,,Oxford University Press (OUP)
41695191,10.1016/j.jhlto.2025.100449,2026,post,JHLT open,Journal Article,"Cytomegalovirus infections in thoracic organ transplant recipients: Updates on prevention, treatment, and immune monitoring.",Wolfe CR,,0,False,,wolfe cr|,OA,gold,https://www.jhltopen.org/article/S2950-1334(25)00248-4/pdf,Elsevier BV
41690369,10.1016/j.ajt.2026.02.002,2026,post,American journal of transplantation : official journal of the American Society of Transplantation and the American Society of Transplant Surgeons,Journal Article,Airway molecular signatures in antibody-mediated lung transplant rejection.,Greenland JR,United States,1,False,,greenland jr|united states,OA,hybrid,https://www.amjtransplant.org/article/S1600-6135(26)00079-1/pdf,Elsevier BV
41679649,10.1016/j.ajt.2026.01.025,2026,post,American journal of transplantation : official journal of the American Society of Transplantation and the American Society of Transplant Surgeons,Journal Article,Immune gene correlation networks differentiate both chronic lung allograft dysfunction and survival.,McDyer JF,United States,2,True,,mcdyer jf|united states,OA,bronze,https://www.amjtransplant.org/article/S1600-6135(26)00047-X/pdf,Elsevier BV
41672090,10.1002/resp.70224,2026,post,"Respirology (Carlton, Vic.)",Journal Article; Multicenter Study,Lower CLAD and Good Survival in Lung Transplant Recipients With Pneumoconiosis: A Spanish National Multicentre Case-Control Study.,León-Jiménez A,Spain,3,True,,león-jiménez a|spain,OA,green,https://hdl.handle.net/10902/40239,Wiley
41669771,10.1093/ejcts/ezag094,2026,post,European journal of cardio-thoracic surgery : official journal of the European Association for Cardio-thoracic Surgery,Journal Article,Long-term Outcome of Lung Retransplantation for Chronic Lung Allograft Dysfunction After En-bloc Heart and Lung Transplantation.,Fadel E,France,1,False,,fadel e|france,Other-paywall,closed,,Oxford University Press (OUP)
41663041,10.1016/j.healun.2026.01.028,2026,post,The Journal of heart and lung transplantation : the official publication of the International Society for Heart Transplantation,Journal Article,Spatial transcriptomics reveals coordinated endothelial and epithelial activator protein-1 activation in chronic lung allograft dysfunction.,Sharma NS,,0,False,,sharma ns|,OA,green,https://pmc.ncbi.nlm.nih.gov/articles/PMC13274917/,Elsevier BV
41630968,10.1016/j.jhlto.2025.100469,2026,post,JHLT open,Journal Article,Survival improvement with sirolimus plus tacrolimus immunosuppression for treatment of bronchiolitis obliterans syndrome after lung transplantation.,Iacono A,,0,True,registry,iacono a|,OA,gold,https://www.jhltopen.org/article/S2950-1334(25)00268-X/pdf,Elsevier BV
41624215,10.1016/j.jhlto.2025.100473,2026,post,JHLT open,Journal Article,Abnormal spirometry 1 year after lung transplantation may identify patients at risk for chronic lung allograft dysfunction in a multicenter cohort.,Snyder LD,,0,True,,snyder ld|,OA,gold,https://www.jhltopen.org/article/S2950-1334(25)00272-1/pdf,Elsevier BV
41624210,10.1016/j.jhlto.2025.100392,2026,post,JHLT open,Journal Article,Bronchial stenosis after lung transplant: Risk factors and clinical outcomes.,Woolley AE,,0,False,,woolley ae|,OA,gold,https://www.jhltopen.org/article/S2950-1334(25)00187-9/pdf,Elsevier BV
41619918,10.1016/j.healun.2026.01.022,2026,post,The Journal of heart and lung transplantation : the official publication of the International Society for Heart Transplantation,Journal Article; Multicenter Study; Observational Study,Donor-derived cell-free DNA associated with increased risk of chronic lung allograft dysfunction and mortality: Are absolute levels better than percentage?,Agbor-Enoh S,,0,True,,agbor-enoh s|,OA,hybrid,https://www.jhltonline.org/article/S1053-2498(26)00026-4/pdf,Elsevier BV
41574224,10.3389/frtra.2025.1704682,2025,post,Frontiers in transplantation,Journal Article,"The critical relationship between tacrolimus levels, acute kidney injury, and early chronic lung allograft dysfunction.",Behr J,Germany,2,True,,behr j|germany,OA,gold,https://public-pages-files-2025.frontiersin.org/journals/transplantation/articles/10.3389/frtra.2025.1704682/pdf,Frontiers Media SA
41571047,10.1016/j.jtcvs.2026.01.009,2026,post,The Journal of thoracic and cardiovascular surgery,Journal Article,Optimal size matching leads to a favorable outcome for single-lobe living-donor lung transplantation.,Date H,Japan,1,False,,date h|japan,Elsevier,closed,,Elsevier BV
41561943,10.3389/fmed.2025.1692881,2025,post,Frontiers in medicine,Journal Article,Immunoglobulin levels of children with bronchiolitis obliterans syndrome after hematopoietic cell transplantation.,Zhang S,China,1,False,,zhang s|china,OA,gold,https://public-pages-files-2025.frontiersin.org/journals/medicine/articles/10.3389/fmed.2025.1692881/pdf,Frontiers Media SA
41514232,10.1186/s12890-025-04101-1,2026,post,BMC pulmonary medicine,Journal Article,Assessing health-related quality of life in patients with interstitial lung diseases with and without lung transplantation using the GR-Scale.,Behr J,Germany,2,True,,behr j|germany,OA,gold,https://doi.org/10.1186/s12890-025-04101-1,Springer Science and Business Media LLC
41510176,10.1016/j.jhlto.2025.100458,2026,post,JHLT open,Journal Article,"Venous thromboembolism in lung transplant recipients: timing and clinical impact, a 10-year cohort analysis.",Post MC,Netherlands,1,False,,post mc|netherlands,OA,gold,https://www.jhltopen.org/article/S2950-1334(25)00257-5/pdf,Elsevier BV
41492018,10.1042/cs20258651,2026,post,"Clinical science (London, England : 1979)","Journal Article; Research Support, Non-U.S. Gov't",Analysis of BAL extracellular vesicles unveils NF-κB activation at the onset of chronic lung allograft dysfunction.,Vaira V,Italy,1,False,,vaira v|italy,OA,hybrid,https://doi.org/10.1042/cs20258651,Portland Press Ltd.
41487300,10.1016/j.jhlto.2025.100445,2026,post,JHLT open,Journal Article,Prognostic impact of restrictive ventilatory defects in chronic lung allograft dysfunction without restrictive allograft syndrome-like opacities: Stratification of emerging undefined and unclassified phenotypes.,Hatabu H,Japan,1,True,,hatabu h|japan,OA,gold,https://www.jhltopen.org/article/S2950-1334(25)00244-7/pdf,Elsevier BV
41457728,,2025,post,The Israel Medical Association journal : IMAJ,Journal Article,Pediatric Lung Transplantation in Israel: 29 Cases from a Single Center's Experience.,Kramer MR,Israel,1,True,,kramer mr|israel,no-doi,,,
41453696,10.1016/j.healun.2025.12.017,2026,post,The Journal of heart and lung transplantation : the official publication of the International Society for Heart Transplantation,Journal Article,Lung microbiome quantification and bacterial density as prognostic markers in lung transplantation.,Coburn B,Canada,1,False,,coburn b|canada,OA,bronze,https://www.jhltonline.org/article/S1053-2498(25)02473-8/pdf,Elsevier BV
41431410,10.3349/ymj.2024.0475,2026,post,Yonsei medical journal,Journal Article; Comparative Study,Outcomes of Lung Transplantation for Bronchiolitis Obliterans after Hematopoietic Stem Cell Transplantation Compared with Those for Idiopathic Pulmonary Fibrosis.,Lee JG,South Korea,1,False,,lee jg|south korea,OA,gold,http://eymj.org/Synapse/Data/PDFData/0069YMJ/ymj-66-e94.pdf,XMLink
41415034,10.1097/txd.0000000000001894,2026,post,Transplantation direct,Journal Article,Plasma Cell-free DNA Associated With Risk of Mortality and Chronic Lung Allograft Dysfunction Among Lung Transplant Recipients With Aspergillus.,Agbor-Enoh S,,0,True,,agbor-enoh s|,OA,gold,https://doi.org/10.1097/txd.0000000000001894,Ovid Technologies (Wolters Kluwer Health)
41412718,10.1183/13993003.01738-2025,2026,post,The European respiratory journal,Journal Article,Exploring fibroblast activation protein as an early biomarker in chronic lung allograft dysfunction.,Kurihara C,United States,2,True,,kurihara c|united states,Other-paywall,closed,,European Respiratory Society (ERS)
41402066,10.26508/lsa.202503312,2026,post,Life science alliance,"Journal Article; Research Support, Non-U.S. Gov't",Cystatin C prevents tissue injury after lung transplantation.,Yildirim AÖ,Germany,3,True,,yildirim aö|germany,OA,gold,https://www.life-science-alliance.org/content/lsa/9/2/e202503312.full.pdf,"Life Science Alliance, LLC"
41396406,10.1007/s10047-025-01541-8,2025,post,Journal of artificial organs : the official journal of the Japanese Society for Artificial Organs,Evaluation Study; Journal Article,Feasibility of anticoagulation-free peripheral veno-arterial extracorporeal membrane oxygenation in re-do lung transplantation.,Yamanouchi D,Japan,2,True,,yamanouchi d|japan,OA,hybrid,https://link.springer.com/content/pdf/10.1007/s10047-025-01541-8.pdf,Springer Science and Business Media LLC
41390918,10.1093/ejcts/ezaf446,2026,post,European journal of cardio-thoracic surgery : official journal of the European Association for Cardio-thoracic Surgery,Journal Article,Effect of Donor-Recipient Age Difference on Living-Donor Lung Transplantation Outcomes.,Toyooka S,Japan,1,False,,toyooka s|japan,Other-paywall,closed,,Oxford University Press (OUP)
41375618,10.3390/jcm14238315,2025,post,Journal of clinical medicine,Journal Article,Intraoperative Extracorporeal Life Support for Bilateral Sequential Lung Transplantation.,Samarzija M,,0,False,,samarzija m|,OA,gold,https://www.mdpi.com/2077-0383/14/23/8315/pdf?version=1763864344,MDPI AG
41342001,10.1016/j.jhlto.2025.100420,2026,post,JHLT open,Journal Article,Fungal colonization and CLAD in lung transplant recipients: Implications for antifungal prophylaxis and graft survival.,Anjum F,,0,False,,anjum f|,OA,gold,https://www.jhltopen.org/article/S2950-1334(25)00215-0/pdf,Elsevier BV
41337937,10.1016/j.ebiom.2025.106046,2025,post,EBioMedicine,Journal Article,Development and validation of a bronchoalveolar lavage genomic classifier for acute cellular rejection.,Belperio JA,United States,2,True,,belperio ja|united states,OA,gold,https://doi.org/10.1016/j.ebiom.2025.106046,Elsevier BV
41332351,10.1002/ppul.71421,2025,post,Pediatric pulmonology,Journal Article,Belumosudil in the Treatment of Restrictive Allograft Syndrome After Lung Transplantation-A Case Report.,Ju C,China,1,False,,ju c|china,Wiley,closed,,Wiley
41325942,10.1016/j.trim.2025.102330,2026,post,Transplant immunology,Journal Article; Multicenter Study,Conversion to belatacept-based immunosuppression as a calcineurin sparing regimen in lung transplant: A multi-institutional retrospective study.,Emtiazjoo A,United States,1,True,registry,emtiazjoo a|united states,Elsevier,closed,,Elsevier BV
41321814,10.1016/j.jhlto.2025.100415,2026,post,JHLT open,Journal Article,Pathologists' experience and routine practice in high-volume lung transplant centers: An international survey.,Levine DJ,Australia,10,True,,levine dj|australia,OA,gold,https://www.jhltopen.org/article/S2950-1334(25)00210-1/pdf,Elsevier BV
41312224,10.3389/ti.2025.15495,2025,post,Transplant international : official journal of the European Society for Organ Transplantation,"Journal Article; Research Support, Non-U.S. Gov't",Characteristics and Outcomes of 1500 Lung Transplantations in the Leuven Lung Transplant Program: Turning Past Lessons Into Tomorrow's Foundations.,,Belgium,1,False,,,OA,gold,https://public-pages-files-2025.frontierspartnerships.org/journals/transplant-international/articles/10.3389/ti.2025.15495/pdf,Frontiers Media SA
41309269,10.1183/13993003.00182-2025,2026,post,The European respiratory journal,Journal Article; Observational Study,Reduced lung fluid club cell secretory protein informs chronic lung allograft dysfunction risk.,Todd JL,United States,2,True,,todd jl|united states,Other-paywall,closed,,European Respiratory Society (ERS)
41256738,10.3389/ti.2025.15350,2025,post,Transplant international : official journal of the European Society for Organ Transplantation,Journal Article,Efficacy of Intravenous Immunoglobulin in Eliminating De Novo Donor-Specific Antibodies After Lung Transplantation: Importance of Early Intervention.,Kauke T,Germany,1,False,,kauke t|germany,OA,gold,https://public-pages-files-2025.frontierspartnerships.org/journals/transplant-international/articles/10.3389/ti.2025.15350/pdf,Frontiers Media SA
41232942,10.1183/13993003.02154-2024,2026,post,The European respiratory journal,"Journal Article; Randomized Controlled Trial; Multicenter Study; Clinical Trial, Phase II","A European multicentre, randomised controlled trial of pirfenidone in bronchiolitis obliterans syndrome after bilateral lung transplantation.",Gottlieb J,Germany,7,True,rct,gottlieb j|germany,OA,green,https://pmc.ncbi.nlm.nih.gov/articles/PMC13044300/,European Respiratory Society (ERS)
41232781,10.1016/j.trim.2025.102326,2025,post,Transplant immunology,Journal Article,Characteristics linking ischemia-reperfusion to chronic lung allograft dysfunction in lung transplantation: A single-cell bioinformatics analysis.,Wu K,China,1,False,,wu k|china,Elsevier,closed,,Elsevier BV
41217841,10.1172/jci188891,2026,post,The Journal of clinical investigation,"Journal Article; Research Support, N.I.H., Extramural; Research Support, U.S. Gov't, Non-P.H.S.",Impaired complement regulation drives chronic lung allograft dysfunction after lung transplantation.,Gelman AE,United States,1,False,,gelman ae|united states,OA,gold,http://www.jci.org/articles/view/188891/files/pdf,American Society for Clinical Investigation
41211870,10.1097/tp.0000000000005566,2026,post,Transplantation,Journal Article,Pseudomonas aeruginosa -driven Humoral Immune Activation in Lung Transplantation: A Treatable Trait to Avert Chronic Lung Allograft Dysfunction?,Vos R,Belgium,1,False,,vos r|belgium,WoltersKluwer,closed,,Ovid Technologies (Wolters Kluwer Health)
41158500,10.1183/23120541.01135-2024,2025,post,ERJ open research,Journal Article,Multistate modelling of baseline lung allograft dysfunction in lung transplant recipients.,Mümmler C,Germany,2,True,,mümmler c|germany,OA,gold,https://doi.org/10.1183/23120541.01135-2024,European Respiratory Society (ERS)
41158494,10.1183/23120541.00006-2025,2025,post,ERJ open research,Journal Article,Is MUC5B rs35705950 promoter polymorphism associated with chronic lung allograft dysfunction?,,Belgium,2,True,,,OA,gold,https://doi.org/10.1183/23120541.00006-2025,European Respiratory Society (ERS)
41146914,10.1016/j.jhlto.2025.100399,2025,post,JHLT open,Journal Article,Pharmacological inhibition of toll-like receptor 4 suppresses ischemia-reperfusion injury-induced inflammation and improves lung allograft function after transplantation.,Date H,Japan,1,False,,date h|japan,OA,gold,https://www.jhltopen.org/article/S2950-1334(25)00194-6/pdf,Elsevier BV
41134996,10.1513/annalsats.202508-862oc,2026,post,Annals of the American Thoracic Society,Journal Article,Retransplant- and bronchiolitis obliterans syndrome-free survival among COVID lung transplant recipients: a national cohort study.,Goldberg HJ,United States,1,True,registry,goldberg hj|united states,Other-paywall,closed,,Oxford University Press (OUP)
41122970,10.1172/jci.insight.197579,2025,post,JCI insight,Journal Article,Single-cell dissection of chronic lung allograft dysfunction reveals convergent and distinct fibrotic mechanisms.,Bharat A,United States,1,False,,bharat a|united states,OA,gold,https://doi.org/10.1172/jci.insight.197579,American Society for Clinical Investigation
41112061,10.1097/txd.0000000000001811,2025,post,Transplantation direct,Journal Article,Improvements in Patient-reported Functioning After Lung Transplant Is Associated With Improved Quality of Life and Survival.,Singer JP,,0,False,,singer jp|,OA,gold,https://doi.org/10.1097/txd.0000000000001811,Ovid Technologies (Wolters Kluwer Health)
41103489,10.1016/j.jhlto.2025.100389,2025,post,JHLT open,Journal Article,Specific risk factors for heart-lung transplantation.,Fadel E,France,1,True,,fadel e|france,OA,gold,https://www.jhltopen.org/article/S2950-1334(25)00184-3/pdf,Elsevier BV
41087450,10.1038/s41598-025-19711-2,2025,post,Scientific reports,Journal Article,Refined cuff technique minimizes surgical complexity in rat lung transplantation and improves outcomes.,Kılıcaslan B,Turkey,1,False,,kılıcaslan b|turkey,OA,gold,https://www.nature.com/articles/s41598-025-19711-2.pdf,Springer Science and Business Media LLC
41079373,10.1016/j.jhlto.2025.100386,2025,post,JHLT open,Journal Article,CD38-targeted therapy with Daratumumab in clinical lung transplantation: A single-center experience.,Benazzo A,Austria,2,True,,benazzo a|austria,OA,gold,https://www.jhltopen.org/article/S2950-1334(25)00181-8/pdf,Elsevier BV
41073263,10.1016/j.jcf.2025.10.002,2026,post,Journal of cystic fibrosis : official journal of the European Cystic Fibrosis Society,Journal Article,Lung transplant for CF: Low lung bacterial burden and immune mediators in year one associate with CLAD development.,Collman RG,,0,False,,collman rg|,Elsevier,closed,,Elsevier BV
41061480,10.1016/j.resinv.2025.09.022,2025,post,Respiratory investigation,Journal Article,Survival and functional outcomes of single lung transplantation in secondary pulmonary hypertension.,Toyooka S,Japan,1,False,,toyooka s|japan,Elsevier,closed,,Elsevier BV
41058980,10.3389/ti.2025.15040,2025,post,Transplant international : official journal of the European Society for Organ Transplantation,Journal Article,Long Term Outcomes of Lung Transplantation in Sensitized Patients Following Eculizumab Use With the Desensitization Protocol.,Kurihara C,United States,1,True,registry,kurihara c|united states,OA,gold,https://www.frontierspartnerships.org/journals/transplant-international/articles/10.3389/ti.2025.15040/pdf,Frontiers Media SA
41042926,10.1093/ejcts/ezaf333,2025,post,European journal of cardio-thoracic surgery : official journal of the European Association for Cardio-thoracic Surgery,Journal Article,"Lung Allograft Size Matching According to Actual, Corrected, and Predicted Total Lung Capacity for Patients With Pulmonary Fibrosis.",Ius F,Germany,1,False,,ius f|germany,Other-paywall,closed,,Oxford University Press (OUP)
41032890,10.1097/tp.0000000000005515,2026,post,Transplantation,Journal Article; Multicenter Study; Observational Study,Characterization of Spirometric Response to Standard-of-care Treatment in Lung Allograft Recipients With Bronchiolitis Obliterans and the Utility of Spirometric Criteria for Rescue Therapy: Implications for the Design of Risk-stratified Clinical Trials.,,India,1,True,registry,,OA,hybrid,https://doi.org/10.1097/tp.0000000000005515,Ovid Technologies (Wolters Kluwer Health)
41010573,10.3390/jcm14186368,2025,post,Journal of clinical medicine,Journal Article,Increase in Alveolar Septal Width Is a Histological Predictor of Chronic Lung Allograft Dysfunction and Survival in Lung Transplant Recipients-A Longitudinal Study.,Dorfmüller P,Germany,1,False,,dorfmüller p|germany,OA,gold,https://www.mdpi.com/2077-0383/14/18/6368/pdf?version=1757430640,MDPI AG
40989076,10.1097/txd.0000000000001857,2025,post,Transplantation direct,Journal Article,Identification of Surrogate Outcome Biomarkers in Lung Allograft Recipients With Bronchiolitis Obliterans: Implications for Randomized Controlled Trials.,Despotis G,India,1,True,,despotis g|india,OA,gold,https://doi.org/10.1097/txd.0000000000001857,Ovid Technologies (Wolters Kluwer Health)
40979526,10.1016/j.jhlto.2025.100377,2025,post,JHLT open,Journal Article,Impact of COVID-19 after lung transplantation: A retrospective multicenter comparison of clinical outcomes in Denmark and Sweden.,Lindstedt S,Sweden,2,True,,lindstedt s|sweden,OA,gold,https://www.jhltopen.org/article/S2950-1334(25)00172-7/pdf,Elsevier BV
40977742,10.3389/fimmu.2025.1619771,2025,post,Frontiers in immunology,Journal Article,Detection of lung allograft injury through a comprehensive multidisciplinary analysis of donor-derived cell-free DNA in plasma and bronchoalveolar lavage: a real-world single center experience.,Rea F,Italy,2,True,,rea f|italy,OA,gold,https://www.frontiersin.org/journals/immunology/articles/10.3389/fimmu.2025.1619771/pdf,Frontiers Media SA
40932379,10.1148/ryct.240468,2025,post,Radiology. Cardiothoracic imaging,"Journal Article; Research Support, Non-U.S. Gov't",Clinical Implementation of Inspiratory-Expiratory Chest CT: Defining Quality Criteria for Diagnostic Quality and Detection of Concurrent FEV1 Decline following Lung Transplantation.,Hsiao A,United States,1,False,,hsiao a|united states,Other-paywall,closed,,Radiological Society of North America (RSNA)
40919459,10.1097/txd.0000000000001812,2025,post,Transplantation direct,Journal Article,Extracorporeal Photopheresis Stimulates Tissue Repair after Transplantation.,Riquelme P,Germany,1,False,,riquelme p|germany,OA,gold,https://doi.org/10.1097/txd.0000000000001812,Ovid Technologies (Wolters Kluwer Health)
40912970,10.1016/j.ejim.2025.106500,2025,post,European journal of internal medicine,Journal Article,Navigating the pitfalls of pulmonary function testing in chronic lung allograft dysfunction and chronic pulmonary graft-versus-host disease.,Zajacova A,Belgium,1,False,,zajacova a|belgium,Elsevier,closed,,Elsevier BV
40893635,10.1016/j.jhlto.2025.100362,2025,post,JHLT open,Journal Article,"Respiratory viral infections in lung transplantation: Recent advances in epidemiology, clinical impact, and therapeutic approaches.",Danziger-Isakov L,,0,True,registry,danziger-isakov l|,OA,gold,https://www.jhltopen.org/article/S2950-1334(25)00157-0/pdf,Elsevier BV
40881742,10.5500/wjt.v15.i3.100111,2025,post,World journal of transplantation,Journal Article,Increased reflux burden on pre-transplant reflux testing independently predicts significant pulmonary function decline after lung transplantation.,Chan WW,United States,1,False,,chan ww|united states,OA,gold,https://rcastoragev2.blob.core.windows.net/9e347f0e646f6066ba0813abd4270697/ct9-14-e00538.PMC9875950.pdf,Baishideng Publishing Group Inc.
40859906,10.1002/ehf2.15411,2025,post,ESC heart failure,Journal Article,Four decades of heart-lung transplantation: Milestones and outcomes in advanced cardiorespiratory failure.,Hagl C,Germany,1,True,registry,hagl c|germany,OA,gold,https://onlinelibrary.wiley.com/doi/pdfdirect/10.1002/ehf2.15411,Oxford University Press (OUP)
40838823,10.1148/ryct.240274,2025,post,Radiology. Cardiothoracic imaging,"Journal Article; Observational Study; Research Support, Non-U.S. Gov't",Predicting Pulmonary Graft Loss Using Oxygen-enhanced MRI T1 Mapping in a Prospective Study.,Vogel-Claussen J,Germany,1,False,,vogel-claussen j|germany,Other-paywall,closed,,Radiological Society of North America (RSNA)
40823264,10.1002/cti2.70035,2025,post,Clinical & translational immunology,Journal Article,High-dimensional flow cytometry reveals lymphocyte subset populations predictive of chronic lung allograft dysfunction.,Zotos D,Australia,2,True,,zotos d|australia,OA,gold,https://onlinelibrary.wiley.com/doi/pdfdirect/10.1002/cti2.70035,Wiley
40811102,10.57187/s.3568,2025,post,Swiss medical weekly,Journal Article,Coronavirus infection and chronic lung allograft dysfunction: a retrospective cohort study.,Schuurmans MM,Switzerland,1,False,,schuurmans mm|switzerland,OA,gold,https://smw.ch/index.php/smw/article/download/3568/6292,SMW Supporting Association
40809276,10.21037/jtd-24-1841,2025,post,Journal of thoracic disease,Journal Article,The impact of donor-recipient size mismatch on lung transplant outcomes.,Mora-Cuesta VM,Spain,1,False,,mora-cuesta vm|spain,OA,gold,https://doi.org/10.21037/jtd-24-1841,AME Publishing Company
40809223,10.21037/jtd-2025-365,2025,post,Journal of thoracic disease,Journal Article,Prophylactic azithromycin for chronic lung allograft dysfunction following lung transplantation: a systematic review and meta-analysis.,Chen-Yoshikawa TF,Japan,2,True,,chen-yoshikawa tf|japan,OA,gold,https://doi.org/10.21037/jtd-2025-365,AME Publishing Company
40809219,10.21037/jtd-2024-2273,2025,post,Journal of thoracic disease,Journal Article,Anesthesia management for lung transplant in children with obliterated bronchiolitis after hematopoietic stem cell transplantation: a single-center experience.,Yan M,China,1,False,,yan m|china,OA,gold,https://doi.org/10.21037/jtd-2024-2273,AME Publishing Company
40785747,10.20452/wiitm.2025.17963,2025,post,Wideochirurgia i inne techniki maloinwazyjne = Videosurgery and other miniinvasive techniques,Journal Article,Safe and effective antireflux surgery in lung transplant recipients: preliminary results.,Hrapkowicz T,Poland,1,False,,hrapkowicz t|poland,OA,gold,https://www.mp.pl/videosurgery/en/node/17963/pdf,&quot;Medycyna Praktyczna&quot; Spolka Jawna
40782091,10.1111/ctr.70268,2025,post,Clinical transplantation,Journal Article; Multicenter Study; Validation Study,Machine Learning for 1-Year Graft Failure Prediction in Lung Transplant Recipients: The Korean Organ Transplantation Registry.,,South Korea,2,True,,,OA,hybrid,https://onlinelibrary.wiley.com/doi/pdfdirect/10.1111/ctr.70268,Wiley
40730786,10.1016/j.ejim.2025.07.011,2025,post,European journal of internal medicine,Journal Article; Observational Study,"Cluster analysis for clinical, radiological, and histopathological profiling in chronic pulmonary graft-versus-host disease.",Poletti V,Italy,1,True,,poletti v|italy,OA,green,https://www.sciencedirect.com/science/article/pii/S0953620525002821/pdf,Elsevier BV
40710384,10.3390/jpm15070267,2025,post,Journal of personalized medicine,Journal Article,BALF Lymphocyte and Cytokine Profiling as Biomarkers of Acute Rejection After Lung Transplantation.,Ussetti Gil P,Spain,1,False,,ussetti gil p|spain,OA,gold,https://www.mdpi.com/2075-4426/15/7/267/pdf?version=1750659640,MDPI AG
40698562,10.1111/ctr.70241,2025,post,Clinical transplantation,Journal Article,Long-Term Chronic Lung Allograft Dysfunction-Free Survival Following Lung Transplant in the Presence of Donor-Specific Antibodies.,Goldberg HJ,United States,1,False,,goldberg hj|united states,OA,green,https://pmc.ncbi.nlm.nih.gov/articles/PMC12313243/pdf/nihms-2096614.pdf,Wiley
40687845,10.3389/frtra.2025.1607678,2025,post,Frontiers in transplantation,Journal Article,Antithymocyte globulin therapy in chronic lung allograft dysfunction.,Li G,United States,1,False,,li g|united states,OA,gold,https://www.frontiersin.org/journals/transplantation/articles/10.3389/frtra.2025.1607678/pdf,Frontiers Media SA
40686680,10.1016/j.eclinm.2025.103334,2025,post,EClinicalMedicine,Journal Article,Long-term outcomes of the international EXPAND trial of Organ Care System (OCS) Lung preservation for lung transplantation.,Van Raemdonck D,Belgium,3,True,,van raemdonck d|belgium,OA,gold,https://doi.org/10.1016/j.eclinm.2025.103334,Elsevier BV
40685517,10.1097/tp.0000000000005498,2025,post,Transplantation,Journal Article,Game Changer: Extracorporeal Photopheresis for the Prevention of Rejection After Lung Transplantation-A Prospective Randomized Controlled Trial.,Gelman AE,,0,False,,gelman ae|,OA,green,https://pmc.ncbi.nlm.nih.gov/articles/PMC12313277/,Ovid Technologies (Wolters Kluwer Health)
40669521,10.1016/j.jhep.2025.06.036,2025,post,Journal of hepatology,Journal Article,Molecular signatures discriminating different types of rejection in human liver transplants.,Taubert R,Germany,4,True,,taubert r|germany,OA,hybrid,https://www.journal-of-hepatology.eu/article/S0168-8278(25)02338-4/pdf,Elsevier BV
40657687,10.1111/trf.18318,2025,post,Transfusion,Journal Article; Comparative Study,One versus two: How much does it matter? A single-center retrospective study evaluating 1-day extracorporeal photopheresis schedule for treating patients with chronic lung allograft rejection.,Meloni F,Italy,1,False,,meloni f|italy,OA,hybrid,https://onlinelibrary.wiley.com/doi/pdfdirect/10.1111/trf.18318,Wiley
40606296,10.1016/j.jhlto.2025.100303,2025,post,JHLT open,Journal Article,It takes two: Aberrant repair and low-grade inflammation characterize bronchiolitis obliterans syndrome after lung transplantation in serum proteomic analysis.,Gan CT,Netherlands,3,True,registry,gan ct|netherlands,OA,gold,https://www.jhltopen.org/action/showPdf?pii=S2950133425000989,Elsevier BV
40605738,10.1002/phar.70040,2025,post,Pharmacotherapy,Journal Article; Comparative Study,"Comparative safety and efficacy of bisphosphonates, denosumab, and parathyroid hormone analogs for osteoporosis following lung transplantation.",Cano M,United States,1,False,,cano m|united states,Wiley,closed,,Wiley
40603432,10.1038/s41598-025-06174-8,2025,post,Scientific reports,Journal Article,Preservation of bronchial artery circulation on ex-vivo lung perfusion.,Guenthart BA,United States,1,False,,guenthart ba|united states,OA,gold,https://www.nature.com/articles/s41598-025-06174-8.pdf,Springer Science and Business Media LLC
40599904,10.1016/j.jhlto.2025.100305,2025,post,JHLT open,Journal Article,Unique association of extreme elevation of cell free DNA and histologic patterns of intra-alveolar injury among lung transplant recipients.,Anjum F,,0,False,,anjum f|,OA,gold,https://www.jhltopen.org/action/showPdf?pii=S2950133425001004,Elsevier BV
40590009,10.1097/txd.0000000000001828,2025,post,Transplantation direct,Journal Article,Sustained Molecular Allograft Injury After Episodes of Acute Rejection and Organizing Pneumonia Increases the Risk of Lung Allograft Failure.,Agbor-Enoh S,,0,True,,agbor-enoh s|,OA,gold,https://doi.org/10.1097/txd.0000000000001828,Ovid Technologies (Wolters Kluwer Health)
40583605,10.1111/ctr.70219,2025,post,Clinical transplantation,Journal Article,Long-Term Outcomes Among Lung Transplant Recipients With High-Risk Cytomegalovirus Mismatch Managed With a Multimodality Regimen.,Torres F,United States,1,False,,torres f|united states,OA,hybrid,https://onlinelibrary.wiley.com/doi/pdfdirect/10.1111/ctr.70219,Wiley
40536160,10.1002/ppul.71157,2025,post,Pediatric pulmonology,Journal Article; Observational Study,Health-Related Quality of Life After Pediatric Lung Transplantation.,Gruber S,Austria,1,False,,gruber s|austria,OA,hybrid,https://onlinelibrary.wiley.com/doi/pdfdirect/10.1002/ppul.71157,Wiley
40515665,10.1111/ctr.70211,2025,post,Clinical transplantation,Journal Article,Calcineurin Inhibitor Replacement With Mammalian Target of Rapamycin (mTOR) Inhibitor Following Lung Transplantation.,Pennington KM,United States,1,True,registry,pennington km|united states,Wiley,closed,,Wiley
40498274,10.1007/s10388-025-01135-6,2025,post,Esophagus : official journal of the Japan Esophageal Society,Journal Article,Changes in esophageal contractile and barrier function in lung transplant recipients.,Balasubramanian G,United States,1,False,,balasubramanian g|united states,Springer,closed,,Springer Science and Business Media LLC
40491547,10.1016/j.jhlto.2025.100257,2025,post,JHLT open,Journal Article,Survival of patients with advanced chronic lung allograft dysfunction and the role of redo transplantation.,Jaksch P,Austria,2,True,,jaksch p|austria,OA,gold,https://www.jhltopen.org/article/S2950-1334(25)00052-7/pdf,Elsevier BV
40487877,10.3389/frtra.2025.1516728,2025,post,Frontiers in transplantation,Journal Article,Exhaled breath particles as a diagnostic tool for bronchiolitis obliterans syndrome in lung transplant recipients: a longitudinal study.,Olm F,Sweden,1,True,,olm f|sweden,OA,gold,https://www.frontiersin.org/journals/transplantation/articles/10.3389/frtra.2025.1516728/pdf,Frontiers Media SA
40484977,10.1002/jgm.70024,2025,post,The journal of gene medicine,"Journal Article; Research Support, Non-U.S. Gov't",FPPS Downregulation Attenuates Endoplasmic Reticulum Stress in Pulmonary Epithelial Cells.,Wu L,China,1,False,,wu l|china,OA,bronze,https://onlinelibrary.wiley.com/doi/pdfdirect/10.1002/jgm.70024,Wiley
40470157,10.1183/23120541.00675-2024,2025,post,ERJ open research,Journal Article,"Chronic lung allograft dysfunction after lung transplantation: prevention, diagnosis and treatment in 44 European centres.",Saez-Gimenez B,Germany,13,True,registry,saez-gimenez b|germany,OA,gold,https://doi.org/10.1183/23120541.00675-2024,European Respiratory Society (ERS)
40461919,10.1007/s12519-025-00916-4,2025,post,World journal of pediatrics : WJP,"Journal Article; Research Support, Non-U.S. Gov't","Pediatric lung transplantation in China, 2019-2023.",Chen JY,China,1,True,,chen jy|china,OA,hybrid,https://link.springer.com/content/pdf/10.1007/s12519-025-00916-4.pdf,Springer Science and Business Media LLC
40455051,10.1093/rheumatology/keaf299,2025,post,"Rheumatology (Oxford, England)",Journal Article,Lung transplantation outcomes of patients with interstitial pneumonia with autoimmune features: a single-centre retrospective cohort study.,Huang K,Canada,1,True,registry,huang k|canada,OA,hybrid,https://academic.oup.com/rheumatology/advance-article-pdf/doi/10.1093/rheumatology/keaf299/63417695/keaf299.pdf,Oxford University Press (OUP)
40453071,10.3389/fimmu.2025.1583460,2025,post,Frontiers in immunology,Journal Article; Randomized Controlled Trial,Extracorporeal photopheresis as induction therapy in lung transplantation for cystic fibrosis: a pilot randomized trial.,Rosso LP,Italy,1,True,rct,rosso lp|italy,OA,gold,https://www.frontiersin.org/journals/immunology/articles/10.3389/fimmu.2025.1583460/pdf,Frontiers Media SA
40449603,10.1016/j.ajt.2025.05.029,2025,post,American journal of transplantation : official journal of the American Society of Transplantation and the American Society of Transplant Surgeons,Journal Article,Adeno-associated virus-mediated transduction of PD-L1 in a rodent lung transplant model.,Hartwig MG,United States,1,True,registry,hartwig mg|united states,Elsevier,closed,,Elsevier BV
40446880,10.1016/j.healun.2025.05.002,2025,post,The Journal of heart and lung transplantation : the official publication of the International Society for Heart Transplantation,Journal Article,The effect of CTLA4-Ig on fibrotic progression in a murine model of chronic lung allograft dysfunction.,Date H,Japan,1,False,,date h|japan,Elsevier,closed,,Elsevier BV
40441397,10.1016/j.healun.2025.05.001,2025,post,The Journal of heart and lung transplantation : the official publication of the International Society for Heart Transplantation,Journal Article,Association of Fc gamma-binding protein rs1464897604 polymorphism with bronchiolitis obliterans syndrome in lung transplant recipients.,Yeo HJ,United States,2,True,,yeo hj|united states,Elsevier,closed,,Elsevier BV
40437291,10.1007/s11695-025-07932-3,2025,post,Obesity surgery,Journal Article,Bariatric Surgery and Lung Transplant Outcomes: Case Series and Insights from a Propensity-Matched Analysis at a High-Volume Transplant Center.,Mittal SK,United States,1,False,,mittal sk|united states,OA,hybrid,https://link.springer.com/content/pdf/10.1007/s11695-025-07932-3.pdf,Springer Science and Business Media LLC
40404215,10.1183/13993003.02212-2024,2025,post,The European respiratory journal,Journal Article,Impaired IgA mucosal immunity following lung transplantation: a potential trigger for bronchiolitis obliterans syndrome.,,Belgium,2,True,,,OA,green,https://inserm.hal.science/inserm-05164907,European Respiratory Society (ERS)
40371053,10.1097/txd.0000000000001800,2025,post,Transplantation direct,Journal Article,Proteomic Analysis of Transbronchial Biopsies to Discover Novel Biomarkers for Early Identification of Chronic Lung Allograft Dysfunction.,Darley D,United Kingdom,2,True,,darley d|united kingdom,OA,gold,https://doi.org/10.1097/txd.0000000000001800,Ovid Technologies (Wolters Kluwer Health)
40330662,10.1016/j.jhlto.2025.100266,2025,post,JHLT open,Journal Article,Outcomes of lung transplantation for scleroderma versus other indications: Insigts from a single center.,Sanchez PG,,0,True,registry,sanchez pg|,OA,gold,https://doi.org/10.1016/j.jhlto.2025.100266,Elsevier BV
40319401,10.1016/j.jtcvs.2025.03.023,2025,post,The Journal of thoracic and cardiovascular surgery,Journal Article; Comparative Study,Outcomes of adult-to-adult living-donor lobar lung transplantation: A single institution experience.,Date H,Japan,1,False,,date h|japan,Elsevier,closed,,Elsevier BV
40300676,10.1016/j.healun.2025.04.010,2025,post,The Journal of heart and lung transplantation : the official publication of the International Society for Heart Transplantation,Journal Article; Multicenter Study,CD26/DPP-IV inhibitors and associations with chronic lung allograft dysfunction in a multicenter cohort.,Snyder LD,Germany,1,True,,snyder ld|germany,OA,hybrid,https://doi.org/10.1016/j.healun.2025.04.010,Elsevier BV
40294109,10.1111/ctr.70159,2025,post,Clinical transplantation,Clinical Trial; Comparative Study; Journal Article,Comparison of Early Conversion to LCP-Tacrolimus (ENVARSUS XR) to Immediate-Release Tacrolimus in Lung Transplant Recipients.,Angel LF,United States,1,False,,angel lf|united states,Wiley,closed,,Wiley
40293382,10.1016/j.healun.2025.03.010,2025,post,The Journal of heart and lung transplantation : the official publication of the International Society for Heart Transplantation,Journal Article,Persistent and progressive acute lung allograft dysfunction is linked to cell compositional and transcriptional changes in small airways.,Greenland JR,Canada,1,False,,greenland jr|canada,OA,hybrid,https://doi.org/10.1016/j.healun.2025.03.010,Elsevier BV
40292238,10.1002/rcr2.70195,2025,post,Respirology case reports,Journal Article,Post-RSV Bronchial Web Formation in a Lung Transplant Recipient: A Case Report.,Plit M,Australia,1,False,,plit m|australia,OA,gold,https://onlinelibrary.wiley.com/doi/pdfdirect/10.1002/rcr2.70195,Wiley
40283490,10.3390/jcm14082660,2025,post,Journal of clinical medicine,Journal Article,Dynamic Neutrophil Subsets and Function in Lung Transplant Recipients: Insights from a One-Year Longitudinal Pilot Study.,Levy L,Israel,3,True,,levy l|israel,OA,gold,https://www.mdpi.com/2077-0383/14/8/2660/pdf?version=1744530367,MDPI AG
40278827,10.1111/ctr.70162,2025,post,Clinical transplantation,Journal Article,Lung Transplantation From Donors With a History of Substance Use.,Halloran K,Canada,1,False,,halloran k|canada,OA,hybrid,https://onlinelibrary.wiley.com/doi/pdfdirect/10.1111/ctr.70162,Wiley
40270923,10.3389/ti.2025.14387,2025,post,Transplant international : official journal of the European Society for Organ Transplantation,Journal Article,Donor-Recipient Mismatch in Lung Transplantation: The Role of Graft Sizing in Clinical Outcomes.,Luzzi L,Italy,1,False,,luzzi l|italy,OA,gold,https://www.frontierspartnerships.org/journals/transplant-international/articles/10.3389/ti.2025.14387/pdf,Frontiers Media SA
40242055,10.1016/j.jhlto.2025.100249,2025,post,JHLT open,Journal Article,Outcomes of lung transplantation from SARS-CoV-2 positive donors during the Omicron wave.,Heldman MR,,0,False,,heldman mr|,OA,gold,https://www.jhltopen.org/article/S2950-1334(25)00044-8/pdf,Elsevier BV
40232854,10.1172/jci.insight.176596,2025,post,JCI insight,"Journal Article; Research Support, Non-U.S. Gov't",Shared roles of immune and stromal cells in the pathogenesis of human bronchiolitis obliterans syndrome.,Gill S,United States,1,False,,gill s|united states,OA,gold,http://insight.jci.org/articles/view/176596/files/pdf,American Society for Clinical Investigation
40223386,10.6002/ect.2024.0243,2025,post,Experimental and clinical transplantation : official journal of the Middle East Society for Organ Transplantation,Journal Article,Psychosocial Wellbeing in Lung Transplants Before and After the COVID-19 Vaccine.,Jordan KD,,0,False,,jordan kd|,Other-paywall,closed,,Baskent University
40221688,10.1186/s12890-025-03649-2,2025,post,BMC pulmonary medicine,Journal Article,Criteria for identifying acute respiratory events based on FEV1 decline in home spirometry for lung transplant patients.,Sato M,Japan,1,True,,sato m|japan,OA,gold,https://bmcpulmmed.biomedcentral.com/counter/pdf/10.1186/s12890-025-03649-2,Springer Science and Business Media LLC
40157396,10.1016/j.rmed.2025.108061,2025,post,Respiratory medicine,Journal Article; Observational Study; Comparative Study,Comparing the 1.1 mm cryoprobe versus flexible forceps for lung transplant acute allograft rejection diagnosis.,Abia-Trujillo D,United States,1,False,,abia-trujillo d|united states,Elsevier,closed,,Elsevier BV
40145054,10.1016/j.jhlto.2024.100155,2024,post,JHLT open,Journal Article,Donor-derived cell-free DNA is a valuable monitoring tool after single lung transplantation: Multicenter analysis.,Ross DJ,,0,True,,ross dj|,OA,gold,https://www.jhltopen.org/article/S2950-1334(24)00104-6/pdf,Elsevier BV
40145051,10.1016/j.jhlto.2024.100166,2024,post,JHLT open,Journal Article,Impact of donor organ quality on recipient outcomes in lung transplantation: 14-Year single-center experience using the Eurotransplant lung donor score.,Ius F,Germany,1,True,registry,ius f|germany,OA,gold,https://www.jhltopen.org/article/S2950-1334(24)00115-0/pdf,Elsevier BV
40145047,10.1016/j.jhlto.2024.100156,2024,post,JHLT open,Journal Article,Impact of reduced mycophenolate exposure on chronic lung allograft dysfunction incidence after lung transplant.,Clark JE,,0,True,registry,clark je|,OA,gold,https://www.jhltopen.org/article/S2950-1334(24)00105-8/pdf,Elsevier BV
40145037,10.1016/j.jhlto.2024.100145,2024,post,JHLT open,Journal Article,Antireflux surgery for prevention of chronic lung allograft dysfunction (CLAD) onset after lung transplantation: The earlier the better before CLAD onset? A single-center series of 284 patients.,Brugière O,France,1,False,,brugière o|france,OA,gold,https://www.jhltopen.org/article/S2950-1334(24)00094-6/pdf,Elsevier BV
40144843,10.1016/j.jhlto.2024.100200,2025,post,JHLT open,Journal Article,Concomitant abdominal organ transplantation alongside lung transplantation: An ISHLT transplant database analysis.,Dos Santos PR,,0,True,,dos santos pr|,OA,gold,https://www.jhltopen.org/article/S2950-1334(24)00150-2/pdf,Elsevier BV
40144837,10.1016/j.jhlto.2024.100170,2025,post,JHLT open,Journal Article,Disturbed sleep after lung transplantation is associated with worse patient-reported outcomes and chronic lung allograft dysfunction.,Singer JP,,0,False,,singer jp|,OA,gold,https://www.jhltopen.org/article/S2950-1334(24)00119-8/pdf,Elsevier BV
40144828,10.1016/j.jhlto.2025.100212,2025,post,JHLT open,Journal Article,Outcomes of combined liver-lung transplant in pediatric patients with cystic fibrosis: An ISHLT transplant registry study.,Santos PRD,United States,1,True,,santos prd|united states,OA,gold,https://www.jhltopen.org/article/S2950-1334(25)00007-2/pdf,Elsevier BV
40144818,10.1016/j.jhlto.2024.100167,2025,post,JHLT open,Journal Article,Dynamic 19F-MRI of pulmonary ventilation in lung transplant recipients with and without chronic lung allograft dysfunction.,Thelwall PE,,0,False,,thelwall pe|,OA,gold,https://www.jhltopen.org/article/S2950-1334(24)00116-2/pdf,Elsevier BV
40144727,10.1016/j.jhlto.2025.100225,2025,post,JHLT open,Journal Article,Fungal colonization before or after lung transplantation has no negative impact on survival or the development of chronic lung allograft dysfunction.,Olm F,Sweden,1,False,,olm f|sweden,OA,gold,https://www.jhltopen.org/article/S2950-1334(25)00020-5/pdf,Elsevier BV
40144724,10.1016/j.jhlto.2025.100232,2025,post,JHLT open,Journal Article,Radiological distribution patterns in restrictive chronic lung allograft dysfunction: Impact on survival across all phenotypes.,Hatabu H,Japan,1,True,,hatabu h|japan,OA,gold,https://www.jhltopen.org/article/S2950-1334(25)00027-8/pdf,Elsevier BV
40144270,10.1016/j.jhlto.2024.100081,2024,post,JHLT open,Journal Article,Leveraging blood-based transcriptomics to detect acute cellular rejection in lung transplant.,El-Chemaly SY,,0,False,,el-chemaly sy|,OA,gold,http://www.jhltopen.org/article/S2950133424000302/pdf,Elsevier BV
40144262,10.1016/j.jhlto.2024.100094,2024,post,JHLT open,Journal Article,Malignancy risk and mortality after lung transplantation: A single-institution experience over 31 years.,Andrews MC,Australia,1,True,,andrews mc|australia,OA,gold,http://www.jhltopen.org/article/S2950133424000430/pdf,Elsevier BV
40143922,10.1016/j.jhlto.2024.100113,2024,post,JHLT open,Journal Article,Evaluating longitudinal cytomegalovirus-specific humoral immune responses and association with DNAemia risk in seropositive lung transplant recipients.,Permar SR,,0,True,,permar sr|,OA,gold,https://www.jhltopen.org/article/S2950-1334(24)00062-4/pdf,Elsevier BV
40143912,10.1016/j.jhlto.2024.100106,2024,post,JHLT open,Journal Article,A novel web-based tool for lung transplant patients undergoing extracorporeal photopheresis.,Fossi A,Italy,1,False,,fossi a|italy,OA,gold,https://www.jhltopen.org/article/S2950-1334(24)00055-7/pdf,Elsevier BV
40143909,10.1016/j.jhlto.2024.100098,2024,post,JHLT open,Journal Article,Iatrogenic esophageal dysmotility as a barrier to transplantation in pulmonary arterial hypertension.,Wertheim BM,,0,False,,wertheim bm|,OA,gold,http://www.jhltopen.org/article/S2950133424000478/pdf,Elsevier BV
40143901,10.1016/j.jhlto.2024.100117,2024,post,JHLT open,Journal Article,Hyperpolarized 129Xe MRI and spectroscopy of gas-exchange abnormalities in bilateral lung transplant recipients.,Ali HA,,0,False,,ali ha|,OA,gold,https://www.jhltopen.org/article/S2950-1334(24)00066-1/pdf,Elsevier BV
40136064,10.1111/ctr.70137,2025,post,Clinical transplantation,Journal Article,"Automated CT Image Processing for the Diagnosis, Prediction, and Differentiation of Phenotypes in Chronic Lung Allograft Dysfunction After Lung Transplantation.",Hecker M,Germany,1,False,,hecker m|germany,Wiley,closed,,Wiley
40120999,10.1016/j.healun.2025.03.015,2025,post,The Journal of heart and lung transplantation : the official publication of the International Society for Heart Transplantation,Journal Article; Observational Study; Multicenter Study,Molecular criteria for pulmonary antibody-mediated rejection are associated with an increased risk of allograft failure.,Agbor-Enoh S,,0,True,,agbor-enoh s|,OA,green,https://pmc.ncbi.nlm.nih.gov/articles/PMC12353349/,Elsevier BV
40120236,10.1016/j.humimm.2025.111285,2025,post,Human immunology,Journal Article,Cytomegalovirus-associated CD57 + KLRG1 + CD8 + TEMRA T cells are associated with reduced risk of CMV viremia in kidney transplantation and chronic allograft dysfunction in lung transplantation.,,United States,1,False,,,OA,hybrid,https://doi.org/10.1016/j.humimm.2025.111285,Elsevier BV
40117366,10.1126/sciadv.adp9052,2025,post,Science advances,Journal Article,Emergence of a senescent and inflammatory pulmonary CD4+ T cell population prior to lung allograft failure.,Juvet S,Canada,5,True,registry,juvet s|canada,OA,gold,https://www.science.org/doi/pdf/10.1126/sciadv.adp9052?download=true,American Association for the Advancement of Science (AAAS)
40099992,10.1111/tid.70020,2025,post,Transplant infectious disease : an official journal of the Transplantation Society,Journal Article,"Aspergillus After Lung Transplantation: Prophylaxis, Risk Factors, and the Impact on Chronic Lung Allograft Dysfunction.",Postma DF,Netherlands,1,False,,postma df|netherlands,OA,hybrid,https://onlinelibrary.wiley.com/doi/pdfdirect/10.1111/tid.70020,Wiley
40094256,10.6002/ect.2024.0321,2025,post,Experimental and clinical transplantation : official journal of the Middle East Society for Organ Transplantation,Journal Article,Safety of Everolimus in Lung Transplant Recipients Undergoing Surveillance Bronchoscopy with Transbronchial Forceps Biopsy and Cryobiopsy: A Retrospective Cohort Study.,Schuurmans MM,Switzerland,1,True,registry,schuurmans mm|switzerland,Other-paywall,closed,,Baskent University
40078820,10.1097/txd.0000000000001758,2025,post,Transplantation direct,Journal Article,Thrombotic Microangiopathy: A Devastating Complication After Lung Transplantation.,Claes KJ,Belgium,1,True,registry,claes kj|belgium,OA,gold,https://doi.org/10.1097/txd.0000000000001758,Ovid Technologies (Wolters Kluwer Health)
40065796,10.1002/rcr2.70120,2025,post,Respirology case reports,Journal Article,Multiple Myeloma Complicated With Bronchiolitis Obliterans Syndrome After Allogeneic Haematopoietic Stem Cell Transplantation and Subsequently Underwent Lung Transplantation Successfully: A Case Report.,Kao KC,,0,False,,kao kc|,OA,gold,https://onlinelibrary.wiley.com/doi/pdfdirect/10.1002/rcr2.70120,Wiley
40061536,10.1016/j.xjon.2024.10.034,2025,post,JTCVS open,Journal Article,Effect of chronic lung allograft dysfunction phenotypes on the outcome after lung retransplantation: A retrospective single-center data analysis.,Benazzo A,Austria,1,False,,benazzo a|austria,OA,gold,https://www.jtcvsopen.org/article/S2666-2736(24)00379-6/pdf,Elsevier BV
40046911,10.3389/ti.2025.14080,2025,post,Transplant international : official journal of the European Society for Organ Transplantation,Journal Article,Proteomic Analysis of Transbronchial Biopsy Tissue Reveals a Distinct Proteome and Mechanistic Pathways in High-Grade Eosinophilic Inflammation After Lung Transplantation.,Darley DR,United Kingdom,2,True,,darley dr|united kingdom,OA,gold,https://www.frontierspartnerships.org/journals/transplant-international/articles/10.3389/ti.2025.14080/pdf,Frontiers Media SA
40005684,10.3390/microorganisms13020316,2025,post,Microorganisms,Journal Article,QuantiFERON® Monitor Test as a Potential Tool for Stratifying Patients by Infection Risk and Tailoring Follow-Up Care in Lung Transplant Recipients: A Single-Center Retrospective Experience.,Costa C,Italy,1,False,,costa c|italy,OA,gold,https://doi.org/10.3390/microorganisms13020316,MDPI AG
39992597,10.1007/s11748-025-02117-2,2025,post,General thoracic and cardiovascular surgery,Journal Article,Trends in serum KL-6 levels following lung transplantation for interstitial lung diseases.,Date H,Japan,1,False,,date h|japan,Springer,closed,,Springer Science and Business Media LLC
39989456,10.1172/jci.insight.184048,2025,post,JCI insight,"Journal Article; Research Support, N.I.H., Extramural",NKG2D blockade impairs tissue-resident memory T cell accumulation and reduces chronic lung allograft dysfunction.,Snyder ME,United States,1,False,,snyder me|united states,OA,gold,https://doi.org/10.1172/jci.insight.184048,American Society for Clinical Investigation
39988210,10.1016/j.trim.2025.102201,2025,post,Transplant immunology,"Journal Article; Research Support, Non-U.S. Gov't",Activation of anti-donor CD8 alloimmune response in clinically diagnosed acute rejection early after living-donor lobar lung transplantation and its impact on outcome.,Date H,Japan,1,False,,date h|japan,OA,hybrid,https://doi.org/10.1016/j.trim.2025.102201,Elsevier BV
39971216,10.1016/j.healun.2025.02.1577,2025,post,The Journal of heart and lung transplantation : the official publication of the International Society for Heart Transplantation,Journal Article,Humoral immunity to lung antigens early post-transplant confers risk for chronic lung allograft dysfunction.,Juvet S,Canada,1,False,,juvet s|canada,OA,bronze,https://www.jhltonline.org/article/S1053-2498(25)01661-4/pdf,Elsevier BV
39944692,10.3389/fimmu.2025.1531774,2025,post,Frontiers in immunology,Journal Article,Donor-derived cell-free DNA for detection of acute rejection in lung transplant recipients.,Kauke T,Germany,2,True,,kauke t|germany,OA,gold,https://www.frontiersin.org/journals/immunology/articles/10.3389/fimmu.2025.1531774/pdf,Frontiers Media SA
39938701,10.1016/j.healun.2025.02.002,2025,post,The Journal of heart and lung transplantation : the official publication of the International Society for Heart Transplantation,Journal Article; Multicenter Study,Octo- and nonagenarian donors in lung transplantation: A dual center experience.,Ceulemans LJ,Belgium,1,False,,ceulemans lj|belgium,OA,green,https://lirias.kuleuven.be/handle/20.500.12942/759810,Elsevier BV
39938661,10.1016/j.rmed.2025.107991,2025,post,Respiratory medicine,"Journal Article; Comparative Study; Research Support, N.I.H., Extramural",Outcomes in lung transplant recipients on azathioprine compared to mycophenolate.,Pennington KM,United States,1,True,registry,pennington km|united states,OA,green,https://pmc.ncbi.nlm.nih.gov/articles/PMC11931559/,Elsevier BV
39892791,10.1016/j.ajt.2025.01.036,2025,post,American journal of transplantation : official journal of the American Society of Transplantation and the American Society of Transplant Surgeons,Journal Article,Clinical predictors for restrictive allograft syndrome: A nested case-control study.,Vos R,Belgium,2,True,,vos r|belgium,OA,green,https://lirias.kuleuven.be/handle/20.500.12942/760274,Elsevier BV
39829718,10.3389/ti.2024.13484,2024,post,Transplant international : official journal of the European Society for Organ Transplantation,Journal Article; Observational Study,The Clinical Significance of HLA Compatibility Scores in Lung Transplantation.,Vos R,Belgium,2,True,,vos r|belgium,OA,gold,https://www.frontierspartnerships.org/journals/transplant-international/articles/10.3389/ti.2024.13484/pdf,Frontiers Media SA
39820581,10.1038/s43856-025-00732-x,2025,post,Communications medicine,Journal Article,Harnessing deep learning to detect bronchiolitis obliterans syndrome from chest CT.,Mansouri N,United States,5,True,,mansouri n|united states,OA,gold,https://www.nature.com/articles/s43856-025-00732-x.pdf,Springer Science and Business Media LLC
39790585,10.1016/j.atssr.2024.06.021,2024,post,Annals of thoracic surgery short reports,Journal Article,Donor Specific Antibodies in Extracorporeal Membrane Oxygenation-Bridged Lung Transplant Recipients.,Courtwright AM,,0,False,,courtwright am|,OA,gold,https://www.annalsthoracicsurgeryshortrep.org/article/S2772-9931(24)00264-X/pdf,Elsevier BV
39779317,10.1136/jcp-2024-209899,2025,post,Journal of clinical pathology,Journal Article; Observational Study,Airway associated inflammation in post-transplant cystic fibrosis patients as a predictor of chronic lung allograft dysfunction (CLAD).,Ananthanarayanan V,United States,1,False,,ananthanarayanan v|united states,Other-paywall,closed,,BMJ
39764156,10.3389/frtra.2024.1513101,2024,post,Frontiers in transplantation,Journal Article,Donor-derived cell-free DNA in chronic lung allograft dysfunction phenotypes: a pilot study.,Vos R,Belgium,1,False,,vos r|belgium,OA,gold,https://doi.org/10.3389/frtra.2024.1513101,Frontiers Media SA
39753490,10.1016/j.transproceed.2024.11.031,2025,post,Transplantation proceedings,Journal Article,Non-HLA Antibodies and the Risk of Antibody-mediated Rejection without Donor-specific Anti-HLA Antibodies After Lung Transplantation.,San Segundo D,Spain,1,False,,san segundo d|spain,Elsevier,closed,,Elsevier BV
39741270,10.1186/s12890-024-03464-1,2024,post,BMC pulmonary medicine,Journal Article,Efficacy of transbronchial biopsy and frequency of pneumothorax in lung transplant recipients: single center experience.,Taşçı AE,Turkey,1,False,,taşçı ae|turkey,OA,gold,https://bmcpulmmed.biomedcentral.com/counter/pdf/10.1186/s12890-024-03464-1,Springer Science and Business Media LLC
39678867,10.21037/jtd-24-1200,2024,post,Journal of thoracic disease,Journal Article,Combined pulmonary fibrosis and emphysema and lung transplantation: current evidence and future directions.,Schuurmans MM,Switzerland,1,False,,schuurmans mm|switzerland,OA,gold,https://doi.org/10.21037/jtd-24-1200,AME Publishing Company
39652304,10.1007/s11748-024-02109-8,2025,post,General thoracic and cardiovascular surgery,Journal Article,Influence of HLA mismatch between donors and recipients on postoperative outcomes in cadaveric lung transplantation.,Date H,Japan,1,False,,date h|japan,OA,hybrid,https://link.springer.com/content/pdf/10.1007/s11748-024-02109-8.pdf,Springer Science and Business Media LLC
39642952,10.1016/j.healun.2024.11.033,2025,post,The Journal of heart and lung transplantation : the official publication of the International Society for Heart Transplantation,Journal Article; Multicenter Study,Basiliximab induction immunosuppression and lung transplant outcomes: Propensity analysis in a multicenter cohort.,Todd JL,Canada,2,True,registry,todd jl|canada,OA,green,https://pmc.ncbi.nlm.nih.gov/articles/PMC12094900/,Elsevier BV
39640249,10.3389/ti.2024.13796,2024,post,Transplant international : official journal of the European Society for Organ Transplantation,Journal Article,Elevated PD-L1 and PECAM-1 as Diagnostic Biomarkers of Acute Rejection in Lung Transplantation.,Ozaniak Strizova Z,Belgium,1,False,,ozaniak strizova z|belgium,OA,gold,https://www.frontierspartnerships.org/journals/transplant-international/articles/10.3389/ti.2024.13796/pdf,Frontiers Media SA
39638420,10.1183/13993003.00733-2024,2025,post,The European respiratory journal,Journal Article; Randomized Controlled Trial,Extracorporeal photopheresis for the prevention of rejection after lung transplantation: a prospective randomised controlled trial.,Jaksch P,Austria,1,True,rct,jaksch p|austria,OA,green,https://pmc.ncbi.nlm.nih.gov/articles/PMC11799887/pdf/ERJ-00733-2024.pdf,European Respiratory Society (ERS)
39637927,10.1016/j.healun.2024.11.031,2025,post,The Journal of heart and lung transplantation : the official publication of the International Society for Heart Transplantation,"Journal Article; Multicenter Study; Research Support, N.I.H., Extramural",The prognostic value of single and repeated ≥10% FEV1 declines for chronic lung allograft dysfunction.,Morrell ED,,0,False,,morrell ed|,OA,green,https://pmc.ncbi.nlm.nih.gov/articles/PMC11925664/,Elsevier BV
39632200,10.1016/j.transproceed.2024.11.003,2024,post,Transplantation proceedings,Journal Article,Incidence and Risk Factors for Clinically Significant Oropharyngeal Dysphagia After Lung Transplantation.,Ardehali A,,0,False,,ardehali a|,Elsevier,closed,,Elsevier BV
39626309,10.1093/ejcts/ezae425,2024,post,European journal of cardio-thoracic surgery : official journal of the European Association for Cardio-thoracic Surgery,Journal Article,Dynamic associations between adverse events after lung transplantation and allograft ischaemic time.,Jiao W,China,3,True,registry,jiao w|china,Other-paywall,closed,,Oxford University Press (OUP)
39625496,10.1007/s00018-024-05500-z,2024,post,Cellular and molecular life sciences : CMLS,Journal Article,"Heterogeneous neutrophils in lung transplantation and proteolytic CXCL8 activation in COVID-19, influenza and lung transplant patient lungs.",Proost P,Belgium,2,True,,proost p|belgium,OA,gold,https://link.springer.com/content/pdf/10.1007/s00018-024-05500-z.pdf,Springer Science and Business Media LLC
39612537,10.1016/j.humimm.2024.111187,2025,post,Human immunology,Journal Article,Reduced levels of liver kinase B1 in small extracellular vesicles as a predictor for chronic lung allograft dysfunction in cystic fibrosis lung transplant recipients.,Mohanakumar T,United States,1,False,,mohanakumar t|united states,Elsevier,closed,,Elsevier BV
39608516,10.1016/j.healun.2024.11.021,2025,post,The Journal of heart and lung transplantation : the official publication of the International Society for Heart Transplantation,Journal Article,High-dimensional tissue profiling of immune cell responses in chronic lung allograft dysfunction.,Fisher AJ,Belgium,2,True,,fisher aj|belgium,OA,hybrid,https://doi.org/10.1016/j.healun.2024.11.021,Elsevier BV
39598272,10.3390/life14111474,2024,post,"Life (Basel, Switzerland)",Journal Article,Transition from Transbronchial Forceps to Cryobiopsy After Lung Transplantation: A Single-Centre Experience.,Rosso L,France,1,True,,rosso l|france,OA,gold,https://www.mdpi.com/2075-1729/14/11/1474/pdf?version=1731477706,MDPI AG
39571751,10.1016/j.ajt.2024.11.009,2025,post,American journal of transplantation : official journal of the American Society of Transplantation and the American Society of Transplant Surgeons,Journal Article,The ability of an electronic nose to distinguish between complications in lung transplant recipients.,Hellemons ME,Netherlands,1,False,,hellemons me|netherlands,OA,bronze,https://www.amjtransplant.org/article/S1600-6135(24)00693-2/pdf,Elsevier BV
39571635,10.1016/j.healun.2024.11.020,2025,post,The Journal of heart and lung transplantation : the official publication of the International Society for Heart Transplantation,Journal Article,Bronchoalveolar lavage cytokine-based risk stratification of clinically-stable lung transplant recipients with undefined rejection: Further insights from a follow-up investigation.,Martinu T,Canada,1,False,,martinu t|canada,OA,hybrid,https://www.jhltonline.org/article/S1053-2498(24)01967-3/pdf,Elsevier BV
39558551,10.1111/ctr.70029,2024,post,Clinical transplantation,Journal Article,Veno-Venous Extracorporeal Membrane Oxygenation Support for Severe Primary Graft Dysfunction Is Associated With Reduced Airway Complications After Lung Transplantation.,Sanchez PG,United States,1,False,,sanchez pg|united states,OA,hybrid,https://onlinelibrary.wiley.com/doi/pdfdirect/10.1111/ctr.70029,Wiley
39524044,10.3389/ti.2024.13227,2024,post,Transplant international : official journal of the European Society for Organ Transplantation,Journal Article,Assessment of the Therapeutic Potential of Enhancer of Zeste Homolog 2 Inhibition in a Murine Model of Bronchiolitis Obliterans Syndrome.,Yoshizumi T,Japan,1,False,,yoshizumi t|japan,OA,gold,https://www.frontierspartnerships.org/journals/transplant-international/articles/10.3389/ti.2024.13227/pdf,Frontiers Media SA
39511735,10.1002/jca.22151,2024,post,Journal of clinical apheresis,Journal Article,Efficacy of a Standardized Regimen of Therapeutic Plasma Exchange and IVIG for Treatment of Antibody-Mediated Rejection in Lung Transplant Recipients.,Usmani A,United States,1,False,,usmani a|united states,OA,hybrid,https://onlinelibrary.wiley.com/doi/pdfdirect/10.1002/jca.22151,Wiley
39470452,10.1164/rccm.202403-0568oc,2025,post,American journal of respiratory and critical care medicine,"Journal Article; Multicenter Study; Research Support, N.I.H., Extramural; Research Support, Non-U.S. Gov't",Prognosis and Risks for Probable Chronic Lung Allograft Dysfunction: A Prospective Multicenter Study.,Palmer SM,Canada,1,True,,palmer sm|canada,OA,green,https://pmc.ncbi.nlm.nih.gov/articles/PMC11812547/,Oxford University Press (OUP)
39459908,10.3390/v16101574,2024,post,Viruses,"Journal Article; Research Support, N.I.H., Extramural",Association between Respiratory Virus Infection and Development of De Novo Donor-Specific Antibody in Lung Transplant Recipients.,Fisher CE,United States,1,False,,fisher ce|united states,OA,gold,https://www.mdpi.com/1999-4915/16/10/1574/pdf?version=1728126864,MDPI AG
39455367,10.1016/j.transproceed.2024.10.015,2024,post,Transplantation proceedings,Journal Article,Impact of Long-Term Atorvastatin Therapy on the Development of Chronic Lung Allograft Dysfunction in Patients with Azithromycin Prophylaxis after Lung Transplantation.,Li P,Japan,1,False,,li p|japan,Elsevier,closed,,Elsevier BV
39449412,10.3390/medsci12040056,2024,post,"Medical sciences (Basel, Switzerland)",Journal Article; Observational Study,Impact of Neutropenia on Clinical Outcomes after Lung Transplantation.,Ussetti Gil MP,Spain,1,True,registry,ussetti gil mp|spain,OA,gold,https://www.mdpi.com/2076-3271/12/4/56/pdf?version=1729059390,MDPI AG
39448000,10.1016/j.healun.2024.10.014,2025,post,The Journal of heart and lung transplantation : the official publication of the International Society for Heart Transplantation,"Journal Article; Multicenter Study; Validation Study; Research Support, N.I.H., Extramural",Identification and validation of a threshold for early posttransplant bronchoalveolar fluid hyaluronan that distinguishes lung recipients at risk for chronic lung allograft dysfunction.,Palmer SM,Canada,2,True,,palmer sm|canada,OA,green,https://pmc.ncbi.nlm.nih.gov/articles/PMC11850201/,Elsevier BV
39441494,10.1007/s12194-024-00853-3,2025,post,Radiological physics and technology,Journal Article,Deep learning-based approach for acquisition time reduction in ventilation SPECT in patients after lung transplantation.,Iguchi T,Japan,1,False,,iguchi t|japan,OA,green,https://ousar.lib.okayama-u.ac.jp/files/public/6/67670/20241024163053970046/fig2_20241023-01.pdf,Springer Science and Business Media LLC
39437867,10.1016/j.healun.2024.10.013,2025,post,The Journal of heart and lung transplantation : the official publication of the International Society for Heart Transplantation,"Journal Article; Multicenter Study; Comparative Study; Research Support, N.I.H., Extramural",Impact of tacrolimus vs cyclosporine on chronic lung allograft dysfunction incidence and allograft survival in the International Society of Heart and Lung Transplantation registry.,Lyu DM,,0,True,registry,lyu dm|,OA,green,https://pmc.ncbi.nlm.nih.gov/articles/PMC11922340/,Elsevier BV
39426232,10.1016/j.intimp.2024.113415,2024,post,International immunopharmacology,Journal Article; Observational Study,The Favorable impact of everolimus on Chronic lung allograft dysfunction in lung transplant recipients.,Bedouch P,France,1,True,registry,bedouch p|france,Elsevier,closed,,Elsevier BV
39419066,10.1055/s-0044-1791801,2025,post,European journal of pediatric surgery : official journal of Austrian Association of Pediatric Surgery ... [et al] = Zeitschrift fur Kinderchirurgie,Journal Article,The Role of GERD Diagnosis and Treatment in Preventing Lung Function Decline After Pediatric Lung Transplantation.,Schukfeh N,Germany,1,False,,schukfeh n|germany,Other-paywall,closed,,Georg Thieme Verlag KG
39417893,10.1007/s00246-024-03674-8,2025,post,Pediatric cardiology,Journal Article,Cardiac Comorbidity and Exercise Intolerance in Bilateral Lung Transplant Recipients Followed at a Pediatric Center.,Chen MH,United States,1,True,,chen mh|united states,Springer,closed,,Springer Science and Business Media LLC
39408746,10.3390/ijms251910423,2024,post,International journal of molecular sciences,Journal Article,Periostin in Bronchiolitis Obliterans Syndrome after Lung Transplant.,Cho WH,United States,2,True,,cho wh|united states,OA,gold,https://www.mdpi.com/1422-0067/25/19/10423/pdf?version=1727428652,MDPI AG
39406318,10.1016/j.healun.2024.10.007,2025,post,The Journal of heart and lung transplantation : the official publication of the International Society for Heart Transplantation,"Journal Article; Multicenter Study; Research Support, N.I.H., Extramural",Diagnostic alignment to optimize inter-rater reliability among lung transplant pathologists.,,Canada,1,True,,,OA,green,https://pmc.ncbi.nlm.nih.gov/articles/PMC11808823/,Elsevier BV
39393626,10.1016/j.jtcvs.2024.10.004,2025,post,The Journal of thoracic and cardiovascular surgery,Journal Article; Comparative Study,Differences in chronic lung allograft dysfunction between deceased-donor lung transplantation and living-donor lobar lung transplantation.,Date H,Japan,1,False,,date h|japan,OA,hybrid,https://doi.org/10.1016/j.jtcvs.2024.10.004,Elsevier BV
39385282,10.1186/s40168-024-01893-y,2024,post,Microbiome,"Journal Article; Research Support, N.I.H., Extramural",Microbiome and metabolome patterns after lung transplantation reflect underlying disease and chronic lung allograft dysfunction.,Quinn RA,United States,1,False,,quinn ra|united states,OA,gold,https://microbiomejournal.biomedcentral.com/counter/pdf/10.1186/s40168-024-01893-y,Springer Science and Business Media LLC
39381015,10.3389/ti.2024.13010,2024,post,Transplant international : official journal of the European Society for Organ Transplantation,Journal Article,High-Risk HLA-DQ Mismatches Are Associated With Adverse Outcomes After Lung Transplantation.,Kauke T,Germany,2,True,,kauke t|germany,OA,gold,https://public-pages-files-2025.frontierspartnerships.org/journals/transplant-international/articles/10.3389/ti.2024.13010/pdf,Frontiers Media SA
39368678,10.1016/j.healun.2024.09.023,2025,post,The Journal of heart and lung transplantation : the official publication of the International Society for Heart Transplantation,Journal Article,Detailed cellular and spatial characterization of chronic lung allograft dysfunction using imaging mass cytometry.,Martinu T,Canada,1,False,,martinu t|canada,OA,bronze,https://www.jhltonline.org/article/S1053-2498(24)01875-8/pdf,Elsevier BV
39365102,10.1111/ctr.15461,2024,post,Clinical transplantation,Journal Article,Anti-Thymocyte Globulin as a Therapy for Chronic Lung Allograft Dysfunction: A Single-Center Experience.,Kaza V,United States,1,False,,kaza v|united states,OA,hybrid,https://onlinelibrary.wiley.com/doi/pdfdirect/10.1111/ctr.15461,Wiley
39294868,10.1097/tp.0000000000005175,2025,post,Transplantation,"Journal Article; Research Support, Non-U.S. Gov't",Circulating Vesicular-bound HLA-G as Noninvasive Predictive Biomarker of CLAD After Lung Transplantation.,,France,1,False,,,OA,green,https://pure.amsterdamumc.nl/ws/files/142169869/Circulating-vesicular-bound-hla-g-as-noninvasive-predictive-biomarker-of-clad-after-lung-transplantation.pdf,Ovid Technologies (Wolters Kluwer Health)
39254629,10.1093/ejcts/ezae331,2024,post,European journal of cardio-thoracic surgery : official journal of the European Association for Cardio-thoracic Surgery,Journal Article; Observational Study; Comparative Study,Comparing right- versus left-first implantation in off-pump sequential double-lung transplantation: an observational cohort study.,Ceulemans LJ,Belgium,1,False,,ceulemans lj|belgium,Other-paywall,closed,,Oxford University Press (OUP)
39240495,10.1007/s11748-024-02073-3,2025,post,General thoracic and cardiovascular surgery,Journal Article; Comparative Study,Post-lung transplant outcomes of connective tissue disease-related interstitial lung diseases compared with idiopathic interstitial pneumonia: a single-center experience in Japan.,Sato M,Japan,1,False,,sato m|japan,OA,hybrid,https://link.springer.com/content/pdf/10.1007/s11748-024-02073-3.pdf,Springer Science and Business Media LLC
39229386,10.3389/frtra.2024.1422088,2024,post,Frontiers in transplantation,Journal Article,"Mitigating the risk of inflammatory type primary graft dysfunction by applying an integrated approach to assess, modify and match risk factors in lung transplantation.",van der Kaaij NP,Netherlands,2,True,,van der kaaij np|netherlands,OA,gold,https://doi.org/10.3389/frtra.2024.1422088,Frontiers Media SA
39228019,10.1097/tp.0000000000005172,2025,post,Transplantation,Journal Article,Downregulation of Tumor Suppressor Gene LKB1 During Severe Primary Graft Dysfunction After Human Lung Transplantation: Implication for the Development of Chronic Lung Allograft Dysfunction.,Mohanakumar T,,0,False,,mohanakumar t|,OA,green,https://pmc.ncbi.nlm.nih.gov/articles/PMC12199719/pdf/nihms-2091425.pdf,Ovid Technologies (Wolters Kluwer Health)
39205225,10.3390/v16081251,2024,post,Viruses,Journal Article,"QuantiFERON CMV Test and CMV Serostatus in Lung Transplant: Stratification Risk for Infection, Chronic and Acute Allograft Rejection.",Costa C,Italy,1,False,,costa c|italy,OA,gold,https://www.mdpi.com/1999-4915/16/8/1251/pdf?version=1722773347,MDPI AG
39194931,10.3390/clinpract14040127,2024,post,Clinics and practice,Journal Article,Analysis of Primary Graft Dysfunction (PGD) Risk Factors in Lung Transplantation (LuTx) Patients.,Kubisa B,Poland,1,True,,kubisa b|poland,OA,gold,https://www.mdpi.com/2039-7283/14/4/127/pdf?version=1723701274,MDPI AG
39172530,10.1172/jci.insight.179876,2024,post,JCI insight,"Journal Article; Research Support, N.I.H., Extramural",MerTK-dependent efferocytosis by monocytic-MDSCs mediates resolution of ischemia/reperfusion injury after lung transplant.,Sharma AK,United States,1,False,,sharma ak|united states,OA,gold,http://insight.jci.org/articles/view/179876/files/pdf,American Society for Clinical Investigation
39169532,10.12701/jyms.2024.00521,2024,post,Journal of Yeungnam medical science,Journal Article,Postoperative conditions of rehabilitative interest in lung transplantation: a systematic review.,Eden A,Italy,3,True,,eden a|italy,OA,gold,https://doi.org/10.12701/jyms.2024.00521,Yeungnam University College of Medicine
39164465,10.1038/s41431-024-01683-y,2025,post,European journal of human genetics : EJHG,Journal Article,Description and first insights on a large genomic biobank of lung transplantation.,,Belgium,3,True,,,OA,hybrid,https://www.nature.com/articles/s41431-024-01683-y.pdf,Springer Science and Business Media LLC
39145446,10.1172/jci168393,2024,post,The Journal of clinical investigation,"Journal Article; Research Support, Non-U.S. Gov't; Research Support, U.S. Gov't, P.H.S.; Research Support, N.I.H., Extramural",MNK-driven eIF4E phosphorylation regulates the fibrogenic transformation of mesenchymal cells and chronic lung allograft dysfunction.,Lama VN,United States,2,True,,lama vn|united states,OA,gold,https://doi.org/10.1172/jci168393,American Society for Clinical Investigation
39142524,10.1016/j.healun.2024.08.003,2024,post,The Journal of heart and lung transplantation : the official publication of the International Society for Heart Transplantation,Journal Article,Pollution exposure in the first 3 months post transplant is associated with lower baseline FEV1 and higher CLAD risk.,Chow CW,Canada,1,False,,chow cw|canada,OA,hybrid,https://www.jhltonline.org/article/S1053-2498(24)01791-1/pdf,Elsevier BV
39136242,10.1111/ctr.15426,2024,post,Clinical transplantation,Journal Article,The Impact of Donor-Recipient Human Leukocyte Antigen Matching on Bronchiolitis Obliterans-Free Survival Among Lung Transplant Recipients With Connective Tissue Diseases.,Goldberg HJ,United States,1,True,registry,goldberg hj|united states,Wiley,closed,,Wiley
39115489,10.1016/j.healun.2024.07.010,2024,post,The Journal of heart and lung transplantation : the official publication of the International Society for Heart Transplantation,"Journal Article; Research Support, U.S. Gov't, Non-P.H.S.; Research Support, N.I.H., Extramural",Small airway brush gene expression predicts chronic lung allograft dysfunction and mortality.,Greenland JR,Canada,1,False,,greenland jr|canada,OA,hybrid,https://www.jhltonline.org/article/S1053-2498(24)01743-1/pdf,Elsevier BV
39114640,10.3389/ti.2024.12772,2024,post,Transplant international : official journal of the European Society for Organ Transplantation,Journal Article,Donor Fractions of Cell-Free DNA Are Elevated During CLAD But Not During Infectious Complications After Lung Transplantation.,Magnusson JM,Sweden,2,True,,magnusson jm|sweden,OA,gold,https://www.frontierspartnerships.org/articles/10.3389/ti.2024.12772/pdf,Frontiers Media SA
39113661,10.1111/ctr.15420,2024,post,Clinical transplantation,Journal Article,Contemporary Immunosuppression Management and 1-Year Outcomes in Dual Organ Heart Transplantation.,Jennings DL,United States,1,True,registry,jennings dl|united states,OA,bronze,https://onlinelibrary.wiley.com/doi/pdfdirect/10.1111/ctr.15420,Wiley
39097215,10.1016/j.healun.2024.07.019,2025,post,The Journal of heart and lung transplantation : the official publication of the International Society for Heart Transplantation,Journal Article,Local intragraft humoral immune responses in chronic lung allograft dysfunction.,Martinu T,Canada,1,False,,martinu t|canada,OA,hybrid,https://doi.org/10.1016/j.healun.2024.07.019,Elsevier BV
39059595,10.1016/j.healun.2024.07.014,2024,post,The Journal of heart and lung transplantation : the official publication of the International Society for Heart Transplantation,Journal Article,Immunomodulatory soluble HLA-G and HLA-E are associated with rapidly deteriorating CLAD and HCMV viremia after lung transplantation.,Vietzen H,Austria,1,False,,vietzen h|austria,OA,hybrid,http://www.jhltonline.org/article/S1053249824017479/pdf,Elsevier BV
39019353,10.1016/j.healun.2024.07.003,2025,post,The Journal of heart and lung transplantation : the official publication of the International Society for Heart Transplantation,"Journal Article; Observational Study; Research Support, N.I.H., Extramural",Long-term air pollution exposure and the risk of primary graft dysfunction after lung transplantation.,,,0,False,,,OA,hybrid,https://www.jhltonline.org/article/S1053-2498(24)01737-6/pdf,Elsevier BV
38993876,10.3389/frtra.2023.1248987,2023,post,Frontiers in transplantation,Journal Article,Extracellular vesicles: a potential new player in antibody-mediated rejection in lung allograft recipients.,Mohanakumar T,United States,1,False,,mohanakumar t|united states,OA,gold,https://www.frontiersin.org/articles/10.3389/frtra.2023.1248987/pdf?isPublishedV2=False,Frontiers Media SA
38993789,10.3389/frtra.2024.1324851,2024,post,Frontiers in transplantation,Journal Article,Long-term outcomes of lung transplantation with ex vivo lung perfusion technique.,Møller CH,Denmark,1,False,,møller ch|denmark,OA,gold,https://www.frontiersin.org/articles/10.3389/frtra.2024.1324851/pdf?isPublishedV2=False,Frontiers Media SA
38991901,10.1016/j.transproceed.2024.04.026,2024,post,Transplantation proceedings,Journal Article,Impact of Transplant Body Mass Index and Post-Transplant Weight Changes on the Development of Chronic Lung Allograft Dysfunction Phenotypes.,Mailhot G,Canada,1,False,,mailhot g|canada,Elsevier,closed,,Elsevier BV
38986916,10.1016/j.trim.2024.102081,2024,post,Transplant immunology,"Journal Article; Research Support, Non-U.S. Gov't",Induction immunosuppression strategies and outcomes post-lung transplant: A single center experience.,Elrefaei M,United States,1,True,registry,elrefaei m|united states,Elsevier,closed,,Elsevier BV
38979724,10.1111/ctr.15374,2024,post,Clinical transplantation,Journal Article,Intravenous Immunoglobulins Alone for the Desensitization of Lung Transplant Recipients with Preformed Donor Specific Antibodies and Negative Flow Cytometry Crossmatch.,Al-Mutairy EA,Turkey,1,False,,al-mutairy ea|turkey,Wiley,closed,,Wiley
38953039,10.1097/txd.0000000000001669,2024,post,Transplantation direct,Journal Article,Baseline Lung Allograft Dysfunction After Bilateral Lung Transplantation Is Associated With an Increased Risk of Death: Results From a Multicenter Cohort Study.,Agbor-Enoh S,,0,True,,agbor-enoh s|,OA,gold,https://doi.org/10.1097/txd.0000000000001669,Ovid Technologies (Wolters Kluwer Health)
38951782,10.1186/s12931-024-02868-1,2024,post,Respiratory research,Journal Article,Pseudomonas aeruginosa infection correlates with high MFI donor-specific antibody development following lung transplantation with consequential graft loss and shortened CLAD-free survival.,Bakos E,Austria,2,True,,bakos e|austria,OA,gold,https://respiratory-research.biomedcentral.com/counter/pdf/10.1186/s12931-024-02868-1,Springer Science and Business Media LLC
38924641,10.1111/tan.15544,2024,post,HLA,"Journal Article; Research Support, Non-U.S. Gov't",HLA-C mismatching improves outcomes following lung transplantation.,Sullivan LC,Australia,1,False,,sullivan lc|australia,Wiley,closed,,Wiley
38852935,10.1016/j.healun.2024.06.001,2024,post,The Journal of heart and lung transplantation : the official publication of the International Society for Heart Transplantation,Journal Article,The CD8+ T cell content of transbronchial biopsies from patients with a first episode of clinically stable grade A1 cellular rejection is associated with future chronic lung allograft dysfunction.,Juvet S,Canada,3,True,,juvet s|canada,OA,hybrid,https://www.jhltonline.org/article/S1053-2498(24)01694-2/pdf,Elsevier BV
38835130,10.2174/0115665240304363240524103203,2025,post,Current molecular medicine,Journal Article,Iron Overload-induced Ferroptosis as a Target for Protection against Obliterative Bronchiolitis after Orthotopic Tracheal Transplantation in Mice.,Sun Q,China,1,False,,sun q|china,OA,hybrid,https://doi.org/10.2174/0115665240304363240524103203,Bentham Science Publishers Ltd.
38829041,10.1002/jca.22128,2024,post,Journal of clinical apheresis,Journal Article,Early extracorporeal photopheresis treatment is associated with better survival in patients with chronic or recurrent acute lung allograft dysfunction.,Schuurmans MM,Switzerland,2,True,,schuurmans mm|switzerland,OA,hybrid,https://onlinelibrary.wiley.com/doi/pdfdirect/10.1002/jca.22128,Wiley
38796045,10.1016/j.healun.2024.05.013,2024,post,The Journal of heart and lung transplantation : the official publication of the International Society for Heart Transplantation,Journal Article; Randomized Controlled Trial,Results from randomized trial of pirfenidone in patients with chronic rejection (STOP-CLAD study).,Lama VN,,0,False,rct,lama vn|,Elsevier,closed,,Elsevier BV
38792624,10.3390/life14050603,2024,post,"Life (Basel, Switzerland)",Journal Article,Everolimus Treatment for Chronic Lung Allograft Dysfunction in Lung Transplantation.,Cifrián JM,Spain,1,False,,cifrián jm|spain,OA,gold,https://www.mdpi.com/2075-1729/14/5/603/pdf?version=1715176794,MDPI AG
38779355,10.3389/ti.2024.12774,2024,post,Transplant international : official journal of the European Society for Organ Transplantation,Journal Article,Impact of Transient and Persistent Donor-Specific Antibodies in Lung Transplantation.,Benazzo A,Austria,1,False,,benazzo a|austria,OA,gold,https://www.frontierspartnerships.org/articles/10.3389/ti.2024.12774/pdf,Frontiers Media SA
38741362,10.12659/aot.942823,2024,post,Annals of transplantation,Journal Article; Randomized Controlled Trial,Association Between FEV₁ Decline Rate and Mortality in Long-Term Follow-Up of a 21-Patient Pilot Clinical Trial of Inhaled Liposomal Cyclosporine Plus Standard-of-Care Versus Standard-of-Care Alone for Bronchiolitis Obliterans Syndrome After Lung Transplantation.,Terrin M,United States,2,True,rct,terrin m|united states,OA,hybrid,https://annalsoftransplantation.com/download/inPress/idArt/942823,"International Scientific Information, Inc."
38736881,10.3389/fimmu.2024.1369536,2024,post,Frontiers in immunology,"Journal Article; Research Support, Non-U.S. Gov't",The nature of chronic rejection after lung transplantation: a murine orthotopic lung transplant study.,Vanaudenaerde BM,Belgium,6,True,,vanaudenaerde bm|belgium,OA,gold,https://doi.org/10.3389/fimmu.2024.1369536,Frontiers Media SA
38716770,10.1111/ctr.15325,2024,post,Clinical transplantation,Journal Article,Hepatitis C viremic lung transplantation to aviremic recipients: Comprehensive outcomes and post-transplant viremia.,Carey W,United States,1,False,,carey w|united states,OA,hybrid,https://onlinelibrary.wiley.com/doi/pdfdirect/10.1111/ctr.15325,Wiley
38712927,10.1128/msystems.01312-23,2024,post,mSystems,"Journal Article; Research Support, Non-U.S. Gov't",The gut microbiome in end-stage lung disease and lung transplantation.,Björk JR,Netherlands,1,True,registry,björk jr|netherlands,OA,gold,https://doi.org/10.1128/msystems.01312-23,American Society for Microbiology
38705500,10.1016/j.healun.2024.04.064,2024,post,The Journal of heart and lung transplantation : the official publication of the International Society for Heart Transplantation,Journal Article; Multicenter Study,"Extreme elevations of donor-derived cell-free DNA increases the risk of chronic lung allograft dysfunction and death, even without clinical manifestations of disease.",Agbor-Enoh S,,0,True,,agbor-enoh s|,OA,green,https://pubmed.ncbi.nlm.nih.gov/38705500/,Elsevier BV
38688726,10.1093/dote/doae030,2024,post,Diseases of the esophagus : official journal of the International Society for Diseases of the Esophagus,Journal Article,Impaired esophagogastric junction relaxation and lung transplantation outcomes.,Mittal SK,United States,1,False,,mittal sk|united states,Other-paywall,closed,,Oxford University Press (OUP)
38663465,10.1016/j.healun.2024.04.002,2024,post,The Journal of heart and lung transplantation : the official publication of the International Society for Heart Transplantation,Journal Article,Spectrum of chronic lung allograft dysfunction pathology in human lung transplantation.,Martinu T,Canada,1,False,,martinu t|canada,OA,hybrid,http://www.jhltonline.org/article/S1053249824015638/pdf,Elsevier BV
38591128,10.1111/ctr.15310,2024,post,Clinical transplantation,Journal Article,Performance status at the time of lung retransplant predicts long-term function.,Sanchez PG,United States,1,True,registry,sanchez pg|united states,OA,hybrid,https://onlinelibrary.wiley.com/doi/pdfdirect/10.1111/ctr.15310,Wiley
38576338,10.12701/jyms.2024.00241,2024,post,Journal of Yeungnam medical science,Journal Article,Rehabilitative goals for patients undergoing lung retransplantation.,Reed RM,United States,2,True,,reed rm|united states,OA,gold,https://doi.org/10.12701/jyms.2024.00241,Yeungnam University College of Medicine
38546861,10.1007/s00595-024-02821-1,2024,post,Surgery today,Journal Article,Long-term survival and clinical outcomes of delayed chest closure following lung transplantation.,Okada Y,Japan,1,False,,okada y|japan,OA,hybrid,https://link.springer.com/content/pdf/10.1007/s00595-024-02821-1.pdf,Springer Science and Business Media LLC
38521967,10.1093/dote/doae020,2024,post,Diseases of the esophagus : official journal of the International Society for Diseases of the Esophagus,Journal Article,Concurrent abnormal non-acid reflux is associated with additional chronic rejection risk in lung transplant patients with increased acid exposure.,Chan WW,United States,1,False,,chan ww|united states,OA,bronze,https://academic.oup.com/dote/advance-article-pdf/doi/10.1093/dote/doae020/57075091/doae020.pdf,Oxford University Press (OUP)
38520924,10.1016/j.compbiomed.2024.108254,2024,post,Computers in biology and medicine,"Journal Article; Research Support, Non-U.S. Gov't",Elucidating immune cell dynamics in chronic lung allograft dysfunction: A comprehensive single-cell transcriptomic study.,Sun G,China,1,True,registry,sun g|china,Elsevier,closed,,Elsevier BV
38508486,10.1016/j.jtcvs.2024.03.011,2024,post,The Journal of thoracic and cardiovascular surgery,Clinical Trial; Journal Article; Multicenter Study,Ex vivo lung perfusion in donation after circulatory death: A post hoc analysis of the Normothermic Ex Vivo Lung Perfusion as an Assessment of Extended/Marginal Donors Lungs trial.,,,0,True,,,OA,hybrid,http://www.jtcvs.org/article/S0022522324002125/pdf,Elsevier BV
38486224,10.1186/s12967-024-05045-6,2024,post,Journal of translational medicine,"Journal Article; Research Support, Non-U.S. Gov't",Exosomal-miRNas expression and growth factors released by mononuclear cells of CLAD patients in response to extracorporeal photopheresis.,Meloni F,Italy,1,False,,meloni f|italy,OA,gold,https://translational-medicine.biomedcentral.com/counter/pdf/10.1186/s12967-024-05045-6,Springer Science and Business Media LLC
38485149,10.1183/13993003.01727-2023,2024,post,The European respiratory journal,Journal Article,ERS/EBMT clinical practice guidelines on treatment of pulmonary chronic graft-versus-host disease in adults.,Vos R,Belgium,7,True,,vos r|belgium,OA,bronze,https://erj.ersjournals.com/content/erj/early/2024/02/08/13993003.01727-2023.full.pdf,European Respiratory Society (ERS)
38473722,10.3390/ijms25052476,2024,post,International journal of molecular sciences,Journal Article,Immunological Landscapes in Lung Transplantation: Insights from T Cell Profiling in BAL and PBMC.,O'Sullivan B,Australia,1,False,,o'sullivan b|australia,OA,gold,https://www.mdpi.com/1422-0067/25/5/2476/pdf?version=1708541483,MDPI AG
38439563,10.1093/ejcts/ezae077,2024,post,European journal of cardio-thoracic surgery : official journal of the European Association for Cardio-thoracic Surgery,Journal Article,Outcomes after lung transplantation from selected donors older than 70 years in a single centre: time to close the debate?,Campo-Cañaveral de la Cruz JL,Spain,2,True,,campo-cañaveral de la cruz jl|spain,Other-paywall,closed,,Oxford University Press (OUP)
38403187,10.1016/j.ajt.2024.02.020,2024,post,American journal of transplantation : official journal of the American Society of Transplantation and the American Society of Transplant Surgeons,Journal Article,Fibrotic progression from acute cellular rejection is dependent on secondary lymphoid organs in a mouse model of chronic lung allograft dysfunction.,Date H,Japan,2,True,,date h|japan,OA,bronze,http://www.amjtransplant.org/article/S160061352400162X/pdf,Elsevier BV
38399691,10.3390/microorganisms12020287,2024,post,Microorganisms,Journal Article,Unique Changes in the Lung Microbiome following the Development of Chronic Lung Allograft Dysfunction.,Yeo HJ,United States,1,True,registry,yeo hj|united states,OA,gold,https://www.mdpi.com/2076-2607/12/2/287/pdf?version=1706525865,MDPI AG
38394744,10.1016/j.ebiom.2024.105030,2024,post,EBioMedicine,Journal Article,Ventilatory capacity in CLAD is driven by dysfunctional airway structure.,Vos R,Belgium,4,True,,vos r|belgium,OA,gold,https://doi.org/10.1016/j.ebiom.2024.105030,Elsevier BV
38392766,10.3390/jof10020095,2024,post,"Journal of fungi (Basel, Switzerland)",Journal Article,Multi-Locus Microsatellite Typing of Colonising and Invasive Aspergillus fumigatus Isolates from Patients Post Lung Transplantation and with Chronic Lung Disease.,Morrissey CO,Australia,1,False,,morrissey co|australia,OA,gold,https://www.mdpi.com/2309-608X/10/2/95/pdf?version=1706091064,MDPI AG
38385646,10.1128/spectrum.03142-23,2024,post,Microbiology spectrum,"Journal Article; Research Support, Non-U.S. Gov't",Analysis on the change of gut microbiota and metabolome in lung transplant patients.,Li X,China,1,False,,li x|china,OA,gold,https://doi.org/10.1128/spectrum.03142-23,American Society for Microbiology
38369851,10.1111/ctr.15260,2024,post,Clinical transplantation,Journal Article,Using HCV-viremic organs for lung transplantation does not confer higher rejection rates compared to HCV-negative organs.,Aslam S,United States,1,True,registry,aslam s|united states,OA,hybrid,https://onlinelibrary.wiley.com/doi/pdfdirect/10.1111/ctr.15260,Wiley
38367738,10.1016/j.healun.2024.02.007,2024,post,The Journal of heart and lung transplantation : the official publication of the International Society for Heart Transplantation,"Journal Article; Research Support, U.S. Gov't, Non-P.H.S.; Research Support, N.I.H., Extramural",Macrophage and CD8 T cell discordance are associated with acute lung allograft dysfunction progression.,Greenland JR,,0,False,,greenland jr|,OA,hybrid,http://www.jhltonline.org/article/S1053249824000470/pdf,Elsevier BV
38363388,10.1007/s00228-024-03640-6,2024,post,European journal of clinical pharmacology,Observational Study; Journal Article,"Exploratory associations of tacrolimus exposure and clinical outcomes after lung transplantation: A retrospective, single center experience.",Zuo X,Japan,1,False,,zuo x|japan,Springer,closed,,Springer Science and Business Media LLC
40144253,10.1016/j.jhlto.2024.100070,2024,post,JHLT open,Journal Article,Beneficial effects of extracorporeal membrane oxygenation over cardiopulmonary bypass in living-donor lobar lung transplantation.,Date H,Japan,1,False,,date h|japan,OA,gold,http://www.jhltopen.org/article/S2950133424000193/pdf,Elsevier BV
38358857,10.1164/rccm.202309-1551oc,2024,post,American journal of respiratory and critical care medicine,"Journal Article; Research Support, Non-U.S. Gov't; Research Support, N.I.H., Extramural",Longitudinal Lower Airway Microbial Signatures of Acute Cellular Rejection in Lung Transplantation.,Segal LN,United States,1,False,,segal ln|united states,OA,green,https://pmc.ncbi.nlm.nih.gov/articles/PMC11208954/pdf/rccm.202309-1551OC.pdf,Oxford University Press (OUP)
38342328,10.1016/j.trim.2024.102008,2024,post,Transplant immunology,"Journal Article; Research Support, Non-U.S. Gov't",Retrospective analysis on incidence and risk factors of post-transplant diabetes mellitus after lung transplantation and its association with clinical outcomes.,Zuo X,Japan,1,False,,zuo x|japan,Elsevier,closed,,Elsevier BV
38336710,10.1186/s12931-024-02707-3,2024,post,Respiratory research,Journal Article,Blood MMP-9 measured at 2 years after lung transplantation as a prognostic biomarker of chronic lung allograft dysfunction.,,Belgium,2,True,,,OA,gold,https://respiratory-research.biomedcentral.com/counter/pdf/10.1186/s12931-024-02707-3,Springer Science and Business Media LLC
38334633,10.3390/cells13030241,2024,post,Cells,"Journal Article; Research Support, Non-U.S. Gov't",The Immunopathology of Pulmonary Rejection after Murine Lung Transplantation.,Vanaudenaerde BM,Belgium,2,True,registry,vanaudenaerde bm|belgium,OA,gold,https://www.mdpi.com/2073-4409/13/3/241/pdf?version=1706520709,MDPI AG
38310334,10.1093/icvts/ivae021,2024,post,Interdisciplinary cardiovascular and thoracic surgery,Journal Article,Plasma concentrations of histidine-rich glycoprotein in primary graft dysfunction after lung transplantation.,Toyooka S,Japan,1,False,,toyooka s|japan,OA,gold,https://academic.oup.com/icvts/advance-article-pdf/doi/10.1093/icvts/ivae021/56580376/ivae021.pdf,Oxford University Press (OUP)
38307417,10.1016/j.ajt.2024.01.027,2024,post,American journal of transplantation : official journal of the American Society of Transplantation and the American Society of Transplant Surgeons,Journal Article,Association between cytomegalovirus viremia and long-term outcomes in lung transplant recipients.,Martinu T,Canada,2,True,,martinu t|canada,OA,hybrid,http://www.amjtransplant.org/article/S1600613524000959/pdf,Elsevier BV
40144228,10.1016/j.jhlto.2024.100058,2024,post,JHLT open,Journal Article,Outcomes of lung and heart-lung transplants utilizing donor after circulatory death with thoracoabdominal normothermic regional perfusion.,Angel L,,0,False,,angel l|,OA,gold,http://www.jhltopen.org/article/S2950133424000077/pdf,Elsevier BV
38282747,10.3389/ti.2023.11551,2023,post,Transplant international : official journal of the European Society for Organ Transplantation,Multicenter Study; Journal Article,A European Multi-Center Analysis of Extracorporeal Photopheresis as Therapy for Chronic Lung Allograft Dysfunction.,Greer M,Germany,3,True,,greer m|germany,OA,gold,https://www.frontierspartnerships.org/articles/10.3389/ti.2023.11551/pdf,Frontiers Media SA
38271553,10.1164/rccm.202308-1326oc,2024,post,American journal of respiratory and critical care medicine,"Journal Article; Research Support, Non-U.S. Gov't; Research Support, N.I.H., Extramural",The Lung Microbiome Predicts Mortality and Response to Azithromycin in Lung Transplant Recipients with Chronic Rejection.,Lama VN,Canada,1,False,,lama vn|canada,OA,green,https://pmc.ncbi.nlm.nih.gov/articles/PMC11146567/pdf/rccm.202308-1326OC.pdf,Oxford University Press (OUP)
38264297,10.1097/txd.0000000000001572,2024,post,Transplantation direct,Journal Article,The Association of Post-Lung Transplant Pulmonary Embolism With the Development of Chronic Lung Allograft Dysfunction.,Snyder LD,,0,False,,snyder ld|,OA,gold,https://doi.org/10.1097/txd.0000000000001572,Ovid Technologies (Wolters Kluwer Health)
38241956,10.1016/j.resinv.2024.01.001,2024,post,Respiratory investigation,Journal Article,Long-term outcomes of lung transplantation requiring renal replacement therapy: A single-center experience.,Toyooka S,Japan,1,True,registry,toyooka s|japan,OA,green,http://escholarship.lib.okayama-u.ac.jp/files/public/6/66697/20240305092522205316/fulltext20240304-03.pdf,Elsevier BV
38237809,10.1016/j.jinf.2023.12.013,2024,post,The Journal of infection,"Observational Study; Journal Article; Research Support, Non-U.S. Gov't",Donor respiratory multidrug-resistant bacteria and lung transplantation outcomes.,Al-Mutairy EA,,0,False,,al-mutairy ea|,OA,gold,http://www.journalofinfection.com/article/S0163445323005996/pdf,Elsevier BV
38230743,10.1093/icvts/ivae010,2024,post,Interdisciplinary cardiovascular and thoracic surgery,Journal Article,Various combinations of living and deceased donors for lung retransplantation-a single institutional retrospective study.,Date H,Japan,1,False,,date h|japan,OA,gold,https://academic.oup.com/icvts/advance-article-pdf/doi/10.1093/icvts/ivae010/56167984/ivae010.pdf,Oxford University Press (OUP)
38211836,10.1016/j.healun.2024.01.002,2024,post,The Journal of heart and lung transplantation : the official publication of the International Society for Heart Transplantation,"Journal Article; Research Support, Non-U.S. Gov't; Research Support, N.I.H., Extramural",Airway pepsinogen A4 identifies lung transplant recipients with microaspiration and predicts chronic lung allograft dysfunction.,Martinu T,Canada,1,False,,martinu t|canada,OA,bronze,http://www.jhltonline.org/article/S1053249824000032/pdf,Elsevier BV
38204689,10.1016/j.xjon.2023.09.015,2023,post,JTCVS open,Journal Article,Safety and efficacy of delaying lung transplant surgery to a morning start.,Ardehali A,,0,False,,ardehali a|,OA,gold,http://www.jtcvsopen.org/article/S2666273623002851/pdf,Elsevier BV
38190701,10.1164/rccm.202305-0798oc,2024,post,American journal of respiratory and critical care medicine,"Journal Article; Multicenter Study; Research Support, Non-U.S. Gov't",Higher Molecular Injury at Diagnosis of Acute Cellular Rejection Increases the Risk of Lung Allograft Failure: A Clinical Trial.,Agbor-Enoh S,,0,True,,agbor-enoh s|,OA,green,https://www.ncbi.nlm.nih.gov/pmc/articles/11146548,Oxford University Press (OUP)
38165155,10.1002/ppul.26837,2024,post,Pediatric pulmonology,Journal Article,Predischarge death or lung transplantation in tracheostomy and ventilator dependent grade 3 bronchopulmonary dysplasia.,Wheeler W,United States,1,False,,wheeler w|united states,Wiley,closed,,Wiley
40144241,10.1016/j.jhlto.2023.100050,2024,post,JHLT open,Journal Article,Surgeon-dependent histopathological variations in minor alloantigen-mismatched mouse lung transplantation.,Martinu T,Canada,1,True,registry,martinu t|canada,OA,gold,http://www.jhltopen.org/article/S2950133423000502/pdf,Elsevier BV
38141896,10.1016/j.healun.2023.12.007,2024,post,The Journal of heart and lung transplantation : the official publication of the International Society for Heart Transplantation,"Journal Article; Research Support, Non-U.S. Gov't",Chronic lung allograft dysfunction is associated with an increased number of non-HLA antibodies.,Roux A,France,2,True,registry,roux a|france,Elsevier,closed,,Elsevier BV
38141895,10.1016/j.healun.2023.12.010,2024,post,The Journal of heart and lung transplantation : the official publication of the International Society for Heart Transplantation,Journal Article,Short-term outcomes after third-time lung transplantation: A single institution experience.,Haney JC,,0,False,,haney jc|,Elsevier,closed,,Elsevier BV
38117233,10.1164/rccm.202306-1064oc,2024,post,American journal of respiratory and critical care medicine,"Multicenter Study; Journal Article; Research Support, Non-U.S. Gov't",Cell-Free DNA Maps Tissue Injury and Correlates with Disease Severity in Lung Transplant Candidates.,Agbor-Enoh S,,0,True,,agbor-enoh s|,OA,green,https://pmc.ncbi.nlm.nih.gov/articles/PMC10945061/pdf/rccm.202306-1064OC.pdf,Oxford University Press (OUP)
40145121,10.1016/j.jhlto.2023.100043,2024,post,JHLT open,Journal Article,Erratic tacrolimus levels at 6 to 12 months post-lung transplant predicts poor outcomes.,Divithotawela C,Australia,1,True,registry,divithotawela c|australia,OA,gold,http://www.jhltopen.org/article/S2950133423000435/pdf,Elsevier BV
38044496,10.1097/tp.0000000000004868,2024,post,Transplantation,Journal Article,Impulse Oscillometry Versus Spirometry to Detect Bronchiolitis Obliterans Syndrome in Bilateral Lung Transplant Recipients: A Prospective Diagnostic Study.,Holmes-Liew CL,Australia,1,False,,holmes-liew cl|australia,WoltersKluwer,closed,,Ovid Technologies (Wolters Kluwer Health)
38003669,10.3390/ijms242216479,2023,post,International journal of molecular sciences,Journal Article,Low Prevalence of HLA-G Antibodies in Lung Transplant Patients Detected using MAIPA-Adapted Protocol.,Picard C,France,2,True,,picard c|france,OA,gold,https://www.mdpi.com/1422-0067/24/22/16479/pdf?version=1700287080,MDPI AG
38000763,10.1016/j.healun.2023.11.009,2024,post,The Journal of heart and lung transplantation : the official publication of the International Society for Heart Transplantation,Journal Article,Utility of the Stanford Integrated Psychosocial Assessment for Transplant in predicting outcomes before and after lung transplantation.,Winton-Brown T,Australia,1,False,,winton-brown t|australia,Elsevier,closed,,Elsevier BV
37988247,10.1111/tid.14198,2024,post,Transplant infectious disease : an official journal of the Transplantation Society,Journal Article; Observational Study,Meet in the middle: Could cell mediated-immunity assays be the answer for ideal Cytomegalovirus prophylaxis after lung transplantation? Observational study from a single center with intermittent antiviral prophylaxis.,Machado CM,Brazil,1,False,,machado cm|brazil,OA,bronze,https://onlinelibrary.wiley.com/doi/pdfdirect/10.1111/tid.14198,Wiley
37981213,10.1016/j.ajt.2023.11.004,2024,post,American journal of transplantation : official journal of the American Society of Transplantation and the American Society of Transplant Surgeons,"Journal Article; Comparative Study; Research Support, N.I.H., Extramural; Research Support, Non-U.S. Gov't",Comparison of human leukocyte antigen immunologic risk stratification methods in lung transplantation.,Westall GP,Australia,1,True,registry,westall gp|australia,OA,bronze,http://www.amjtransplant.org/article/S1600613523008596/pdf,Elsevier BV
37972825,10.1016/j.healun.2023.11.008,2024,post,The Journal of heart and lung transplantation : the official publication of the International Society for Heart Transplantation,"Multicenter Study; Journal Article; Research Support, N.I.H., Intramural",Organizing pneumonia is associated with molecular allograft injury and the development of antibody-mediated rejection.,Agbor-Enoh S,,0,True,,agbor-enoh s|,OA,green,https://pmc.ncbi.nlm.nih.gov/articles/PMC13222715/,Elsevier BV
37937643,10.1172/jci.insight.158002,2023,post,JCI insight,"Journal Article; Research Support, Non-U.S. Gov't",Donor IL-17 receptor A regulates LPS-potentiated acute and chronic murine lung allograft rejection.,Martinu T,Canada,2,True,,martinu t|canada,OA,gold,https://doi.org/10.1172/jci.insight.158002,American Society for Clinical Investigation
37932113,10.1093/cid/ciad528,2023,post,Clinical infectious diseases : an official publication of the Infectious Diseases Society of America,Journal Article,Phage Therapy in Lung Transplantation: Current Status and Future Possibilities.,Aslam S,United States,1,False,,aslam s|united states,OA,bronze,https://academic.oup.com/cid/article-pdf/77/Supplement_5/S416/52724824/ciad528.pdf,Oxford University Press (OUP)
37923307,10.1177/08971900231213699,2024,post,Journal of pharmacy practice,Journal Article,Impact of Angiotensin Blockade on Development of Chronic Lung Allograft Dysfunction.,Hachem RR,United States,1,False,,hachem rr|united states,OA,green,https://pmc.ncbi.nlm.nih.gov/articles/PMC11994155/pdf/nihms-2000006.pdf,SAGE Publications
37904125,10.1186/s12890-023-02703-1,2023,post,BMC pulmonary medicine,Journal Article,Prevalence and significance of clonal hematopoiesis of indeterminate potential in lung transplant recipients.,Palmer SM,United States,1,False,,palmer sm|united states,OA,gold,https://link.springer.com/content/pdf/10.1186/s12890-023-02703-1.pdf,Springer Science and Business Media LLC
37899481,10.1097/tp.0000000000004841,2024,post,Transplantation,"Randomized Controlled Trial; Journal Article; Research Support, N.I.H., Extramural",A Pilot Randomized Controlled Trial of De Novo Belatacept-based Immunosuppression After Lung Transplantation.,Hachem RR,,0,True,rct,hachem rr|,OA,green,https://pmc.ncbi.nlm.nih.gov/articles/PMC10922335/pdf/nihms-1932863.pdf,Ovid Technologies (Wolters Kluwer Health)
37896822,10.3390/v15102045,2023,post,Viruses,Journal Article,Crossroads between Autoimmunity and COVID-19 in Lung Transplant Recipients.,Kaza V,United States,1,True,registry,kaza v|united states,OA,gold,https://www.mdpi.com/1999-4915/15/10/2045/pdf?version=1696333114,MDPI AG
37895424,10.3390/life13102042,2023,post,"Life (Basel, Switzerland)",Journal Article,Anti-CD20 Antibody and Calcineurin Inhibitor Combination Therapy Effectively Suppresses Antibody-Mediated Rejection in Murine Orthotopic Lung Transplantation.,Yoshino I,Japan,1,True,registry,yoshino i|japan,OA,gold,https://www.mdpi.com/2075-1729/13/10/2042/pdf?version=1697037677,MDPI AG
37891020,10.1016/j.transproceed.2023.09.027,2023,post,Transplantation proceedings,Journal Article,Sirolimus Long-Term Tolerability and Impact on Kidney Function in Lung Transplantation: A Single-Center Experience.,Afshar K,,0,True,registry,afshar k|,OA,hybrid,https://doi.org/10.1016/j.transproceed.2023.09.027,Elsevier BV
37887076,10.3390/arm91050033,2023,post,Advances in respiratory medicine,Journal Article,Chronic Lung Allograft Dysfunction Is Associated with Significant Disability after Lung Transplantation-A Burden of Disease Analysis in 1025 Cases.,Gottlieb J,Germany,1,False,,gottlieb j|germany,OA,gold,https://www.mdpi.com/2543-6031/91/5/33/pdf?version=1697122646,MDPI AG
37870882,10.1097/tp.0000000000004726,2023,post,Transplantation,Journal Article,Prognostic Value of Chest CT Findings at BOS Diagnosis in Lung Transplant Recipients.,Vos R,Belgium,2,True,,vos r|belgium,WoltersKluwer,closed,,Ovid Technologies (Wolters Kluwer Health)
37866672,10.1016/j.trim.2023.101940,2023,post,Transplant immunology,Journal Article,Immune responses of lung transplant recipients against SARS-CoV-2 and common respiratory coronaviruses: Evidence for pre-existing cross-reactive immunity.,Mohanakumar T,United States,1,True,registry,mohanakumar t|united states,OA,green,https://pmc.ncbi.nlm.nih.gov/articles/PMC11019873/pdf/nihms-1942278.pdf,Elsevier BV
37866469,10.1016/j.healun.2023.10.014,2024,post,The Journal of heart and lung transplantation : the official publication of the International Society for Heart Transplantation,"Journal Article; Research Support, Non-U.S. Gov't",Lung Transplantation from hepatitis C+ donor lungs: Reassuring midterm outcomes.,Ardehali A,,0,False,registry,ardehali a|,Elsevier,closed,,Elsevier BV
40144010,10.1016/j.jhlto.2023.100011,2023,post,JHLT open,Journal Article,Lung transplantation during acute exacerbations of interstitial lung disease and post-transplant survival.,Palmer SM,,0,False,,palmer sm|,OA,gold,https://doi.org/10.1016/j.jhlto.2023.100011,Elsevier BV
37855706,10.2196/52553,2023,post,JMIR research protocols,Journal Article,Design and Rationale of Cytokine Filtration in Lung Transplantation (GLUSorb): Protocol for a Multicenter Clinical Randomized Controlled Trial.,Magnusson J,Sweden,1,True,,magnusson j|sweden,OA,gold,https://www.researchprotocols.org/2023/1/e52553/PDF,JMIR Publications Inc.
37817870,10.1183/23120541.00222-2023,2023,post,ERJ open research,Journal Article,Oesophageal stasis is a risk factor for chronic lung allograft dysfunction and allograft failure in lung transplant recipients.,Martinu T,Canada,1,False,,martinu t|canada,OA,gold,https://openres.ersjournals.com/content/erjor/early/2023/07/06/23120541.00222-2023.full.pdf,European Respiratory Society (ERS)
37778525,10.1016/j.healun.2023.09.018,2024,post,The Journal of heart and lung transplantation : the official publication of the International Society for Heart Transplantation,"Journal Article; Research Support, Non-U.S. Gov't; Research Support, N.I.H., Extramural",Computed tomography-based machine learning for donor lung screening before transplantation.,Galban CJ,Belgium,1,False,,galban cj|belgium,OA,bronze,http://www.jhltonline.org/article/S1053249823020314/pdf,Elsevier BV
37745948,10.1097/txd.0000000000001533,2023,post,Transplantation direct,Journal Article,Detection of Bacterial Colonization in Lung Transplant Recipients Using an Electronic Nose.,Hellemons ME,Netherlands,1,False,,hellemons me|netherlands,OA,gold,https://doi.org/10.1097/txd.0000000000001533,Ovid Technologies (Wolters Kluwer Health)
37741923,10.1186/s13244-023-01509-3,2023,post,Insights into imaging,Journal Article,Early chest CT abnormalities to predict the subsequent occurrence of chronic lung allograft dysfunction.,Gaubert JY,France,1,False,,gaubert jy|france,OA,gold,https://insightsimaging.springeropen.com/counter/pdf/10.1186/s13244-023-01509-3,Springer Science and Business Media LLC
37741317,10.1016/j.jtcvs.2023.09.031,2024,post,The Journal of thoracic and cardiovascular surgery,Journal Article,Impact of lung transplantation on diastolic dysfunction in recipients with pretransplant pulmonary hypertension.,Huddleston SJ,United Kingdom,1,False,,huddleston sj|united kingdom,Elsevier,closed,,Elsevier BV
37740625,10.5578/tt.20239703,2023,post,Tuberkuloz ve toraks,Journal Article,Outcomes of lung transplantation for chronic obstructive pulmonary disease.,Yekeler E,Turkey,1,True,registry,yekeler e|turkey,OA,gold,https://doi.org/10.5578/tt.20239703,Bilimsel Tip Publishing House
37726865,10.1186/s13287-023-03498-y,2023,post,Stem cell research & therapy,"Journal Article; Research Support, Non-U.S. Gov't",Evaluation of safety and efficacy of allogeneic adipose tissue-derived mesenchymal stem cells in pediatric bronchiolitis obliterans syndrome (BoS) after allogeneic hematopoietic stem cell transplantation (allo-HSCT).,Hamidieh AA,,0,True,,hamidieh aa|,OA,gold,https://stemcellres.biomedcentral.com/counter/pdf/10.1186/s13287-023-03498-y,Springer Science and Business Media LLC
37725339,10.1111/ctr.15133,2023,post,Clinical transplantation,Journal Article,A single center Israeli experience in pregnancy post lung transplantation: Feasibility of successful two or more full-term pregnancies in individual lung transplant recipients.,Kramer MR,Israel,1,False,,kramer mr|israel,OA,hybrid,https://onlinelibrary.wiley.com/doi/pdfdirect/10.1111/ctr.15133,Wiley
37715611,10.1111/1440-1681.13823,2023,post,Clinical and experimental pharmacology & physiology,"Journal Article; Research Support, Non-U.S. Gov't",Telocytes protect against lung tissue fibrosis through hexokinase 2-dependent pathway by secreting hepatocyte growth factor.,Lin M,China,1,True,registry,lin m|china,OA,bronze,https://onlinelibrary.wiley.com/doi/pdfdirect/10.1111/1440-1681.13823,Wiley
37713011,10.1186/s40792-023-01742-4,2023,post,Surgical case reports,Journal Article,Successful management of temporary veno-venous extracorporeal membrane oxygenation for a pediatric lung transplant recipient with bronchiolitis obliterans syndrome awaiting lung re-transplantation: a case report.,Yamane M,Japan,1,True,registry,yamane m|japan,OA,gold,https://surgicalcasereports.springeropen.com/counter/pdf/10.1186/s40792-023-01742-4,Springer Science and Business Media LLC
37704161,10.1016/j.healun.2023.09.006,2024,post,The Journal of heart and lung transplantation : the official publication of the International Society for Heart Transplantation,Journal Article,Living-donor lobar lung transplantation.,Date H,Japan,1,False,,date h|japan,Elsevier,closed,,Elsevier BV
37703908,10.1016/s2213-2600(23)00293-x,2024,post,The Lancet. Respiratory medicine,"Randomized Controlled Trial; Multicenter Study; Journal Article; Research Support, Non-U.S. Gov't",Effect of once-per-day tacrolimus versus twice-per-day ciclosporin on 3-year incidence of chronic lung allograft dysfunction after lung transplantation in Scandinavia (ScanCLAD): a multicentre randomised controlled trial.,Magnusson J,Sweden,3,True,rct,magnusson j|sweden,Elsevier,closed,,Elsevier BV
37656927,10.1093/icvts/ivad149,2023,post,Interdisciplinary cardiovascular and thoracic surgery,Journal Article,Impact of gastro-jejunostomy tube in lung transplant patients: a propensity-matched analysis.,Sanchez PG,United States,1,True,registry,sanchez pg|united states,OA,gold,https://academic.oup.com/icvts/advance-article-pdf/doi/10.1093/icvts/ivad149/51331813/ivad149.pdf,Oxford University Press (OUP)
37648073,10.1016/j.healun.2023.08.018,2023,post,The Journal of heart and lung transplantation : the official publication of the International Society for Heart Transplantation,"Journal Article; Research Support, N.I.H., Extramural; Research Support, Non-U.S. Gov't",Short airway telomeres are associated with primary graft dysfunction and chronic lung allograft dysfunction.,Wolters PJ,,0,False,,wolters pj|,OA,hybrid,http://www.jhltonline.org/article/S105324982302003X/pdf,Elsevier BV
37634575,10.1016/j.healun.2023.08.014,2024,post,The Journal of heart and lung transplantation : the official publication of the International Society for Heart Transplantation,"Journal Article; Research Support, Non-U.S. Gov't",Favorable effect of CD26/DPP-4 inhibitors on postoperative outcomes after lung transplantation: A propensity-weighted analysis.,Date H,Japan,1,False,,date h|japan,Elsevier,closed,,Elsevier BV
37625646,10.1016/j.ajt.2023.08.014,2024,post,American journal of transplantation : official journal of the American Society of Transplantation and the American Society of Transplant Surgeons,Journal Article,"Center variability in the prognostic value of a cumulative acute cellular rejection ""A-score"" for long-term lung transplant outcomes.",Martinu T,Canada,3,True,,martinu t|canada,OA,bronze,https://www.amjtransplant.org/article/S1600-6135(23)00652-4/pdf,Elsevier BV
37611881,10.1016/j.healun.2023.08.010,2023,post,The Journal of heart and lung transplantation : the official publication of the International Society for Heart Transplantation,Journal Article,Clinical outcomes following cessation of parenteral immunoglobulin therapy following lung transplantation.,Snell G,Australia,1,True,registry,snell g|australia,Elsevier,closed,,Elsevier BV
37575951,10.1097/txd.0000000000001495,2023,post,Transplantation direct,Journal Article,Decreased Lymphocytic Bronchitis Severity in the Era of Azithromycin Prophylaxis.,Greenland JR,,0,False,,greenland jr|,OA,gold,https://doi.org/10.1097/txd.0000000000001495,Ovid Technologies (Wolters Kluwer Health)
37541572,10.1016/j.jtcvs.2023.07.043,2024,post,The Journal of thoracic and cardiovascular surgery,Journal Article,Extending the age criteria of lung transplant donors to 70+ years old does not significantly affect recipient survival.,Yeung JC,Canada,1,False,,yeung jc|canada,Elsevier,closed,,Elsevier BV
37523071,10.1007/s00595-023-02729-2,2024,post,Surgery today,Journal Article,Restrictive allograft dysfunction rather than bronchiolitis obliterans syndrome had a major impact on the overall survival after living-donor lobar lung transplantation.,Toyooka S,Japan,2,True,,toyooka s|japan,Springer,closed,,Springer Science and Business Media LLC
37516880,10.1186/s12931-023-02492-5,2023,post,Respiratory research,Journal Article,Metformin attenuates chronic lung allograft dysfunction: evidence in rat models.,Liu L,China,1,False,,liu l|china,OA,gold,https://respiratory-research.biomedcentral.com/counter/pdf/10.1186/s12931-023-02492-5,Springer Science and Business Media LLC
37499884,10.1016/j.trim.2023.101904,2023,post,Transplant immunology,"Journal Article; Research Support, N.I.H., Extramural; Research Support, Non-U.S. Gov't",Preemptive immune globulin therapy in sensitized lung transplant recipients.,Reynolds JM,United States,1,False,,reynolds jm|united states,OA,green,https://pmc.ncbi.nlm.nih.gov/articles/PMC10631014/pdf/nihms-1936090.pdf,Elsevier BV
37461238,10.1111/ctr.15077,2023,post,Clinical transplantation,"Journal Article; Research Support, Non-U.S. Gov't","Percentage of low attenuation area on computed tomography detects chronic lung allograft dysfunction, especially bronchiolitis obliterans syndrome, after bilateral lung transplantation.",Toyooka S,Japan,1,False,,toyooka s|japan,OA,bronze,https://onlinelibrary.wiley.com/doi/pdfdirect/10.1111/ctr.15077,Wiley
37454870,10.1016/j.pupt.2023.102243,2023,post,Pulmonary pharmacology & therapeutics,"Journal Article; Research Support, Non-U.S. Gov't",Impact of statin treatment and exposure on the risk of chronic allograft dysfunction in Chinese lung transplant recipients.,Li P,Japan,1,True,,li p|japan,Elsevier,closed,,Elsevier BV
37452563,10.1177/09636897231182480,2023,post,Cell transplantation,Journal Article,Microbiological and Clinical Outcomes of Methicillin-Susceptible Staphylococcus aureus Isolated in Lung Transplant Perioperative Donor and Recipient Respiratory Cultures.,Rotstein C,Canada,1,False,,rotstein c|canada,OA,gold,https://journals.sagepub.com/doi/pdf/10.1177/09636897231182480,SAGE Publications
37443465,10.1097/md.0000000000034263,2023,post,Medicine,Journal Article,Worldwide Bronchiolitis obliterans research: A bibliometric analysis of the published literature between 2002 and 2022.,Pan Y,China,1,False,,pan y|china,OA,gold,https://doi.org/10.1097/md.0000000000034263,Ovid Technologies (Wolters Kluwer Health)
37442212,10.1016/j.trim.2023.101901,2023,post,Transplant immunology,"Journal Article; Research Support, Non-U.S. Gov't",Association of positive pre-transplant angiotensin II type 1 receptor antibodies with clinical outcomes in lung transplant recipients.,Yeo HJ,United States,1,False,,yeo hj|united states,Elsevier,closed,,Elsevier BV
37438480,10.1007/s00464-023-10245-0,2023,post,Surgical endoscopy,Journal Article,Laparoscopic Toupet fundoplication: a safe and effective anti-reflux option in lung transplant recipients.,Amaris MA,United States,1,False,,amaris ma|united states,Springer,closed,,Springer Science and Business Media LLC
37402896,10.1007/s00408-023-00632-8,2023,post,Lung,"Journal Article; Research Support, Non-U.S. Gov't",Collagen Type IV Alpha 5 Chain in Bronchiolitis Obliterans Syndrome After Lung Transplant: The First Evidence.,Bergantini L,Italy,1,False,,bergantini l|italy,OA,hybrid,https://doi.org/10.1007/s00408-023-00632-8,Springer Science and Business Media LLC
37389015,10.1097/txd.0000000000001513,2023,post,Transplantation direct,Journal Article,DQA1 Eplet Mismatch Load As an Independent Risk Factor of CLAD After Lung Transplantation.,López-Hoyos M,Spain,1,False,,lópez-hoyos m|spain,OA,gold,https://doi.org/10.1097/txd.0000000000001513,Ovid Technologies (Wolters Kluwer Health)
37388387,10.5500/wjt.v13.i4.138,2023,post,World journal of transplantation,Journal Article,Pre-Lung transplant reflux testing demonstrates high prevalence of gastroesophageal reflux in cystic fibrosis and reduces chronic rejection risk.,Chan WW,United States,1,True,registry,chan ww|united states,OA,gold,https://doi.org/10.5500/wjt.v13.i4.138,Baishideng Publishing Group Inc.
37348689,10.1016/j.healun.2023.06.011,2023,post,The Journal of heart and lung transplantation : the official publication of the International Society for Heart Transplantation,"Journal Article; Research Support, Non-U.S. Gov't",Nothing but NETs: Cytokine adsorption correlates with lower circulating nucleosomes and is associated with decreased primary graft dysfunction.,Olm F,Sweden,1,False,,olm f|sweden,OA,hybrid,http://www.jhltonline.org/article/S1053249823019071/pdf,Elsevier BV
37345293,10.1177/08971900231184308,2024,post,Journal of pharmacy practice,Journal Article,Incidence of Acute Cellular Rejection After Granulocyte Colony-Stimulating Factor in Lung Transplant Recipients.,Moore CA,United States,1,False,,moore ca|united states,OA,bronze,https://journals.sagepub.com/doi/pdf/10.1177/08971900231184308?download=true,SAGE Publications
37329167,10.1111/aas.14296,2023,post,Acta anaesthesiologica Scandinavica,Journal Article,Transplantation of initially rejected donor lungs using ex vivo lung perfusion: A 5-year experience.,Zemtsovski M,Denmark,1,False,,zemtsovski m|denmark,OA,hybrid,https://onlinelibrary.wiley.com/doi/pdfdirect/10.1111/aas.14296,Wiley
37317999,10.1097/pas.0000000000002074,2023,post,The American journal of surgical pathology,"Journal Article; Research Support, Non-U.S. Gov't",Clinical and Histopathologic Characteristics of Recurrent Sarcoidosis in Posttransplant Lungs: 25 Years of Experience.,Lin CY,,0,True,,lin cy|,WoltersKluwer,closed,,Ovid Technologies (Wolters Kluwer Health)
37305133,10.3389/fmed.2023.1158870,2023,post,Frontiers in medicine,Journal Article,Intra-subject variability in oscillometry correlates with acute rejection and CLAD post-lung transplant.,Chow CW,Canada,1,False,,chow cw|canada,OA,gold,https://www.frontiersin.org/articles/10.3389/fmed.2023.1158870/pdf,Frontiers Media SA
37295720,10.1016/j.ajt.2023.06.003,2023,post,American journal of transplantation : official journal of the American Society of Transplantation and the American Society of Transplant Surgeons,"Journal Article; Research Support, Non-U.S. Gov't",Defining a natural killer cell-enriched molecular rejection-like state in lung transplant transbronchial biopsies.,Halloran PF,Canada,5,True,,halloran pf|canada,OA,hybrid,http://www.amjtransplant.org/article/S1600613523005270/pdf,Elsevier BV
37291709,10.1097/tp.0000000000004683,2023,post,Transplantation,"Journal Article; Research Support, Non-U.S. Gov't",Relative Lung Perfusion on Ventilation-Perfusion Scans After Double Lung Transplant.,Halloran KM,Canada,1,False,,halloran km|canada,WoltersKluwer,closed,,Ovid Technologies (Wolters Kluwer Health)
37289498,10.4049/immunohorizons.2300031,2023,post,ImmunoHorizons,"Observational Study; Journal Article; Research Support, N.I.H., Extramural",A Nasal Inflammatory Cytokine Signature Is Associated with Early Graft-versus-Host Disease of the Lung after Allogeneic Hematopoietic Cell Transplantation: Proof of Concept.,Sheshadri A,,0,False,,sheshadri a|,OA,gold,https://journals.aai.org/immunohorizons/article-pdf/7/6/421/1616871/ih2300031.pdf,Oxford University Press (OUP)
37287095,10.1097/tp.0000000000004672,2023,post,Transplantation,"Journal Article; Research Support, N.I.H., Extramural; Research Support, U.S. Gov't, Non-P.H.S.",The Association Between Frailty and Chronic Lung Allograft Dysfunction After Lung Transplantation.,Greenland JR,,0,False,,greenland jr|,OA,green,https://escholarship.org/content/qt54964391/qt54964391.pdf,Ovid Technologies (Wolters Kluwer Health)
37249595,10.1007/s00405-023-08028-3,2023,post,European archives of oto-rhino-laryngology : official journal of the European Federation of Oto-Rhino-Laryngological Societies (EUFOS) : affiliated with the German Society for Oto-Rhino-Laryngology - Head and Neck Surgery,Journal Article,"Impact of extended sinus surgery on allograft infection, allograft function and overall survival in cystic fibrosis lung transplant recipients.",Soyka MB,Switzerland,1,False,,soyka mb|switzerland,OA,hybrid,https://link.springer.com/content/pdf/10.1007/s00405-023-08028-3.pdf,Springer Science and Business Media LLC
37225088,10.1016/j.ajt.2023.04.034,2023,post,American journal of transplantation : official journal of the American Society of Transplantation and the American Society of Transplant Surgeons,"Journal Article; Research Support, Non-U.S. Gov't",Lung transplantation despite preformed donor-specific antihuman leukocyte antigen antibodies: a 9-year single-center experience.,Ius F,Germany,1,False,,ius f|germany,OA,hybrid,http://www.amjtransplant.org/article/S1600613523004616/pdf,Elsevier BV
37187736,10.3389/fimmu.2023.1143875,2023,post,Frontiers in immunology,"Journal Article; Research Support, Non-U.S. Gov't",Changes in HCMV immune cell frequency and phenotype are associated with chronic lung allograft dysfunction.,Charreau B,France,1,False,,charreau b|france,OA,gold,https://www.frontiersin.org/articles/10.3389/fimmu.2023.1143875/pdf,Frontiers Media SA
37180126,10.3389/fimmu.2023.1183949,2023,post,Frontiers in immunology,"Journal Article; Research Support, Non-U.S. Gov't",Clinical relevance of cell-free DNA quantification and qualification during the first month after lung transplantation.,Picard C,France,2,True,,picard c|france,OA,gold,https://www.frontiersin.org/articles/10.3389/fimmu.2023.1183949/pdf,Frontiers Media SA
37172694,10.1016/j.ajt.2023.04.033,2023,post,American journal of transplantation : official journal of the American Society of Transplantation and the American Society of Transplant Surgeons,Journal Article,Outcomes after flow cytometry crossmatch-positive lung transplants managed with perioperative desensitization.,Tinckam K,Canada,1,False,,tinckam k|canada,OA,hybrid,https://doi.org/10.1016/j.ajt.2023.04.033,Elsevier BV
37171893,10.1093/ejcts/ezad196,2023,post,European journal of cardio-thoracic surgery : official journal of the European Association for Cardio-thoracic Surgery,Journal Article,Impact of total ischaemic time and disease severity class on graft function after bilateral lung transplantation.,Ius F,Germany,1,True,registry,ius f|germany,OA,bronze,https://academic.oup.com/ejcts/article-pdf/63/6/ezad196/50576791/ezad196.pdf,Oxford University Press (OUP)
37144846,10.1111/ctr.15005,2023,post,Clinical transplantation,"Journal Article; Research Support, Non-U.S. Gov't",Acute transcutaneous electrical stimulation (TES) augments esophageal contractility in patients with weak peristalsis.,Pelaez A,United States,1,False,,pelaez a|united states,OA,hybrid,https://onlinelibrary.wiley.com/doi/pdfdirect/10.1111/ctr.15005,Wiley
37143198,10.1097/tp.0000000000004617,2023,post,Transplantation,Journal Article,Rabbit Antithymocyte Globulin for Treatment of Corticosteroid Refractory Acute Cellular Rejection After Lung Transplantation.,Iasella CJ,,0,False,,iasella cj|,WoltersKluwer,closed,,Ovid Technologies (Wolters Kluwer Health)
37125386,10.3389/ti.2023.11071,2023,post,Transplant international : official journal of the European Society for Organ Transplantation,Journal Article,Lungs From Donors ≥70 Years of Age for Transplantation-Do Long-Term Outcomes Justify Their Use?,Ius F,Germany,1,False,,ius f|germany,OA,gold,https://www.frontierspartnerships.org/articles/10.3389/ti.2023.11071/pdf,Frontiers Media SA
37115007,10.1111/ctr.15006,2023,post,Clinical transplantation,"Journal Article; Research Support, Non-U.S. Gov't",S100A8/A9 as a prognostic biomarker in lung transplantation.,Toyooka S,Japan,2,True,,toyooka s|japan,OA,bronze,https://onlinelibrary.wiley.com/doi/pdfdirect/10.1111/ctr.15006,Wiley
37073734,10.1097/sla.0000000000005887,2023,post,Annals of surgery,"Journal Article; Research Support, Non-U.S. Gov't",Evaluating the Impact of Ex Vivo Lung Perfusion on Organ Transplantation: A Retrospective Cohort Study.,Keshavjee S,Canada,1,False,,keshavjee s|canada,OA,hybrid,https://doi.org/10.1097/sla.0000000000005887,Ovid Technologies (Wolters Kluwer Health)
37071121,10.1016/j.healun.2022.09.022,2023,post,The Journal of heart and lung transplantation : the official publication of the International Society for Heart Transplantation,Journal Article,Assessing treatment outcomes in CLAD: The Hannover-extracorporeal photopheresis model.,Welte T,Germany,2,True,,welte t|germany,Elsevier,closed,,Elsevier BV
37070996,10.1148/radiol.221958,2023,post,Radiology,"Journal Article; Research Support, Non-U.S. Gov't",Phase-resolved Functional Lung (PREFUL) MRI-derived Ventilation and Perfusion Parameters Predict Future Lung Transplant Loss.,Gottlieb J,Germany,1,False,,gottlieb j|germany,Other-paywall,closed,,Radiological Society of North America (RSNA)
37054889,10.1016/j.ajt.2023.04.004,2023,post,American journal of transplantation : official journal of the American Society of Transplantation and the American Society of Transplant Surgeons,Journal Article,Specific human leucocyte antigen-DQ risk epitope mismatches are associated with chronic lung allograft dysfunction after lung transplantation.,Darley DR,United Kingdom,2,True,,darley dr|united kingdom,OA,bronze,http://www.amjtransplant.org/article/S160061352300401X/pdf,Elsevier BV
37025782,10.1016/j.heliyon.2023.e14903,2023,post,Heliyon,Journal Article,Diagnostic value of circulating microRNA-21 in chronic lung allograft dysfunction after bilateral cadaveric and living-donor lobar lung transplantation.,Toyooka S,Japan,1,False,,toyooka s|japan,OA,gold,http://www.cell.com/article/S2405844023021102/pdf,Elsevier BV
37014805,10.1016/j.healun.2022.09.018,2023,post,The Journal of heart and lung transplantation : the official publication of the International Society for Heart Transplantation,"Journal Article; Research Support, Non-U.S. Gov't; Research Support, N.I.H., Extramural",IL-33 mediates Pseudomonas induced airway fibrogenesis and is associated with CLAD.,Sharma NS,Israel,1,False,,sharma ns|israel,OA,green,https://pmc.ncbi.nlm.nih.gov/articles/PMC10260236/pdf/nihms-1903659.pdf,Elsevier BV
37004325,10.1016/j.biopha.2023.114640,2023,post,Biomedicine & pharmacotherapy = Biomedecine & pharmacotherapie,Journal Article,Lung mesenchymal cells from patients with COVID-19 driven lung fibrosis: Several features with CTD-ILD derived cells but with higher response to fibrogenic signals and might be more pro-inflammatory.,Meloni F,Italy,1,False,,meloni f|italy,OA,gold,https://doi.org/10.1016/j.biopha.2023.114640,Elsevier BV
37003354,10.1016/j.chest.2023.03.033,2023,post,Chest,"Multicenter Study; Journal Article; Research Support, N.I.H., Extramural; Research Support, Non-U.S. Gov't",BAL Fluid Eosinophilia Associates With Chronic Lung Allograft Dysfunction Risk: A Multicenter Study.,Palmer SM,,0,True,,palmer sm|,OA,green,https://pmc.ncbi.nlm.nih.gov/articles/PMC10548454/pdf/main.pdf,Elsevier BV
36996331,10.1513/annalsats.202207-613oc,2023,post,Annals of the American Thoracic Society,"Journal Article; Research Support, N.I.H., Extramural",Body Mass Index and Cause-Specific Mortality after Lung Transplantation in the United States.,Christie JD,,0,False,registry,christie jd|,OA,green,https://pmc.ncbi.nlm.nih.gov/articles/PMC10257034/pdf/AnnalsATS.202207-613OC.pdf,Oxford University Press (OUP)
36983850,10.3390/life13030695,2023,post,"Life (Basel, Switzerland)",Journal Article,Thoracic Ultrasound in Lung Transplantation-Insights in the Field.,Davidsen JR,Denmark,1,False,,davidsen jr|denmark,OA,gold,https://www.mdpi.com/2075-1729/13/3/695/pdf?version=1677922094,MDPI AG
36967372,10.1016/j.jtcvs.2023.01.028,2023,post,The Journal of thoracic and cardiovascular surgery,Journal Article,Effect of donor smoking and substance use on post-lung transplant outcomes.,,,0,False,,,OA,bronze,http://www.jtcvs.org/article/S0022522323000995/pdf,Elsevier BV
36963446,10.1016/j.healun.2023.03.009,2023,post,The Journal of heart and lung transplantation : the official publication of the International Society for Heart Transplantation,"Journal Article; Research Support, Non-U.S. Gov't",Pulmonary epithelial markers in phenotypes of chronic lung allograft dysfunction.,Martinu T,Canada,1,False,,martinu t|canada,Elsevier,closed,,Elsevier BV
36948499,10.1183/16000617.0116-2022,2023,post,European respiratory review : an official journal of the European Respiratory Society,Journal Article,Lung transplantation for COPD/pulmonary emphysema.,Gottlieb J,Germany,2,True,,gottlieb j|germany,OA,gold,https://err.ersjournals.com/content/errev/32/167/220116.full.pdf,European Respiratory Society (ERS)
36946463,10.1172/jci.insight.167082,2023,post,JCI insight,"Journal Article; Research Support, N.I.H., Extramural; Research Support, Non-U.S. Gov't",JAK-STAT activation contributes to cytotoxic T cell-mediated basal cell death in human chronic lung allograft dysfunction.,Palmer SM,United States,1,False,,palmer sm|united states,OA,gold,http://insight.jci.org/articles/view/167082/files/pdf,American Society for Clinical Investigation
36941179,10.1016/j.healun.2023.02.1495,2023,post,The Journal of heart and lung transplantation : the official publication of the International Society for Heart Transplantation,"Multicenter Study; Journal Article; Research Support, Non-U.S. Gov't; Research Support, N.I.H., Extramural",Early posttransplant reductions in club cell secretory protein associate with future risk for chronic allograft dysfunction in lung recipients: results from a multicenter study.,Palmer SM,Canada,1,True,,palmer sm|canada,OA,green,https://pmc.ncbi.nlm.nih.gov/articles/PMC10192082/pdf/nihms-1878569.pdf,Elsevier BV
36936442,10.3389/ti.2023.10942,2023,post,Transplant international : official journal of the European Society for Organ Transplantation,Journal Article,Risk of Bronchial Complications After Lung Transplantation With Respiratory Corynebacteria. Results From a Monocenter Retrospective Cohort Study.,Messika J,France,1,False,,messika j|france,OA,gold,https://www.frontierspartnerships.org/articles/10.3389/ti.2023.10942/pdf,Frontiers Media SA
36927674,10.1097/mat.0000000000001898,2023,post,ASAIO journal (American Society for Artificial Internal Organs : 1992),Journal Article,Red Blood Cell Transfusion Prior to Lung Transplantation: Impact on Patient Outcomes.,Toyoda Y,,0,False,registry,toyoda y|,WoltersKluwer,closed,,Ovid Technologies (Wolters Kluwer Health)
36925381,10.1016/j.healun.2023.02.005,2023,post,The Journal of heart and lung transplantation : the official publication of the International Society for Heart Transplantation,"Journal Article; Research Support, Non-U.S. Gov't",Invasive fungal infections after respiratory viral infections in lung transplant recipients are associated with lung allograft failure and chronic lung allograft dysfunction within 1 year.,Shah PD,,0,False,,shah pd|,Elsevier,closed,,Elsevier BV
36925075,10.1016/j.trim.2023.101806,2023,post,Transplant immunology,"Journal Article; Research Support, Non-U.S. Gov't",miR-27a-3p alleviates lung transplantation-induced bronchiolitis obliterans syndrome (BOS) via suppressing Smad-mediated myofibroblast differentiation and TLR4-induced dendritic cells maturation.,Zhao H,China,1,False,,zhao h|china,Elsevier,closed,,Elsevier BV
36895091,10.1097/tp.0000000000004579,2023,post,Transplantation,Journal Article,Impact of Spousal Donation on Postoperative Outcomes of Living-donor Lobar Lung Transplantation.,Date H,Japan,1,False,,date h|japan,WoltersKluwer,closed,,Ovid Technologies (Wolters Kluwer Health)
36873745,10.3389/ti.2023.10768,2023,post,Transplant international : official journal of the European Society for Organ Transplantation,Journal Article,Aspergillus-Specific IgG Antibodies are Associated With Fungal-Related Complications and Chronic Lung Allograft Dysfunction After Lung Transplantation.,Vos R,Belgium,2,True,,vos r|belgium,OA,gold,https://www.frontierspartnerships.org/articles/10.3389/ti.2023.10768/pdf,Frontiers Media SA
36865666,10.3389/ti.2023.10819,2023,post,Transplant international : official journal of the European Society for Organ Transplantation,Multicenter Study; Journal Article,Lung Transplantation for Primary Ciliary Dyskinesia and Kartagener Syndrome: A Multicenter Study.,Keshavjee S,Canada,9,True,,keshavjee s|canada,OA,gold,https://www.frontierspartnerships.org/articles/10.3389/ti.2023.10819/pdf,Frontiers Media SA
36849338,10.1016/j.transproceed.2023.01.010,2023,post,Transplantation proceedings,Journal Article,Outcomes of Lung Transplantation in Patients With Combined Pulmonary Fibrosis and Emphysema: A Single-Center Experience.,Thomas M,,0,False,,thomas m|,Elsevier,closed,,Elsevier BV
36846600,10.3389/ti.2023.10690,2023,post,Transplant international : official journal of the European Society for Organ Transplantation,Journal Article,Lung Transplantation From Controlled and Uncontrolled Donation After Circulatory Death (DCD) Donors With Long Ischemic Times Managed by Simple Normothermic Ventilation and Ex-Vivo Lung Perfusion Assessment.,Nosotti M,Italy,1,False,,nosotti m|italy,OA,gold,https://www.frontierspartnerships.org/articles/10.3389/ti.2023.10690/pdf,Frontiers Media SA
36842540,10.1016/j.mucimm.2023.02.004,2023,post,Mucosal immunology,"Journal Article; Research Support, Non-U.S. Gov't",Donor Batf3 inhibits murine lung allograft rejection and airway fibrosis.,Juvet SC,Canada,1,False,,juvet sc|canada,OA,hybrid,http://www.mucosalimmunology.org/article/S1933021923000120/pdf,Elsevier BV
36824294,10.3389/ti.2023.10581,2023,post,Transplant international : official journal of the European Society for Organ Transplantation,Journal Article,Rescue Everolimus Post Lung Transplantation is Not Associated With an Increased Incidence of CLAD or CLAD-Related Mortality.,Snell G,Australia,1,True,registry,snell g|australia,OA,gold,https://www.frontierspartnerships.org/articles/10.3389/ti.2023.10581/pdf,Frontiers Media SA
36812767,10.1016/j.cellimm.2023.104690,2023,post,Cellular immunology,"Journal Article; Research Support, N.I.H., Extramural",Downregulation of a tumor suppressor gene LKB1 in lung transplantation as a biomarker for chronic murine lung allograft rejection.,Mohanakumar T,United States,1,False,,mohanakumar t|united states,OA,green,https://pmc.ncbi.nlm.nih.gov/articles/PMC11019891/pdf/nihms-1877875.pdf,Elsevier BV
36810928,10.1093/ejcts/ezad035,2023,post,European journal of cardio-thoracic surgery : official journal of the European Association for Cardio-thoracic Surgery,Journal Article,Does donor-recipient age mismatch have an influence on outcome after lung transplantation? A single-centre experience.,Salman J,Germany,1,False,,salman j|germany,Other-paywall,closed,,Oxford University Press (OUP)
36735450,10.1097/sla.0000000000005813,2023,post,Annals of surgery,"Journal Article; Research Support, Non-U.S. Gov't",Lung Transplant Outcome From Selected Older Donors (≥70 Years) Equals Younger Donors (<70 Years): A Propensity-matched Analysis.,Ceulemans LJ,Belgium,1,False,,ceulemans lj|belgium,OA,hybrid,https://doi.org/10.1097/sla.0000000000005813,Ovid Technologies (Wolters Kluwer Health)
36732088,10.1016/j.ajt.2022.12.019,2023,post,American journal of transplantation : official journal of the American Society of Transplantation and the American Society of Transplant Surgeons,"Multicenter Study; Journal Article; Research Support, N.I.H., Intramural",Preemptive treatment of de novo donor-specific antibodies in lung transplant patients reduces subsequent risk of chronic lung allograft dysfunction or death.,Agbor-Enoh S,United States,1,True,,agbor-enoh s|united states,OA,bronze,http://www.amjtransplant.org/article/S1600613522302241/pdf,Elsevier BV
36710092,10.1016/j.healun.2022.12.024,2023,post,The Journal of heart and lung transplantation : the official publication of the International Society for Heart Transplantation,Journal Article,Triaging donor lungs based on a microaspiration signature that predicts adverse recipient outcome.,Martinu T,Canada,1,False,,martinu t|canada,OA,bronze,http://www.jhltonline.org/article/S1053249822022896/pdf,Elsevier BV
36703976,10.3389/fimmu.2022.1024021,2022,post,Frontiers in immunology,"Observational Study; Journal Article; Research Support, Non-U.S. Gov't",PD-1 expression in transbronchial biopsies of lung transplant recipients is a possible early predictor of rejection.,Clerici M,Italy,1,False,,clerici m|italy,OA,gold,https://www.frontiersin.org/articles/10.3389/fimmu.2022.1024021/pdf,Frontiers Media SA
36703125,10.1186/s12890-022-02229-y,2023,post,BMC pulmonary medicine,Journal Article,Application of plasma donor-derived cell free DNA for lung allograft rejection diagnosis in lung transplant recipients.,He J,China,1,False,,he j|china,OA,gold,https://bmcpulmmed.biomedcentral.com/counter/pdf/10.1186/s12890-022-02229-y,Springer Science and Business Media LLC
36695698,10.1016/j.ajt.2022.11.017,2023,post,American journal of transplantation : official journal of the American Society of Transplantation and the American Society of Transplant Surgeons,"Journal Article; Research Support, Non-U.S. Gov't",Frailty and genetic risk predict fracture after lung transplantation.,Calabrese DR,United States,1,False,,calabrese dr|united states,OA,green,https://escholarship.org/content/qt16r4s26c/qt16r4s26c.pdf?t=rxhzw5,Elsevier BV
36695689,10.1016/j.ajt.2022.12.008,2023,post,American journal of transplantation : official journal of the American Society of Transplantation and the American Society of Transplant Surgeons,"Journal Article; Research Support, Non-U.S. Gov't",Donor and recipient human leukocyte antigen-G polymorphisms modulate the risk of adverse immunologic events following lung transplantation.,Juvet SC,Canada,2,True,,juvet sc|canada,OA,bronze,http://www.amjtransplant.org/article/S1600613522292880/pdf,Elsevier BV
36695619,10.1016/j.ajt.2022.10.006,2023,post,American journal of transplantation : official journal of the American Society of Transplantation and the American Society of Transplant Surgeons,"Journal Article; Research Support, Non-U.S. Gov't; Research Support, U.S. Gov't, Non-P.H.S.; Research Support, N.I.H., Extramural",CD16+ natural killer cells in bronchoalveolar lavage are associated with antibody-mediated rejection and chronic lung allograft dysfunction.,Greenland JR,United States,1,False,,greenland jr|united states,OA,bronze,http://www.amjtransplant.org/article/S1600613522292582/pdf,Elsevier BV
36681528,10.1016/j.healun.2022.12.026,2023,post,The Journal of heart and lung transplantation : the official publication of the International Society for Heart Transplantation,"Multicenter Study; Journal Article; Research Support, Non-U.S. Gov't",Airway oscillometry parameters in baseline lung allograft dysfunction: Associations from a multicenter study.,Tonga KO,Australia,1,True,,tonga ko|australia,OA,bronze,http://www.jhltonline.org/article/S1053249822022872/pdf,Elsevier BV
36677327,10.3390/microorganisms11010032,2022,post,Microorganisms,Journal Article,Evaluation of Two Different CMV-Immunoglobulin Regimens for Combined CMV Prophylaxis in High-Risk Patients following Lung Transplant.,Cifrián JM,Spain,1,False,,cifrián jm|spain,OA,gold,https://www.mdpi.com/2076-2607/11/1/32/pdf?version=1671694937,MDPI AG
36671482,10.3390/biom13010097,2023,post,Biomolecules,"Journal Article; Research Support, Non-U.S. Gov't",Molecular Profiling of Tissue Samples with Chronic Rejection from Patients with Chronic Lung Allograft Dysfunction: A Pilot Study in Cystic Fibrosis Patients.,Rea F,Italy,2,True,,rea f|italy,OA,gold,https://www.mdpi.com/2218-273X/13/1/97/pdf?version=1672744347,MDPI AG
36639317,10.1016/j.healun.2022.12.014,2023,post,The Journal of heart and lung transplantation : the official publication of the International Society for Heart Transplantation,"Journal Article; Research Support, Non-U.S. Gov't; Research Support, N.I.H., Extramural",Primary graft dysfunction grade 3 following pediatric lung transplantation is associated with chronic lung allograft dysfunction.,Himebauch AS,India,1,False,,himebauch as|india,OA,green,https://scholarworks.indianapolis.iu.edu/bitstreams/fbbd3c94-02d8-4b17-9155-e83de73b7807/download,Elsevier BV
36609090,10.1016/j.healun.2022.12.001,2023,post,The Journal of heart and lung transplantation : the official publication of the International Society for Heart Transplantation,Journal Article,Laparoscopic fundoplication after lung transplantation does not appear to alter lung function trajectory.,Gotley D,Australia,1,False,,gotley d|australia,OA,bronze,http://www.jhltonline.org/article/S1053249822022409/pdf,Elsevier BV
36585287,10.1016/j.healun.2022.12.010,2023,post,The Journal of heart and lung transplantation : the official publication of the International Society for Heart Transplantation,"Journal Article; Research Support, Non-U.S. Gov't",Outcome and growth of lobar graft after pediatric living-donor lobar lung transplantation.,Date H,Japan,1,False,,date h|japan,OA,bronze,http://www.jhltonline.org/article/S1053249822022550/pdf,Elsevier BV
36583252,10.1111/ctr.14891,2023,post,Clinical transplantation,Journal Article,Efficacy and safety of total lymphoid irradiation in different chronic lung allograft dysfunction phenotypes.,López-Meseguer M,Spain,1,False,,lópez-meseguer m|spain,Wiley,closed,,Wiley
36557592,10.3390/microorganisms10122339,2022,post,Microorganisms,Journal Article,Fifteen-Year Surveillance of LTR Receiving Pre-Emptive Therapy for CMV Infection: Prevention of CMV Disease and Incidence of CLAD.,Lilleri D,Italy,1,False,,lilleri d|italy,OA,gold,https://www.mdpi.com/2076-2607/10/12/2339/pdf?version=1669689220,MDPI AG
36522238,10.1016/j.healun.2022.11.005,2023,post,The Journal of heart and lung transplantation : the official publication of the International Society for Heart Transplantation,"Journal Article; Research Support, N.I.H., Extramural; Research Support, Non-U.S. Gov't",The mitigating effect of exogenous carbon monoxide on chronic allograft rejection and fibrosis post-lung transplantation.,Lama VN,,0,False,,lama vn|,Elsevier,closed,,Elsevier BV
38994392,10.3389/frtra.2022.988950,2022,post,Frontiers in transplantation,Journal Article,Is logistically motivated ex vivo lung perfusion a good idea?,Erasmus ME,Netherlands,1,False,,erasmus me|netherlands,OA,gold,https://www.frontiersin.org/articles/10.3389/frtra.2022.988950/pdf,Frontiers Media SA
36406896,10.1097/txd.0000000000001411,2022,post,Transplantation direct,Journal Article,Assessment of dd-cfDNA Levels in Clinically Stable Lung Allograft Recipients Beyond the Initial 2 y Posttransplant.,Shaver CM,,0,False,,shaver cm|,OA,gold,https://doi.org/10.1097/txd.0000000000001411,Ovid Technologies (Wolters Kluwer Health)
36389317,10.21037/jtd-22-334,2022,post,Journal of thoracic disease,Journal Article,Time since primary transplant and poor functional status predict survival after redo lung transplant.,Huddleston SJ,United States,1,True,registry,huddleston sj|united states,OA,gold,https://jtd.amegroups.com/article/viewFile/68625/pdf,AME Publishing Company
36380578,10.1111/tid.13986,2022,post,Transplant infectious disease : an official journal of the Transplantation Society,Journal Article,Fungal infection and colonization in lung transplant recipients with chronic lung allograft dysfunction.,Husain S,Canada,2,True,,husain s|canada,Wiley,closed,,Wiley
36319530,10.1016/j.healun.2022.09.012,2023,post,The Journal of heart and lung transplantation : the official publication of the International Society for Heart Transplantation,"Journal Article; Research Support, N.I.H., Extramural; Research Support, Non-U.S. Gov't; Research Support, N.I.H., Intramural",Clinical features and allograft failure rates of pulmonary antibody-mediated rejection categories.,Agbor-Enoh S,,0,False,,agbor-enoh s|,Elsevier,closed,,Elsevier BV
36309588,10.1038/s41409-022-01859-4,2023,post,Bone marrow transplantation,"Journal Article; Research Support, Non-U.S. Gov't",Interstitial lung diseases after hematopoietic stem cell transplantation: New pattern of lung chronic graft-versus-host disease?,Bergeron A,France,2,True,,bergeron a|france,OA,hybrid,https://www.nature.com/articles/s41409-022-01859-4.pdf,Springer Science and Business Media LLC
36289168,10.1007/s11748-022-01887-3,2023,post,General thoracic and cardiovascular surgery,Journal Article,Efficacy and safety of the SARS-CoV-2 mRNA vaccine in lung transplant recipients: a possible trigger of rejection.,Date H,Japan,1,False,,date h|japan,OA,bronze,https://link.springer.com/content/pdf/10.1007/s11748-022-01887-3.pdf,Springer Science and Business Media LLC
36283951,10.1016/j.healun.2022.09.009,2023,post,The Journal of heart and lung transplantation : the official publication of the International Society for Heart Transplantation,"Journal Article; Research Support, Non-U.S. Gov't",Diagnostic performance of electronic nose technology in chronic lung allograft dysfunction.,Hellemons ME,Netherlands,1,False,,hellemons me|netherlands,OA,hybrid,https://doi.org/10.1016/j.healun.2022.09.009,Elsevier BV
36277208,10.3389/fphys.2022.980942,2022,post,Frontiers in physiology,Journal Article,Characterization of chronic lung allograft dysfunction phenotypes using spectral and intrabreath oscillometry.,Chow CW,Canada,1,False,,chow cw|canada,OA,gold,https://www.frontiersin.org/articles/10.3389/fphys.2022.980942/pdf,Frontiers Media SA
36271645,10.1111/tid.13967,2022,post,Transplant infectious disease : an official journal of the Transplantation Society,Observational Study; Journal Article,Clinical course of SARS-CoV-2 infection and recovery in lung transplant recipients.,Shaver CM,United States,1,True,registry,shaver cm|united states,OA,hybrid,https://onlinelibrary.wiley.com/doi/pdfdirect/10.1111/tid.13967,Wiley
36245610,10.21037/jtd-22-213,2022,post,Journal of thoracic disease,Journal Article,Bronchial artery revascularization in lung transplantation: a systematic review and meta-analysis.,Tchantchaleishvili V,United States,1,False,,tchantchaleishvili v|united states,OA,gold,https://jtd.amegroups.com/article/viewFile/67230/pdf,AME Publishing Company
36240868,10.1016/j.athoracsur.2022.09.041,2023,post,The Annals of thoracic surgery,Journal Article,Two Staged Single Lung Transplants in the Current Era: A United Network for Organ Sharing Study.,Shigemura N,,0,False,registry,shigemura n|,Elsevier,closed,,Elsevier BV
36223371,10.1371/journal.pone.0275563,2022,post,PloS one,"Journal Article; Research Support, Non-U.S. Gov't",Transition from BOS to RAS impairs prognosis after lung transplantation-CLAD subtype analysis by CT volumetry.,Raivio P,,0,False,,raivio p|,OA,gold,https://journals.plos.org/plosone/article/file?id=10.1371/journal.pone.0275563&type=printable,Public Library of Science (PLoS)
36217992,10.1111/ctr.14832,2023,post,Clinical transplantation,Journal Article,Early onset of azithromycin to prevent CLAD in lung transplantation: Promising results of a retrospective single centre experience.,Cifrián Martínez JM,Spain,1,True,,cifrián martínez jm|spain,OA,green,https://hdl.handle.net/10902/27880,Wiley
36216597,10.1016/j.jtcvs.2022.08.016,2023,post,The Journal of thoracic and cardiovascular surgery,Journal Article,Outcomes of lung transplantation from donors with a history of substance abuse.,Keshavjee S,Canada,1,False,,keshavjee s|canada,OA,bronze,http://www.jtcvs.org/article/S0022522322009059/pdf,Elsevier BV
36216086,10.1016/j.athoracsur.2022.09.037,2023,post,The Annals of thoracic surgery,Multicenter Study; Journal Article,Reflux Surgery in Lung Transplantation: A Multicenter Retrospective Study.,Davis RD,Canada,1,True,,davis rd|canada,OA,bronze,http://www.annalsthoracicsurgery.org/article/S000349752201298X/pdf,Elsevier BV
36204183,10.1097/txd.0000000000001364,2022,post,Transplantation direct,Journal Article,Determining Clinical Thresholds for Donor HLA Eplet Compatibility to Predict Best Outcomes Following Lung Transplantation.,Westall GP,Australia,1,True,registry,westall gp|australia,OA,gold,https://doi.org/10.1097/txd.0000000000001364,Ovid Technologies (Wolters Kluwer Health)
36201668,10.14309/ctg.0000000000000538,2023,post,Clinical and translational gastroenterology,Journal Article,Routine Reflux Testing Guides Timely Antireflux Treatment to Reduce Acute and Chronic Rejection After Lung Transplantation.,Chan WW,United States,1,False,,chan ww|united states,OA,gold,https://doi.org/10.14309/ctg.0000000000000538,Ovid Technologies (Wolters Kluwer Health)
36200536,10.1002/ppul.26187,2023,post,Pediatric pulmonology,Journal Article,Monitoring practices of chronic lung allograft dysfunction in pediatric lung transplantation.,Benden C,Switzerland,2,True,,benden c|switzerland,Wiley,closed,,Wiley
36192210,10.1016/j.transproceed.2022.08.027,2022,post,Transplantation proceedings,Observational Study; Journal Article,Everolimus Use in Lung Transplant Recipients.,Yekeler E,Turkey,1,True,registry,yekeler e|turkey,Elsevier,closed,,Elsevier BV
36189800,10.1172/jci159229,2022,post,The Journal of clinical investigation,"Journal Article; Research Support, N.I.H., Extramural; Research Support, Non-U.S. Gov't",Reprogramming alveolar macrophage responses to TGF-β reveals CCR2+ monocyte activity that promotes bronchiolitis obliterans syndrome.,Gelman AE,United States,1,False,,gelman ae|united states,OA,gold,http://www.jci.org/articles/view/159229/files/pdf,American Society for Clinical Investigation
36163162,10.1016/j.healun.2022.08.014,2022,post,The Journal of heart and lung transplantation : the official publication of the International Society for Heart Transplantation,"Journal Article; Research Support, Non-U.S. Gov't",The molecular features of chronic lung allograft dysfunction in lung transplant airway mucosa.,Halloran PF,Canada,4,True,,halloran pf|canada,Elsevier,closed,,Elsevier BV
36134664,10.1172/jci.insight.156648,2022,post,JCI insight,"Journal Article; Research Support, N.I.H., Extramural; Research Support, Non-U.S. Gov't","Single-cell transcriptome mapping identifies a local, innate B cell population driving chronic rejection after lung transplantation.",Eickelberg O,United States,2,True,,eickelberg o|united states,OA,gold,http://insight.jci.org/articles/view/156648/files/pdf,American Society for Clinical Investigation
36123193,10.1016/j.transproceed.2022.08.007,2022,post,Transplantation proceedings,Journal Article,Impact of Tacrolimus Trough Variability on Acute Rejection Following Lung Transplantation.,Ali HA,United States,1,True,registry,ali ha|united states,Elsevier,closed,,Elsevier BV
36113884,10.4049/jimmunol.2200245,2022,post,"Journal of immunology (Baltimore, Md. : 1950)","Journal Article; Research Support, N.I.H., Extramural",Cross-Regulation of F-Box Protein FBXL2 with T-bet and TNF-α during Acute and Chronic Lung Allograft Rejection.,McDyer JF,,0,False,,mcdyer jf|,OA,bronze,https://journals.aai.org/jimmunol/article-pdf/209/9/1788/1642284/ji2200245.pdf,Oxford University Press (OUP)
36113182,10.1016/j.bbrc.2022.08.087,2022,post,Biochemical and biophysical research communications,"Journal Article; Research Support, Non-U.S. Gov't",Inhibiting S100A8/A9 attenuates airway obstruction in a mouse model of heterotopic tracheal transplantation.,Toyooka S,Japan,2,True,,toyooka s|japan,Elsevier,closed,,Elsevier BV
36075742,10.1016/j.transproceed.2022.07.010,2022,post,Transplantation proceedings,Journal Article,Acute Interstitial Pneumonia (Hamman-Rich Syndrome) in Lung Transplantation: A Case Series.,Hachem RR,,0,False,,hachem rr|,Elsevier,closed,,Elsevier BV
36049964,10.1016/j.jtcvs.2022.05.003,2023,post,The Journal of thoracic and cardiovascular surgery,Journal Article,Thoracic retransplantation: Does time to retransplantation matter?,Henn MC,,0,False,registry,henn mc|,OA,bronze,http://www.jtcvs.org/article/S002252232200527X/pdf,Elsevier BV
36049718,10.1016/j.trim.2022.101703,2022,post,Transplant immunology,Journal Article,Carfilzomib versus rituximab for treatment of de novo donor-specific antibodies in lung transplant recipients.,Tokman S,United States,1,False,,tokman s|united states,Elsevier,closed,,Elsevier BV
36031951,10.1111/ajt.17183,2022,post,American journal of transplantation : official journal of the American Society of Transplantation and the American Society of Transplant Surgeons,"Multicenter Study; Journal Article; Research Support, N.I.H., Extramural",Prognostic implications of and clinical risk factors for acute lung injury and organizing pneumonia after lung transplantation: Data from a multicenter prospective cohort study.,Todd JL,United States,2,True,,todd jl|united states,OA,bronze,http://www.amjtransplant.org/article/S1600613523000515/pdf,Elsevier BV
36030202,10.1186/s12890-022-02120-w,2022,post,BMC pulmonary medicine,Journal Article,"Favorable, arduous or fatal postoperative pathway within 90 days of lung transplantation.",Montravers P,France,1,False,,montravers p|france,OA,gold,https://bmcpulmmed.biomedcentral.com/counter/pdf/10.1186/s12890-022-02120-w,Springer Science and Business Media LLC
36028826,10.1186/s12931-022-02131-5,2022,post,Respiratory research,Journal Article,Utility of bile acids in large airway bronchial wash versus bronchoalveolar lavage as biomarkers of microaspiration in lung transplant recipients: a retrospective cohort study.,Martinu T,Canada,1,False,,martinu t|canada,OA,gold,https://respiratory-research.biomedcentral.com/counter/pdf/10.1186/s12931-022-02131-5,Springer Science and Business Media LLC
36004231,10.1016/j.xjon.2022.01.020,2022,post,JTCVS open,Journal Article,Right lung transplantation with a left-to-right inverted anastomosis in a rat model.,Tian D,China,1,False,,tian d|china,OA,gold,http://www.jtcvsopen.org/article/S2666273622000377/pdf,Elsevier BV
35988032,10.1111/ajt.17177,2022,post,American journal of transplantation : official journal of the American Society of Transplantation and the American Society of Transplant Surgeons,Journal Article,Lung transplantation for interstitial lung disease in idiopathic inflammatory myositis: A cohort study.,Le Pavec J,France,9,True,registry,le pavec j|france,OA,bronze,http://www.amjtransplant.org/article/S1600613523000503/pdf,Elsevier BV
35980878,10.1097/tp.0000000000004270,2023,post,Transplantation,"Journal Article; Research Support, Non-U.S. Gov't",Biomarkers for Chronic Lung Allograft Dysfunction: Ready for Prime Time?,Kwakkel-Van-Erp JM,Belgium,1,False,,kwakkel-van-erp jm|belgium,OA,hybrid,https://doi.org/10.1097/tp.0000000000004270,Ovid Technologies (Wolters Kluwer Health)
35964254,10.4414/smw.2022.w30206,2022,post,Swiss medical weekly,Journal Article,Influence of mycophenolate mofetil dosage and plasma levels on the occurrence of chronic lung allograft dysfunction in lung transplants: a retrospective cohort analysis.,Gaisl T,Switzerland,2,True,registry,gaisl t|switzerland,OA,gold,https://smw.ch/index.php/smw/article/download/3232/5429,SMW Supporting Association
35924543,10.5090/jcs.22.066,2022,post,Journal of chest surgery,Journal Article,Medical Complications of Lung Transplantation.,Park MS,South Korea,1,True,registry,park ms|south korea,OA,gold,https://www.jchestsurg.org/journal/download_pdf.php?doi=10.5090/jcs.22.066,Korean Society for Thoracic and Cardiovascular Surgery
35920017,10.1111/petr.14365,2022,post,Pediatric transplantation,Journal Article,Heart-lung transplantation for primary lung transplant complications.,Morales DLS,United States,1,False,,morales dls|united states,Wiley,closed,,Wiley
35909014,10.1016/j.transproceed.2022.05.030,2022,post,Transplantation proceedings,Journal Article,COVID-19 Vaccination is Associated With Favorable Outcomes Among Lung Transplant Patients With Breakthrough Infections.,Banga A,,0,False,,banga a|,OA,green,https://www.ncbi.nlm.nih.gov/pmc/articles/9197779,Elsevier BV
35897686,10.3390/ijms23158111,2022,post,International journal of molecular sciences,Journal Article,Activation of Humoral Immunity during the Pathogenesis of Experimental Chronic Lung Allograft Dysfunction.,Grau V,Germany,1,False,,grau v|germany,OA,gold,https://www.mdpi.com/1422-0067/23/15/8111/pdf?version=1658825526,MDPI AG
35896214,10.1183/13993003.00085-2022,2022,post,The European respiratory journal,Journal Article,Impact of COVID-19 social distancing measures on lung transplant recipients: decline in overall respiratory virus infections is associated with stabilisation of lung function.,Verschuuren EAM,Netherlands,2,True,,verschuuren eam|netherlands,OA,green,https://research.rug.nl/en/publications/66ca2397-539b-481f-9ca9-3bac7e8e3722,European Respiratory Society (ERS)
35887906,10.3390/jcm11144142,2022,post,Journal of clinical medicine,Journal Article,Chronic Lung Allograft Dysfunction Is Associated with Increased Levels of Cell-Free Mitochondrial DNA in Bronchoalveolar Lavage Fluid of Lung Transplant Recipients.,Hecker M,Germany,1,False,,hecker m|germany,OA,gold,https://www.mdpi.com/2077-0383/11/14/4142/pdf?version=1658195627,MDPI AG
35881142,10.1093/stcltm/szac051,2022,post,Stem cells translational medicine,Journal Article,Feasibility and Safety of Low-Dose Mesenchymal Stem Cell Infusion in Lung Transplant Recipients.,Zubair AC,United States,1,False,,zubair ac|united states,OA,gold,https://academic.oup.com/stcltm/article-pdf/11/9/891/45965015/szac051.pdf,Oxford University Press (OUP)
35876129,10.1164/rccm.202110-2413oc,2022,post,American journal of respiratory and critical care medicine,"Journal Article; Research Support, Non-U.S. Gov't","Lung Allograft Microbiome Association with Gastroesophageal Reflux, Inflammation, and Allograft Dysfunction.",Coburn B,Canada,2,True,,coburn b|canada,OA,hybrid,https://doi.org/10.1164/rccm.202110-2413oc,Oxford University Press (OUP)
35864004,10.1016/j.healun.2022.04.009,2022,post,The Journal of heart and lung transplantation : the official publication of the International Society for Heart Transplantation,Journal Article,Survival difference between high-risk and low-risk CFTR genotypes after lung transplant.,Snyder LD,,0,True,registry,snyder ld|,OA,green,https://pmc.ncbi.nlm.nih.gov/articles/PMC10124119/pdf/nihms-1888236.pdf,Elsevier BV
35845547,10.3389/ti.2022.10451,2022,post,Transplant international : official journal of the European Society for Organ Transplantation,Journal Article,"Recipient Comorbidities for Prediction of Primary Graft Dysfunction, Chronic Allograft Dysfunction and Survival After Lung Transplantation.",Inci I,Switzerland,1,False,,inci i|switzerland,OA,gold,https://www.frontierspartnerships.org/articles/10.3389/ti.2022.10451/pdf,Frontiers Media SA
35843852,10.1016/j.healun.2022.06.011,2022,post,The Journal of heart and lung transplantation : the official publication of the International Society for Heart Transplantation,Journal Article; Multicenter Study,The effect of COVID-19 on transplant function and development of CLAD in lung transplant patients: A multicenter experience.,Gan CT,Netherlands,1,True,,gan ct|netherlands,OA,hybrid,https://doi.org/10.1016/j.healun.2022.06.011,Elsevier BV
35842078,10.1016/j.trim.2022.101668,2022,post,Transplant immunology,Journal Article,Current state of clinical trials regarding lung transplant rejection.,Salameh P,,0,True,registry,salameh p|,Elsevier,closed,,Elsevier BV
35838047,10.1172/jci157262,2022,post,The Journal of clinical investigation,"Journal Article; Research Support, N.I.H., Extramural; Research Support, U.S. Gov't, Non-P.H.S.",CD11b suppresses TLR activation of nonclassical monocytes to reduce primary graft dysfunction after lung transplantation.,Budinger GRS,United States,1,False,,budinger grs|united states,OA,gold,http://www.jci.org/articles/view/157262/files/pdf,American Society for Clinical Investigation
35836705,10.14740/gr1501,2022,post,Gastroenterology research,Journal Article,Investigating Defects of Esophageal Motility in Lung Transplant Recipients.,Abell TL,United States,1,False,,abell tl|united states,OA,gold,https://www.gastrores.org/index.php/Gastrores/article/download/1501/1498,"Elmer Press, Inc."
35794392,10.1007/s00408-022-00551-0,2022,post,Lung,Journal Article,Cytomegalovirus Infection Is Associated with Development of Chronic Lung Allograft Dysfunction.,Bargagli E,Italy,1,False,,bargagli e|italy,OA,hybrid,https://link.springer.com/content/pdf/10.1007/s00408-022-00551-0.pdf,Springer Science and Business Media LLC
35729715,10.1111/ajt.17125,2022,post,American journal of transplantation : official journal of the American Society of Transplantation and the American Society of Transplant Surgeons,"Journal Article; Research Support, N.I.H., Extramural",Elevated cell-free DNA in respiratory viral infection and associated lung allograft dysfunction.,Shah P,,0,False,,shah p|,Elsevier,closed,,Elsevier BV
35726189,10.1111/ctr.14756,2022,post,Clinical transplantation,"Journal Article; Research Support, Non-U.S. Gov't",Validation of cause of death classification after heart transplantation and cause-specific life expectancy compared to the general population.,Braun OÖ,Sweden,2,True,,braun oö|sweden,OA,hybrid,https://doi.org/10.1111/ctr.14756,Wiley
35721046,10.3389/fmed.2022.897581,2022,post,Frontiers in medicine,Journal Article,Impact of Lung Function Decline on Mortality in Lung Transplant Recipients: Long-Term Results From the L-CsA-i Study for the Prevention of Bronchiolitis Obliterans Syndrome.,Neurohr C,Germany,5,True,,neurohr c|germany,OA,gold,https://www.frontiersin.org/articles/10.3389/fmed.2022.897581/pdf,Frontiers Media SA
35703261,10.1097/mcg.0000000000001725,2023,post,Journal of clinical gastroenterology,Journal Article,Tolerability and Feasibility of the Upper Esophageal Sphincter Assist Device in Preventing Acute and Chronic Allograft Rejection Among Lung Transplant Recipients.,Kunkel DC,,0,False,,kunkel dc|,WoltersKluwer,closed,,Ovid Technologies (Wolters Kluwer Health)
35691796,10.1016/j.healun.2022.05.009,2022,post,The Journal of heart and lung transplantation : the official publication of the International Society for Heart Transplantation,"Journal Article; Research Support, N.I.H., Extramural; Research Support, Non-U.S. Gov't; Research Support, U.S. Gov't, Non-P.H.S.",Loss of stromal cell Thy-1 plays a critical role in lipopolysaccharide induced chronic lung allograft dysfunction.,Krupnick AS,United States,2,True,,krupnick as|united states,Elsevier,closed,,Elsevier BV
35691795,10.1016/j.healun.2022.05.005,2022,post,The Journal of heart and lung transplantation : the official publication of the International Society for Heart Transplantation,"Journal Article; Research Support, Non-U.S. Gov't",Interferon-stimulated and metallothionein-expressing macrophages are associated with acute and chronic allograft dysfunction after lung transplantation.,Juvet S,Canada,1,False,,juvet s|canada,Elsevier,closed,,Elsevier BV
35678573,10.1093/ejcts/ezac344,2022,post,European journal of cardio-thoracic surgery : official journal of the European Association for Cardio-thoracic Surgery,Journal Article,Perioperative diabetes mellitus affects the outcomes of lung transplant recipients.,Date H,Japan,1,False,,date h|japan,OA,bronze,https://academic.oup.com/ejcts/article-pdf/62/1/ezac344/44246546/ezac344.pdf,Oxford University Press (OUP)
35675449,10.1097/tp.0000000000004187,2022,post,Transplantation,Journal Article,Secondary Prophylaxis With Inhaled Colistin to Prevent Recurrence of Pseudomonas aeruginosa and Extended-spectrum β-lactamase-producing Enterobacterales Pneumonia in ICU After Lung Transplantation: A Before-and-after Retrospective Cohort Analysis.,Montravers P,France,1,False,,montravers p|france,WoltersKluwer,closed,,Ovid Technologies (Wolters Kluwer Health)
35668687,10.3346/jkms.2022.37.e177,2022,post,Journal of Korean medical science,Journal Article; Multicenter Study,The Assessment and Outcomes of Crossmatching in Lung Transplantation in Korean Patients.,Lee JG,South Korea,1,True,,lee jg|south korea,OA,gold,http://jkms.org/Synapse/Data/PDFData/0063JKMS/jkms-37-e177.pdf,XMLink
35651878,10.3389/ti.2022.10159,2022,post,Transplant international : official journal of the European Society for Organ Transplantation,Journal Article,The MUC5B Promoter Polymorphism is Not Associated With Non-ILD Chronic Respiratory Diseases or Post-transplant Outcome.,Wuyts WA,Belgium,1,False,,wuyts wa|belgium,OA,gold,https://www.frontierspartnerships.org/articles/10.3389/ti.2022.10159/pdf,Frontiers Media SA
35642887,10.1093/icvts/ivac156,2022,post,Interactive cardiovascular and thoracic surgery,Journal Article,Heterotopic lung transplant: a feasible approach to compensate for organ shortages.,Chen J,China,1,False,,chen j|china,OA,hybrid,https://doi.org/10.1093/icvts/ivac156,Oxford University Press (OUP)
35634722,10.1111/ajt.17108,2022,post,American journal of transplantation : official journal of the American Society of Transplantation and the American Society of Transplant Surgeons,"Journal Article; Multicenter Study; Research Support, N.I.H., Extramural",Plasma CXCL9 and CXCL10 at allograft injury predict chronic lung allograft dysfunction.,Belperio JA,United States,2,True,,belperio ja|united states,OA,bronze,http://www.amjtransplant.org/article/S1600613522299110/pdf,Elsevier BV
35589861,10.1038/s41598-022-12546-1,2022,post,Scientific reports,"Journal Article; Research Support, Non-U.S. Gov't",Corticotropin releasing hormone as an identifier of bronchiolitis obliterans syndrome.,Lindstedt S,Sweden,3,True,registry,lindstedt s|sweden,OA,gold,https://www.nature.com/articles/s41598-022-12546-1.pdf,Springer Science and Business Media LLC
35525096,10.1016/j.resmer.2022.100913,2022,post,Respiratory medicine and research,Journal Article,Initiation of extracorporeal photopheresis in lung transplant patients with mild to moderate refractory BOS: A single-center real-life experience.,Renaud-Picard B,France,1,False,,renaud-picard b|france,Elsevier,closed,,Elsevier BV
35522969,10.1182/bloodadvances.2021006885,2022,post,Blood advances,Journal Article,The ISHLT chronic lung allograft dysfunction consensus criteria are applicable to pulmonary chronic graft-versus-host disease.,Agbor-Enoh S,,0,True,,agbor-enoh s|,OA,gold,https://ashpublications.org/bloodadvances/article-pdf/6/14/4196/1907973/advancesadv2021006885.pdf,American Society of Hematology
35513911,10.1016/j.clinthera.2022.03.011,2022,post,Clinical therapeutics,"Journal Article; Research Support, Non-U.S. Gov't",Lung Function Monitoring After Lung Transplantation and Allogeneic Hematopoietic Stem Cell Transplantation.,Huang HJ,United States,2,True,,huang hj|united states,OA,hybrid,https://doi.org/10.1016/j.clinthera.2022.03.011,Elsevier BV
35502563,10.1080/13696998.2022.2071065,2022,post,Journal of medical economics,Journal Article,The healthcare resource utilization and costs of chronic lung allograft dysfunction following lung transplantation in patients with commercial insurance in the United States.,Huang HJ,United States,3,True,,huang hj|united states,OA,gold,https://www.tandfonline.com/doi/pdf/10.1080/13696998.2022.2071065?needAccess=true,Informa UK Limited
35501858,10.1186/s12931-022-02036-3,2022,post,Respiratory research,Journal Article,Involvement of IL-26 in bronchiolitis obliterans syndrome but not in acute rejection after lung transplantation.,Riise GC,Sweden,1,True,registry,riise gc|sweden,OA,gold,https://respiratory-research.biomedcentral.com/track/pdf/10.1186/s12931-022-02036-3,Springer Science and Business Media LLC
35490983,10.1016/j.trim.2022.101608,2022,post,Transplant immunology,Journal Article,Nintedanib reduces alloimmune-induced chronic airway changes in murine tracheal allografts.,Heim C,Germany,1,False,,heim c|germany,Elsevier,closed,,Elsevier BV
35487803,10.1016/j.jtcvs.2022.01.055,2022,post,The Journal of thoracic and cardiovascular surgery,"Journal Article; Research Support, Non-U.S. Gov't; Research Support, N.I.H., Extramural",Clinical features and outcomes of unplanned single lung transplants.,Puri V,,0,False,,puri v|,Elsevier,closed,,Elsevier BV
35486846,10.1164/rccm.202109-2073im,2022,post,American journal of respiratory and critical care medicine,Journal Article,Bronchiolitis Obliterans Syndrome after Hematopoietic Stem Cell Transplant Diagnosed Using Ultrathin Bronchoscopy.,Ishizuka T,Japan,1,False,,ishizuka t|japan,OA,hybrid,https://doi.org/10.1164/rccm.202109-2073im,Oxford University Press (OUP)
35478446,10.1002/iid3.620,2022,post,"Immunity, inflammation and disease","Journal Article; Research Support, Non-U.S. Gov't",Cell-free DNA as a biomarker after lung transplantation: A proof-of-concept study.,Boehmer J,Sweden,1,False,,boehmer j|sweden,OA,gold,https://doi.org/10.1002/iid3.620,Wiley
35461711,10.1016/j.jtcvs.2021.11.098,2022,post,The Journal of thoracic and cardiovascular surgery,"Journal Article; Research Support, Non-U.S. Gov't",Outcomes of lung transplantation at a Canadian center using donors declined in the United States.,Keshavjee S,Canada,1,False,registry,keshavjee s|canada,Elsevier,closed,,Elsevier BV
35450737,10.1016/j.healun.2022.03.013,2022,post,The Journal of heart and lung transplantation : the official publication of the International Society for Heart Transplantation,Journal Article,Size matching in combined heart-lung transplant: An undersized predicted heart mass is associated with increased mortality.,Toyoda Y,,0,True,registry,toyoda y|,Elsevier,closed,,Elsevier BV
35445440,10.1111/ctr.14683,2022,post,Clinical transplantation,Journal Article,Diaphragmatic plication among lung transplant patients: A single-center experience.,Banga A,United States,1,False,,banga a|united states,Wiley,closed,,Wiley
35442232,10.1097/tp.0000000000004148,2022,post,Transplantation,"Journal Article; Research Support, Non-U.S. Gov't; Research Support, N.I.H., Extramural",Ferret Lung Transplantation Models Differential Lymphoid Aggregate Morphology Between Restrictive and Obstructive Forms of Chronic Lung Allograft Dysfunction.,Parekh KR,,0,False,,parekh kr|,OA,green,https://www.ncbi.nlm.nih.gov/pmc/articles/9529760,Ovid Technologies (Wolters Kluwer Health)
35431638,10.3389/ti.2022.10450,2022,post,Transplant international : official journal of the European Society for Organ Transplantation,Journal Article,Survival After Lung Transplantation for Chronic Hypersensitivity Pneumonitis: Results From a Large International Cohort Study.,Rosso L,Italy,6,True,,rosso l|italy,OA,gold,https://www.frontierspartnerships.org/journals/transplant-international/articles/10.3389/ti.2022.10450/pdf,Frontiers Media SA
35428458,10.1016/j.jtcvs.2022.03.009,2023,post,The Journal of thoracic and cardiovascular surgery,"Journal Article; Research Support, N.I.H., Extramural",A potential mechanism by which aspiration of duodenogastric fluid augments the risk for bronchiolitis obliterans syndrome after lung transplantation.,Bremner RM,,0,True,registry,bremner rm|,OA,bronze,http://www.jtcvs.org/article/S0022522322003427/pdf,Elsevier BV
35419871,10.1111/jocs.16508,2022,post,Journal of cardiac surgery,Journal Article,Long-term survival: Achilles heel of lung transplantation.,Loebe M,United States,1,False,,loebe m|united states,Wiley,closed,,Wiley
35406680,10.3390/cells11071117,2022,post,Cells,"Journal Article; Research Support, Non-U.S. Gov't",Mechanisms of Action of Extracorporeal Photopheresis in the Control of Bronchiolitis Obliterans Syndrome (BOS): Involvement of Circulating miRNAs.,Meloni F,Italy,2,True,,meloni f|italy,OA,gold,https://www.mdpi.com/2073-4409/11/7/1117/pdf?version=1648452555,MDPI AG
35387211,10.1177/23971983211016210,2021,post,Journal of scleroderma and related disorders,Journal Article,Fundoplication after lung transplantation in patients with systemic sclerosis-related end-stage lung disease.,D'Ovidio F,United States,1,False,,d'ovidio f|united states,OA,green,https://www.ncbi.nlm.nih.gov/pmc/articles/8922666,BMJ
35372675,10.1097/txd.0000000000001317,2022,post,Transplantation direct,Journal Article,Clinical Validation of a Plasma Donor-derived Cell-free DNA Assay to Detect Allograft Rejection and Injury in Lung Transplant.,Keller BC,,0,False,,keller bc|,OA,gold,https://doi.org/10.1097/txd.0000000000001317,Ovid Technologies (Wolters Kluwer Health)
35354643,10.1136/thoraxjnl-2021-217612,2022,post,Thorax,"Journal Article; Research Support, N.I.H., Extramural; Research Support, U.S. Gov't, Non-P.H.S.",Depressive symptoms in lung transplant recipients: trajectory and association with mortality and allograft dysfunction.,Singer JP,United States,1,False,,singer jp|united states,Other-paywall,closed,,BMJ
35354156,10.1159/000522517,2022,post,Respiration; international review of thoracic diseases,Journal Article,Oxygenated Hemoglobin Predicts Outcome in Patients with Chronic Lung Allograft Dysfunction.,Kneidinger N,Germany,1,False,,kneidinger n|germany,Other-paywall,closed,,S. Karger AG
35351385,10.1016/j.healun.2022.01.015,2022,post,The Journal of heart and lung transplantation : the official publication of the International Society for Heart Transplantation,"Journal Article; Research Support, Non-U.S. Gov't",Phenotyping CLAD after single lung transplant: Limits and prognostic assessment of the 2019 ISHLT classification system.,Martinu T,Canada,1,True,,martinu t|canada,Elsevier,closed,,Elsevier BV
35314097,10.1016/j.healun.2022.01.017,2022,post,The Journal of heart and lung transplantation : the official publication of the International Society for Heart Transplantation,Journal Article,Long-term outcome and bridging success of patients evaluated and bridged to lung transplantation on the ICU.,Hellemons ME,Netherlands,1,False,,hellemons me|netherlands,OA,hybrid,https://doi.org/10.1016/j.healun.2022.01.017,Elsevier BV
35285873,10.1084/jem.20212059,2022,post,The Journal of experimental medicine,"Journal Article; Research Support, N.I.H., Extramural",Modulation of tissue resident memory T cells by glucocorticoids after acute cellular rejection in lung transplantation.,McDyer JF,,0,False,,mcdyer jf|,OA,bronze,https://rupress.org/jem/article-pdf/219/4/e20212059/1429771/jem_20212059.pdf,Rockefeller University Press
35283454,10.1097/tp.0000000000004095,2022,post,Transplantation,Journal Article; Randomized Controlled Trial,Five-year Outcome of an Early Everolimus-based Quadruple Immunosuppression in Lung Transplant Recipients: Follow-up of the 4EVERLUNG Study.,Gottlieb J,Germany,1,True,rct,gottlieb j|germany,WoltersKluwer,closed,,Ovid Technologies (Wolters Kluwer Health)
35249734,10.1016/j.transproceed.2021.12.045,2022,post,Transplantation proceedings,Journal Article,Outcome After Lung Transplantation From a Donor With Bacterial Pneumonia Under the Japanese Donor Evaluation System.,Date H,Japan,1,False,,date h|japan,Elsevier,closed,,Elsevier BV
35246990,10.1111/ctr.14639,2022,post,Clinical transplantation,"Journal Article; Research Support, U.S. Gov't, Non-P.H.S.; Research Support, N.I.H., Extramural",Inflammation on bronchoalveolar lavage cytology is associated with decreased chronic lung allograft dysfunction-free survival.,Greenland JR,United States,1,False,,greenland jr|united states,OA,green,https://www.ncbi.nlm.nih.gov/pmc/articles/9197975,Wiley
35227627,10.1016/j.healun.2022.01.1375,2022,post,The Journal of heart and lung transplantation : the official publication of the International Society for Heart Transplantation,"Journal Article; Research Support, Non-U.S. Gov't",Lung transplant outcome following donation after euthanasia.,Van Raemdonck D,Belgium,1,False,,van raemdonck d|belgium,Elsevier,closed,,Elsevier BV
35224623,10.1093/ejcts/ezac132,2022,post,European journal of cardio-thoracic surgery : official journal of the European Association for Cardio-thoracic Surgery,Journal Article,Human leukocyte antigen mismatch on lung transplantation outcomes.,Toyoda Y,United States,1,False,registry,toyoda y|united states,OA,bronze,https://academic.oup.com/ejcts/article-pdf/62/2/ezac132/45180166/ezac132.pdf,Oxford University Press (OUP)
35221126,10.1016/j.transproceed.2021.11.031,2022,post,Transplantation proceedings,Journal Article,A Retrospective Study of Posttransplant Amiodarone Exposition on Clad Development and Survival After Lung Transplantation.,Bollano E,Sweden,1,False,,bollano e|sweden,OA,hybrid,https://www.sciencedirect.com/science/article/pii/S0041134522000951/pdf,Elsevier BV
35203345,10.3390/cells11040699,2022,post,Cells,"Journal Article; Research Support, N.I.H., Extramural; Research Support, Non-U.S. Gov't",Quantitative CT Correlates with Local Inflammation in Lung of Patients with Subtypes of Chronic Lung Allograft Dysfunction.,Galbán CJ,United States,2,True,,galbán cj|united states,OA,gold,https://www.mdpi.com/2073-4409/11/4/699/pdf?version=1645186699,MDPI AG
35202801,10.1016/j.trim.2022.101556,2022,post,Transplant immunology,Journal Article,Genetic effect of ischemia-reperfusion injury upon primary graft dysfunction and chronic lung allograft dysfunction in lung transplantation: evidence based on transcriptome data.,Tian D,China,1,False,,tian d|china,Elsevier,closed,,Elsevier BV
35187218,10.1097/txd.0000000000001294,2022,post,Transplantation direct,Journal Article,Lung Transplant Candidates With Pretransplant Gastroesophageal Reflux and Antibodies to Lung Self-antigens Have Shorter CLAD-free Survival After Transplant.,Tokman S,,0,False,,tokman s|,OA,gold,https://doi.org/10.1097/txd.0000000000001294,Ovid Technologies (Wolters Kluwer Health)
35185863,10.3389/fimmu.2021.788851,2021,post,Frontiers in immunology,"Journal Article; Research Support, Non-U.S. Gov't",Myeloid-Derived Suppressor Cells Are Increased in Lung Transplant Recipients and Regulated by Immunosuppressive Therapy.,López-Hoyos M,Spain,1,True,registry,lópez-hoyos m|spain,OA,gold,https://doi.org/10.3389/fimmu.2021.788851,Frontiers Media SA
35185369,10.3389/ti.2021.10184,2021,post,Transplant international : official journal of the European Society for Organ Transplantation,Journal Article,MiR-21 in Lung Transplant Recipients With Chronic Lung Allograft Dysfunction.,Hoetzenecker K,Austria,2,True,,hoetzenecker k|austria,OA,gold,https://www.frontierspartnerships.org/journals/transplant-international/articles/10.3389/ti.2021.10184/pdf,Frontiers Media SA
35181243,10.1016/j.healun.2022.01.013,2022,post,The Journal of heart and lung transplantation : the official publication of the International Society for Heart Transplantation,"Journal Article; Research Support, Non-U.S. Gov't","Chronic lung allograft dysfunction is associated with an early increase of circulating cytotoxic CD4+CD57+ILT2+ T cells, selectively inhibited by the immune check-point HLA-G.",,France,1,False,,,OA,green,https://hal.science/hal-04274984,Elsevier BV
35146849,10.1111/petr.14247,2022,post,Pediatric transplantation,Journal Article; Multicenter Study,Auto-inflammation and auto-immunity pathways are associated with emergence of BOS in pediatric lung transplantation.,Sweet SC,United States,1,True,,sweet sc|united states,OA,green,https://www.ncbi.nlm.nih.gov/pmc/articles/9086108,Wiley
35083318,10.1183/23120541.00583-2021,2022,post,ERJ open research,Journal Article,Monogenic gene variants in lung transplant recipients with usual interstitial pneumonia.,Raivio P,,0,False,,raivio p|,OA,gold,https://openres.ersjournals.com/content/erjor/8/1/00583-2021.full.pdf,European Respiratory Society (ERS)
35011851,10.3390/jcm11010111,2021,post,Journal of clinical medicine,Journal Article,Beyond Bronchiolitis Obliterans: In-Depth Histopathologic Characterization of Bronchiolitis Obliterans Syndrome after Lung Transplantation.,On Behalf Of The Leuven Lung Transplant Group,Belgium,2,True,,on behalf of the leuven lung transplant group|belgium,OA,gold,https://www.mdpi.com/2077-0383/11/1/111/pdf?version=1640590539,MDPI AG
34968012,10.1111/tid.13784,2022,post,Transplant infectious disease : an official journal of the Transplantation Society,Journal Article,Characteristics and outcomes among vaccinated lung transplant patients with breakthrough COVID-19.,Banga A,United States,1,False,,banga a|united states,OA,bronze,https://onlinelibrary.wiley.com/doi/pdfdirect/10.1111/tid.13784,Wiley
34966390,10.3389/fimmu.2021.778885,2021,post,Frontiers in immunology,"Comparative Study; Journal Article; Research Support, Non-U.S. Gov't",Donor NK and T Cells in the Periphery of Lung Transplant Recipients Contain High Frequencies of Killer Cell Immunoglobulin-Like Receptor-Positive Subsets.,Kühne JF,Germany,1,False,,kühne jf|germany,OA,gold,https://doi.org/10.3389/fimmu.2021.778885,Frontiers Media SA
34949699,10.1183/13993003.01652-2021,2022,post,The European respiratory journal,"Journal Article; Research Support, Non-U.S. Gov't",Chronic lung allograft dysfunction phenotype and prognosis by machine learning CT analysis.,Martinu T,Canada,2,True,,martinu t|canada,Other-paywall,closed,,European Respiratory Society (ERS)
34941934,10.1371/journal.pone.0260881,2021,post,PloS one,Journal Article; Multicenter Study,Disease progression in patients with the restrictive and mixed phenotype of Chronic Lung Allograft dysfunction-A retrospective analysis in five European centers to assess the feasibility of a therapeutic trial.,Bravo C,Spain,5,True,,bravo c|spain,OA,gold,https://journals.plos.org/plosone/article/file?id=10.1371/journal.pone.0260881&type=printable,Public Library of Science (PLoS)
34933798,10.1016/j.healun.2021.11.008,2022,post,The Journal of heart and lung transplantation : the official publication of the International Society for Heart Transplantation,"Journal Article; Research Support, Non-U.S. Gov't; Research Support, N.I.H., Extramural",Lung transplantation for idiopathic pulmonary fibrosis enriches for individuals with telomere-mediated disease.,McDyer JF,,0,False,,mcdyer jf|,OA,hybrid,http://www.jhltonline.org/article/S1053249821025845/pdf,Elsevier BV
34906571,10.1016/j.athoracsur.2021.11.016,2022,post,The Annals of thoracic surgery,Journal Article,Venoarterial Versus Venovenous Extracorporeal Membrane Oxygenation As Bridge to Lung Transplantation.,Ardehali A,,0,False,,ardehali a|,Elsevier,closed,,Elsevier BV
34895720,10.1016/j.jtcvs.2021.08.090,2022,post,The Journal of thoracic and cardiovascular surgery,Journal Article,Long-term outcomes of living-donor lobar lung transplantation.,Toyooka S,Japan,1,False,,toyooka s|japan,Elsevier,closed,,Elsevier BV
34859569,10.1111/ajt.16903,2022,post,American journal of transplantation : official journal of the American Society of Transplantation and the American Society of Transplant Surgeons,"Journal Article; Research Support, N.I.H., Extramural","Novel role for tumor suppressor gene, liver kinase B1, in epithelial-mesenchymal transition leading to chronic lung allograft dysfunction.",Mohanakumar T,,0,False,,mohanakumar t|,Elsevier,closed,,Elsevier BV
34854205,10.1111/ajt.16893,2022,post,American journal of transplantation : official journal of the American Society of Transplantation and the American Society of Transplant Surgeons,Journal Article; Multicenter Study,Determinants of survival after lung transplantation in telomerase-related gene mutation carriers: A retrospective cohort.,,France,3,True,,,OA,bronze,http://www.amjtransplant.org/article/S1600613522081813/pdf,Elsevier BV
34850543,10.1111/ajt.16895,2022,post,American journal of transplantation : official journal of the American Society of Transplantation and the American Society of Transplant Surgeons,"Journal Article; Research Support, Non-U.S. Gov't",Transcripts associated with chronic lung allograft dysfunction in transbronchial biopsies of lung transplants.,Halloran PF,Canada,5,True,,halloran pf|canada,OA,bronze,http://www.amjtransplant.org/article/S1600613522081667/pdf,Elsevier BV
34836753,10.1016/j.healun.2021.10.012,2022,post,The Journal of heart and lung transplantation : the official publication of the International Society for Heart Transplantation,Comparative Study; Journal Article,Indications and outcome after lung transplantation in children under 12 years of age: A 16-year single center experience.,Schwerk N,Germany,1,False,,schwerk n|germany,Elsevier,closed,,Elsevier BV
34792221,10.1111/ctr.14540,2022,post,Clinical transplantation,Journal Article,Predictors and outcomes of respiratory failure among lung transplant patients with COVID-19.,Banga A,United States,1,False,,banga a|united states,OA,bronze,https://onlinelibrary.wiley.com/doi/pdfdirect/10.1111/ctr.14540,Wiley
34785136,10.1016/j.healun.2021.10.008,2022,post,The Journal of heart and lung transplantation : the official publication of the International Society for Heart Transplantation,"Comparative Study; Journal Article; Research Support, N.I.H., Extramural; Research Support, Non-U.S. Gov't; Research Support, U.S. Gov't, P.H.S.",Variability in azithromycin practices among lung transplant providers in the International Society for Heart and Lung Transplantation Community.,Ramos KJ,United States,1,False,,ramos kj|united states,OA,green,https://www.ncbi.nlm.nih.gov/pmc/articles/8742766,Elsevier BV
34748217,10.1111/tri.14157,2021,post,Transplant international : official journal of the European Society for Organ Transplantation,Journal Article,Significance of phenotype change after chronic lung allograft dysfunction onset.,Martinu T,Canada,2,True,,martinu t|canada,OA,green,https://archive-ouverte.unige.ch/unige:175595,Frontiers Media SA
34738249,10.1111/tri.14153,2021,post,Transplant international : official journal of the European Society for Organ Transplantation,Journal Article,Outcomes with alemtuzumab induction therapy in lung transplantation: a comprehensive large-scale single-center analysis.,Jaksch P,Austria,1,True,registry,jaksch p|austria,Other-paywall,closed,,Frontiers Media SA
34694493,10.1007/s00595-021-02390-7,2022,post,Surgery today,Journal Article,Effect of preoperative long-term use of corticosteroids on the development of post-transplant lymphoproliferative disorders after lung transplantation: a single-center experience in Japan.,Toyooka S,Japan,1,False,,toyooka s|japan,Springer,closed,,Springer Science and Business Media LLC
34691018,10.3389/fimmu.2021.704172,2021,post,Frontiers in immunology,"Journal Article; Research Support, N.I.H., Extramural; Research Support, Non-U.S. Gov't; Research Support, U.S. Gov't, Non-P.H.S.",Lung Allograft Epithelium DNA Methylation Age Is Associated With Graft Chronologic Age and Primary Graft Dysfunction.,Greenland JR,United States,1,False,,greenland jr|united states,OA,gold,https://www.frontiersin.org/articles/10.3389/fimmu.2021.704172/pdf,Frontiers Media SA
34670721,10.1053/j.jvca.2021.09.013,2022,post,Journal of cardiothoracic and vascular anesthesia,Journal Article,The Year in Cardiothoracic Transplant Anesthesia: Selected Highlights From 2020 Part I - Lung Transplantation.,Gelzinis TA,,0,False,,gelzinis ta|,Elsevier,closed,,Elsevier BV
34634164,10.1111/ctr.14507,2022,post,Clinical transplantation,Journal Article,Chronic lung allograft dysfunction subtype analysis by computed tomography volumetry.,Nykänen AI,,0,False,,nykänen ai|,OA,green,http://hdl.handle.net/10138/339261,Wiley
34627707,10.1016/j.healun.2021.08.016,2021,post,The Journal of heart and lung transplantation : the official publication of the International Society for Heart Transplantation,"Journal Article; Research Support, N.I.H., Extramural; Research Support, Non-U.S. Gov't",A decline in club cell secretory proteins in lung transplantation is associated with release of natural killer cells exosomes leading to chronic rejection.,Mohanakumar T,,0,False,,mohanakumar t|,OA,green,https://www.ncbi.nlm.nih.gov/pmc/articles/11019779,Elsevier BV
34627596,10.1016/j.transproceed.2021.08.037,2021,post,Transplantation proceedings,Journal Article,Oral Ribavirin for Treatment of Respiratory Syncytial Virus in Lung Transplantation Recipients.,Poveda-Andrés JL,Spain,1,True,registry,poveda-andrés jl|spain,Elsevier,closed,,Elsevier BV
34619318,10.1016/j.trim.2021.101480,2021,post,Transplant immunology,"Journal Article; Research Support, N.I.H., Extramural","Circulating exosomes induced by respiratory viral infections in lung transplant recipients activate cellular stress, innate immune pathways and epithelial to mesenchymal transition.",Mohanakumar T,United States,1,False,,mohanakumar t|united states,Elsevier,closed,,Elsevier BV
34613977,10.1371/journal.pone.0257807,2021,post,PloS one,"Journal Article; Research Support, Non-U.S. Gov't",COVID-19 in lung transplant recipients-Risk prediction and outcomes.,Gottlieb J,Germany,1,False,,gottlieb j|germany,OA,gold,https://doi.org/10.1371/journal.pone.0257807,Public Library of Science (PLoS)
34605596,10.1111/tid.13739,2021,post,Transplant infectious disease : an official journal of the Transplantation Society,Journal Article,Post-infection pulmonary sequelae after COVID-19 among patients with lung transplantation.,Banga A,United States,1,False,,banga a|united states,OA,bronze,https://onlinelibrary.wiley.com/doi/pdfdirect/10.1111/tid.13739,Wiley
34602310,10.1016/j.healun.2021.09.001,2022,post,The Journal of heart and lung transplantation : the official publication of the International Society for Heart Transplantation,"Comparative Study; Journal Article; Research Support, N.I.H., Extramural",Restrictive allograft syndrome vs bronchiolitis obliterans syndrome: Immunological and molecular characterization of circulating exosomes.,Mohanakumar T,,0,False,,mohanakumar t|,OA,green,https://www.ncbi.nlm.nih.gov/pmc/articles/11019888,Elsevier BV
34599540,10.1111/ajt.16862,2022,post,American journal of transplantation : official journal of the American Society of Transplantation and the American Society of Transplant Surgeons,"Journal Article; Multicenter Study; Randomized Controlled Trial; Research Support, N.I.H., Extramural",CTOTC-08: A multicenter randomized controlled trial of rituximab induction to reduce antibody development and improve outcomes in pediatric lung transplant recipients.,Danziger-Isakov L,,0,True,rct,danziger-isakov l|,OA,hybrid,http://www.amjtransplant.org/article/S1600613522080571/pdf,Elsevier BV
34598807,10.1016/j.transproceed.2021.08.043,2021,post,Transplantation proceedings,Journal Article; Observational Study,Influence of Cytomegalovirus on the Survival of Cytomegalovirus-Seropositive Lung Transplant.,Pérez-González VL,Spain,1,False,,pérez-gonzález vl|spain,Elsevier,closed,,Elsevier BV
34593251,10.1016/j.transproceed.2021.08.039,2021,post,Transplantation proceedings,Journal Article,Antithymocyte Globulin Treatment for Chronic Lung Allograft Dysfunction in Lung Transplant Recipients: Experience From a National Reference Transplant Center.,Pérez González VL,Spain,1,False,,pérez gonzález vl|spain,Elsevier,closed,,Elsevier BV
34587371,10.1111/ajt.16858,2022,post,American journal of transplantation : official journal of the American Society of Transplantation and the American Society of Transplant Surgeons,"Journal Article; Multicenter Study; Randomized Controlled Trial; Research Support, Non-U.S. Gov't",A randomized controlled trial of liposomal cyclosporine A for inhalation in the prevention of bronchiolitis obliterans syndrome following lung transplantation.,Behr J,Germany,6,True,rct,behr j|germany,OA,hybrid,https://onlinelibrary.wiley.com/doi/pdfdirect/10.1111/ajt.16858,Elsevier BV
34571454,10.1016/j.rmed.2021.106617,2021,post,Respiratory medicine,"Journal Article; Research Support, Non-U.S. Gov't",Baseline lung allograft dysfunction in primary graft dysfunction survivors after lung transplantation.,Halloran K,Canada,1,False,,halloran k|canada,Elsevier,closed,,Elsevier BV
34570381,10.1111/tri.14120,2021,post,Transplant international : official journal of the European Society for Organ Transplantation,Journal Article,Lung transplantation from uncontrolled and controlled donation after circulatory death: similar outcomes to brain death donors.,Gómez de Antonio D,Spain,2,True,,gómez de antonio d|spain,OA,hybrid,https://onlinelibrary.wiley.com/doi/pdfdirect/10.1111/tri.14120,Frontiers Media SA
34549083,10.1097/txd.0000000000001138,2021,post,Transplantation direct,Journal Article,Intragraft Hyaluronan Increases in Association With Acute Lung Transplant Rejection.,Todd JL,Canada,1,False,,todd jl|canada,OA,gold,https://doi.org/10.1097/txd.0000000000001138,Ovid Technologies (Wolters Kluwer Health)
34548197,10.1016/j.healun.2021.08.003,2021,post,The Journal of heart and lung transplantation : the official publication of the International Society for Heart Transplantation,Journal Article,Abnormal one-year post-lung transplant spirometry is a significant predictor of increased mortality and chronic lung allograft dysfunction.,Snell GI,Australia,1,False,,snell gi|australia,Elsevier,closed,,Elsevier BV
34547417,10.1016/j.trim.2021.101467,2021,post,Transplant immunology,"Journal Article; Research Support, Non-U.S. Gov't",Recipient bone marrow-derived IL-17 receptor A-positive cells drive allograft fibrosis in a mouse intrapulmonary tracheal transplantation model.,Martinu T,Canada,1,False,,martinu t|canada,Elsevier,closed,,Elsevier BV
34534193,10.1097/tp.0000000000003950,2022,post,Transplantation,"Journal Article; Research Support, N.I.H., Extramural",Quantitative Image Analysis at Chronic Lung Allograft Dysfunction Onset Predicts Mortality.,Goldin J,,0,False,,goldin j|,OA,hybrid,https://doi.org/10.1097/tp.0000000000003950,Ovid Technologies (Wolters Kluwer Health)
34524597,10.1007/s10620-021-07249-y,2022,post,Digestive diseases and sciences,Journal Article,Risk Factors and Outcomes for Gastroparesis After Lung Transplantation.,Jodorkovsky D,United States,1,False,,jodorkovsky d|united states,Springer,closed,,Springer Science and Business Media LLC
34514112,10.1097/txd.0000000000001209,2021,post,Transplantation direct,Journal Article,Lung Transplantation in Systemic Sclerosis: a Practice Survey of United States Lung Transplant Centers.,Kennedy CC,Canada,1,False,,kennedy cc|canada,OA,gold,https://doi.org/10.1097/txd.0000000000001209,Ovid Technologies (Wolters Kluwer Health)
34494183,10.1007/s12185-021-03214-7,2021,post,International journal of hematology,Journal Article,Characterization of localized macrophages in bronchiolitis obliterans after allogeneic hematopoietic cell transplantation.,Maeda Y,Japan,1,False,,maeda y|japan,Springer,closed,,Springer Science and Business Media LLC
34489963,10.3389/fimmu.2021.714132,2021,post,Frontiers in immunology,Journal Article,Immune Checkpoints Expression in Chronic Lung Allograft Rejection.,Clerici M,Italy,1,False,,clerici m|italy,OA,gold,https://www.frontiersin.org/articles/10.3389/fimmu.2021.714132/pdf,Frontiers Media SA
34464505,10.1111/ajt.16827,2022,post,American journal of transplantation : official journal of the American Society of Transplantation and the American Society of Transplant Surgeons,"Journal Article; Research Support, N.I.H., Extramural",The allograft injury marker CXCL9 determines prognosis of anti-HLA antibodies after lung transplantation.,Belperio JA,United States,1,False,,belperio ja|united states,OA,green,https://pmc.ncbi.nlm.nih.gov/articles/PMC10826889/pdf/nihms-1946107.pdf,Elsevier BV
34384425,10.1186/s12890-021-01634-z,2021,post,BMC pulmonary medicine,Journal Article,Outcome and prognostic factors after lung transplantation for bronchiectasis other than cystic fibrosis.,Okada Y,Japan,1,False,,okada y|japan,OA,gold,https://bmcpulmmed.biomedcentral.com/track/pdf/10.1186/s12890-021-01634-z,Springer Science and Business Media LLC
34365656,10.1111/ctr.14447,2021,post,Clinical transplantation,Journal Article,Lung transplantation outcomes after crossing low-level donor specific antibodies without planned augmented immunosuppression.,Bermudez CA,United States,1,True,registry,bermudez ca|united states,Wiley,closed,,Wiley
34357700,10.1002/ppul.25617,2021,post,Pediatric pulmonology,"Journal Article; Research Support, Non-U.S. Gov't",The association of lung function changes with outcomes in children with bronchiolitis obliterans syndrome after hematopoietic stem cell transplantation.,Yu J,South Korea,2,True,,yu j|south korea,Wiley,closed,,Wiley
34344623,10.1016/j.healun.2021.05.012,2021,post,The Journal of heart and lung transplantation : the official publication of the International Society for Heart Transplantation,"Journal Article; Research Support, N.I.H., Extramural; Research Support, Non-U.S. Gov't",Donor derived cell free DNA% is elevated with pathogens that are risk factors for acute and chronic lung allograft injury.,Shah PD,,0,False,,shah pd|,OA,green,https://www.ncbi.nlm.nih.gov/pmc/articles/8571060,Elsevier BV
34319850,10.1164/rccm.202012-4528oc,2021,post,American journal of respiratory and critical care medicine,"Evaluation Study; Journal Article; Research Support, N.I.H., Extramural; Research Support, Non-U.S. Gov't",Radiographic Graft Surveillance in Lung Transplantation: Prognostic Role of Parametric Response Mapping.,Lama VN,,0,False,,lama vn|,OA,green,https://www.ncbi.nlm.nih.gov/pmc/articles/8534626,Oxford University Press (OUP)
34310850,10.1002/iid3.491,2021,post,"Immunity, inflammation and disease","Journal Article; Research Support, Non-U.S. Gov't",Antithymocyte globulin is associated with a lower incidence of de novo donor-specific antibody detection in lung transplant recipients: A single-center experience.,Elrefaei M,United States,1,True,registry,elrefaei m|united states,OA,gold,https://onlinelibrary.wiley.com/doi/pdfdirect/10.1002/iid3.491,Wiley
34301464,10.1016/j.healun.2021.06.013,2021,post,The Journal of heart and lung transplantation : the official publication of the International Society for Heart Transplantation,Comparative Study; Journal Article,A simplified strategy for donor-recipient size-matching in lung transplant for interstitial lung disease.,Keshavjee S,Canada,1,False,,keshavjee s|canada,Elsevier,closed,,Elsevier BV
34299359,10.3390/ijms22147743,2021,post,International journal of molecular sciences,Journal Article,Liposomes Loaded with Everolimus and Coated with Hyaluronic Acid: A Promising Approach for Lung Fibrosis.,Meloni F,Italy,2,True,,meloni f|italy,OA,gold,https://www.mdpi.com/1422-0067/22/14/7743/pdf?version=1626777650,MDPI AG
34291152,10.1097/txd.0000000000001189,2021,post,Transplantation direct,Journal Article,COMP: A Potential Early Biomarker of RAS After Lung Transplantation.,Magnusson JM,Sweden,1,False,,magnusson jm|sweden,OA,gold,https://doi.org/10.1097/txd.0000000000001189,Ovid Technologies (Wolters Kluwer Health)
34280376,10.1016/j.athoracsur.2021.05.098,2022,post,The Annals of thoracic surgery,Journal Article,Identification of Lung Transplant Recipients With a Survival Benefit After Fundoplication.,D'Ovidio F,,0,False,,d'ovidio f|,Elsevier,closed,,Elsevier BV
34272887,10.1002/bimj.202000085,2021,post,Biometrical journal. Biometrische Zeitschrift,"Journal Article; Research Support, N.I.H., Extramural",A flexible joint model for multiple longitudinal biomarkers and a time-to-event outcome: With applications to dynamic prediction using highly correlated biomarkers.,Li G,United States,2,True,,li g|united states,OA,green,https://www.ncbi.nlm.nih.gov/pmc/articles/8664967,Wiley
34263577,10.1117/1.jbo.26.7.076005,2021,post,Journal of biomedical optics,"Journal Article; Research Support, Non-U.S. Gov't",Small airway dilation measured by endoscopic optical coherence tomography correlates with chronic lung allograft dysfunction.,Lane P,Canada,1,False,,lane p|canada,OA,gold,https://www.spiedigitallibrary.org/journals/journal-of-biomedical-optics/volume-26/issue-7/076005/Small-airway-dilation-measured-by-endoscopic-optical-coherence-tomography-correlates/10.1117/1.JBO.26.7.076005.pdf,SPIE-Intl Soc Optical Eng
34251508,10.1007/s00595-021-02339-w,2022,post,Surgery today,Journal Article,Emphysematous changes and lower levels of plasma irisin are associated with bronchiolitis obliterans syndrome after bilateral living-donor lobar lung transplantation.,Toyooka S,Japan,1,False,,toyooka s|japan,OA,green,https://ousar.lib.okayama-u.ac.jp/62286,Springer Science and Business Media LLC
34244315,10.1183/13993003.03292-2020,2022,post,The European respiratory journal,"Journal Article; Research Support, Non-U.S. Gov't",Multi-omics profiling predicts allograft function after lung transplantation.,Knapp S,Austria,2,True,,knapp s|austria,OA,bronze,https://erj.ersjournals.com/content/erj/59/2/2003292.full.pdf,European Respiratory Society (ERS)
34226118,10.1016/j.healun.2021.05.016,2021,post,The Journal of heart and lung transplantation : the official publication of the International Society for Heart Transplantation,Journal Article,Inferior outcomes in lung transplant recipients with serum Pseudomonas aeruginosa specific cloaking antibodies.,Chambers DC,Australia,1,False,,chambers dc|australia,Elsevier,closed,,Elsevier BV
34215500,10.1016/j.healun.2021.05.017,2021,post,The Journal of heart and lung transplantation : the official publication of the International Society for Heart Transplantation,"Journal Article; Research Support, Non-U.S. Gov't",Bronchoalveolar lavage cytokine-based risk stratification of minimal acute rejection in clinically stable lung transplant recipients.,Martinu T,Canada,1,True,registry,martinu t|canada,Elsevier,closed,,Elsevier BV
34186034,10.1016/j.chest.2021.06.036,2021,post,Chest,Journal Article,Clinical Features and Outcomes of Combined Pulmonary Fibrosis and Emphysema After Lung Transplantation.,Hachem RR,,0,False,,hachem rr|,OA,green,https://www.ncbi.nlm.nih.gov/pmc/articles/8628179,Elsevier BV
34183227,10.1016/j.healun.2021.05.011,2021,post,The Journal of heart and lung transplantation : the official publication of the International Society for Heart Transplantation,"Journal Article; Research Support, Non-U.S. Gov't",Association between chronic lung allograft dysfunction and human Cytomegalovirus UL40 peptide variants in lung-transplant recipients.,Puchhammer-Stöckl E,Austria,1,False,,puchhammer-stöckl e|austria,OA,hybrid,http://www.jhltonline.org/article/S105324982102324X/pdf,Elsevier BV
34183226,10.1016/j.healun.2021.05.007,2021,post,The Journal of heart and lung transplantation : the official publication of the International Society for Heart Transplantation,"Journal Article; Research Support, N.I.H., Extramural",Aspiration of conjugated bile acids predicts adverse lung transplant outcomes and correlates with airway lipid and cytokine dysregulation.,D'Ovidio F,,0,False,,d'ovidio f|,OA,green,https://hdl.handle.net/11585/881001,Elsevier BV
34172463,10.1183/13993003.03639-2020,2022,post,The European respiratory journal,"Journal Article; Research Support, Non-U.S. Gov't",Diffusing capacity of the lung for carbon monoxide: association with long-term outcomes after lung transplantation in a 20-year longitudinal study.,Martinu T,Canada,2,True,,martinu t|canada,OA,bronze,https://erj.ersjournals.com/content/erj/59/1/2003639.full.pdf,European Respiratory Society (ERS)
34164175,10.21037/jtd-20-3415,2021,post,Journal of thoracic disease,Journal Article,Chronic lung allograft pathology lesions in two rat strain combinations.,Calabrese F,Italy,1,False,,calabrese f|italy,OA,gold,https://jtd.amegroups.com/article/viewFile/51238/pdf,AME Publishing Company
34159688,10.1111/tid.13661,2021,post,Transplant infectious disease : an official journal of the Transplantation Society,Journal Article,Characteristics and outcomes among lung transplant patients with respiratory syncytial virus infection.,Banga A,United States,1,False,,banga a|united states,Wiley,closed,,Wiley
34130911,10.1016/j.healun.2021.04.009,2021,post,The Journal of heart and lung transplantation : the official publication of the International Society for Heart Transplantation,"Journal Article; Multicenter Study; Research Support, N.I.H., Intramural; Research Support, Non-U.S. Gov't","Donor-derived cell-free DNA accurately detects acute rejection in lung transplant patients, a multicenter cohort study.",Agbor-Enoh S,,0,True,,agbor-enoh s|,OA,green,https://www.ncbi.nlm.nih.gov/pmc/articles/8319066,Elsevier BV
34126278,10.1016/j.jtct.2021.06.006,2021,post,Transplantation and cellular therapy,"Journal Article; Multicenter Study; Research Support, N.I.H., Extramural; Research Support, Non-U.S. Gov't",Relevance of Plasma Matrix Metalloproteinase-9 for Bronchiolitis Obliterans Syndrome after Allogeneic Hematopoietic Cell Transplantation.,Lee SJ,Japan,1,True,,lee sj|japan,OA,green,https://www.ncbi.nlm.nih.gov/pmc/articles/8403632,Elsevier BV
34122421,10.3389/fimmu.2021.661761,2021,post,Frontiers in immunology,"Journal Article; Research Support, Non-U.S. Gov't",Connective Tissue Growth Factor Is Overexpressed in Explant Lung Tissue and Broncho-Alveolar Lavage in Transplant-Related Pulmonary Fibrosis.,Vos R,Belgium,2,True,,vos r|belgium,OA,gold,https://www.frontiersin.org/articles/10.3389/fimmu.2021.661761/pdf,Frontiers Media SA
34113715,10.1097/txd.0000000000001128,2021,post,Transplantation direct,Journal Article,Risk of Lung Allograft Dysfunction Associated With Aspergillus Infection.,Fadel E,France,2,True,,fadel e|france,OA,gold,https://doi.org/10.1097/txd.0000000000001128,Ovid Technologies (Wolters Kluwer Health)
34111430,10.1016/j.ajpath.2021.05.014,2021,post,The American journal of pathology,"Journal Article; Research Support, Non-U.S. Gov't",Protein Signatures of Remodeled Airways in Transplanted Lungs with Bronchiolitis Obliterans Syndrome Obtained Using Laser-Capture Microdissection.,Westergren-Thorsson G,Sweden,2,True,,westergren-thorsson g|sweden,OA,hybrid,http://ajp.amjpathol.org/article/S0002944021002480/pdf,Elsevier BV
34078558,10.1016/j.healun.2021.03.019,2021,post,The Journal of heart and lung transplantation : the official publication of the International Society for Heart Transplantation,Comparative Study; Journal Article,Comparison of de novo donor-specific antibodies between living and cadaveric lung transplantation.,Date H,Japan,1,False,,date h|japan,Elsevier,closed,,Elsevier BV
34075005,10.1097/tp.0000000000003839,2021,post,Transplantation,"Journal Article; Research Support, N.I.H., Extramural; Research Support, Non-U.S. Gov't",Impact of COVID-19 on Lung Allograft and Clinical Outcomes in Lung Transplant Recipients: A Case-control Study.,Shah PD,,0,False,,shah pd|,WoltersKluwer,closed,,Ovid Technologies (Wolters Kluwer Health)
34062125,10.1016/j.athoracsur.2021.05.010,2022,post,The Annals of thoracic surgery,Journal Article,Outcomes of Lung Transplantation From Hepatitis C Viremic Donors.,Funamoto M,,0,True,registry,funamoto m|,Elsevier,closed,,Elsevier BV
34058795,10.1111/ajt.16707,2021,post,American journal of transplantation : official journal of the American Society of Transplantation and the American Society of Transplant Surgeons,Journal Article,Long-term outcomes of sensitized lung transplant recipients after peri-operative desensitization.,Tinckam K,Canada,1,False,,tinckam k|canada,Elsevier,closed,,Elsevier BV
34033867,10.1016/j.trim.2021.101415,2021,post,Transplant immunology,"Journal Article; Research Support, Non-U.S. Gov't",Role of CMV chemokine receptor M33 in airway graft rejection in a mouse transplant model.,Heim C,Germany,1,False,,heim c|germany,Elsevier,closed,,Elsevier BV
34030202,10.1055/s-0041-1729175,2021,post,Seminars in respiratory and critical care medicine,Journal Article,Chronic Lung Allograft Dysfunction: Evolving Concepts and Therapies.,Weigt SS,,0,False,,weigt ss|,Other-paywall,closed,,Georg Thieme Verlag KG
34030200,10.1055/s-0041-1728794,2021,post,Seminars in respiratory and critical care medicine,"Journal Article; Research Support, N.I.H., Extramural",Primary Graft Dysfunction.,Diamond JM,,0,False,,diamond jm|,Other-paywall,closed,,Georg Thieme Verlag KG
34016620,10.1183/13993003.04090-2020,2021,post,The European respiratory journal,Journal Article,A virtual crossmatch-based strategy for perioperative desensitisation in lung transplant recipients with pre-formed donor-specific antibodies: 3-year outcome.,Brugière O,France,1,False,,brugière o|france,OA,bronze,https://erj.ersjournals.com/content/erj/58/5/2004090.full.pdf,European Respiratory Society (ERS)
34008917,10.1111/ajt.16692,2021,post,American journal of transplantation : official journal of the American Society of Transplantation and the American Society of Transplant Surgeons,"Journal Article; Multicenter Study; Research Support, N.I.H., Extramural",COVID-19 in hospitalized lung and non-lung solid organ transplant recipients: A comparative analysis from a multicenter study.,,Turkey,1,True,,,OA,hybrid,http://www.amjtransplant.org/article/S1600613522086762/pdf,Elsevier BV
33999570,10.1097/rti.0000000000000595,2022,post,Journal of thoracic imaging,Journal Article,Head-to-head Comparison of Qualitative Radiologist Assessment With Automated Quantitative Computed Tomography Analysis for Bronchiolitis Obliterans Syndrome After Hematopoietic Cell Transplantation.,Guo HH,,0,False,,guo hh|,WoltersKluwer,closed,,Ovid Technologies (Wolters Kluwer Health)
33994181,10.1016/j.transproceed.2021.03.035,2021,post,Transplantation proceedings,Journal Article; Observational Study,Gastroesophageal Reflux and Esophageal Motility Disorder After Lung Transplant: Influence on the Transplanted Graft.,Perez V,Spain,1,False,,perez v|spain,Elsevier,closed,,Elsevier BV
33993180,10.1097/tp.0000000000003820,2022,post,Transplantation,"Journal Article; Research Support, N.I.H., Extramural",Circulating Donor Lung-specific Exosome Profiles Enable Noninvasive Monitoring of Acute Rejection in a Rodent Orthotopic Lung Transplantation Model.,Vallabhajosyula P,Japan,1,False,,vallabhajosyula p|japan,WoltersKluwer,closed,,Ovid Technologies (Wolters Kluwer Health)
33988333,10.1097/tp.0000000000003756,2021,post,Transplantation,Journal Article,Evolution of Recipient Characteristics Over 3 Decades and Impact on Survival After Lung Transplantation.,McCurry KR,,0,False,,mccurry kr|,WoltersKluwer,closed,,Ovid Technologies (Wolters Kluwer Health)
33980752,10.5761/atcs.oa.20-00398,2021,post,Annals of thoracic and cardiovascular surgery : official journal of the Association of Thoracic and Cardiovascular Surgeons of Asia,Journal Article,Effect of CTLA4-Ig on Obliterative Bronchiolitis in a Mouse Intrapulmonary Tracheal Transplantation Model.,Okada Y,Japan,1,False,,okada y|japan,OA,gold,https://www.jstage.jst.go.jp/article/atcs/advpub/0/advpub_oa.20-00398/_pdf,Editorial Committee of Annals of Thoracic and Cardiovascular Surgery
33961136,10.1007/s00595-021-02293-7,2022,post,Surgery today,Journal Article,Circulating anti-human leukocyte antigen IgM antibodies as a potential early predictor of allograft rejection and a negative clinical outcome after lung transplantation.,Toyooka S,Japan,1,False,,toyooka s|japan,Springer,closed,,Springer Science and Business Media LLC
33956976,10.1093/ejcts/ezab164,2021,post,European journal of cardio-thoracic surgery : official journal of the European Association for Cardio-thoracic Surgery,Journal Article,Liver-first strategy for a combined lung and liver transplant in patients with cystic fibrosis.,Ius F,Germany,1,False,,ius f|germany,OA,bronze,https://academic.oup.com/ejcts/article-pdf/60/4/822/40824301/ezab164.pdf,Oxford University Press (OUP)
33955079,10.1111/tme.12779,2021,post,"Transfusion medicine (Oxford, England)",Journal Article,Extracorporeal photopheresis to attenuate decline in lung function due to refractory obstructive allograft dysfunction.,Despotis G,United States,1,False,,despotis g|united states,OA,hybrid,https://onlinelibrary.wiley.com/doi/pdfdirect/10.1111/tme.12779,Wiley
33942129,10.1007/s00408-021-00449-3,2021,post,Lung,"Journal Article; Research Support, Non-U.S. Gov't",The Role of Galectins in Chronic Lung Allograft Dysfunction.,Bennett D,Italy,1,False,,bennett d|italy,OA,hybrid,https://link.springer.com/content/pdf/10.1007/s00408-021-00449-3.pdf,Springer Science and Business Media LLC
33936089,10.3389/fimmu.2021.658062,2021,post,Frontiers in immunology,"Journal Article; Research Support, Non-U.S. Gov't",Airway Telomere Length in Lung Transplant Recipients.,Chambers DC,Australia,1,False,,chambers dc|australia,OA,gold,https://www.frontiersin.org/articles/10.3389/fimmu.2021.658062/pdf,Frontiers Media SA
33933356,10.1016/j.asjsur.2021.04.020,2022,post,Asian journal of surgery,Journal Article,Lung transplantation for non-cystic fibrosis bronchiectasis in Turkey: An initial institutional experience.,Tasci E,Turkey,1,False,,tasci e|turkey,OA,gold,https://www.sciencedirect.com/science/article/pii/S1015958421002372/pdf,Elsevier BV
33930357,10.1016/j.athoracsur.2021.04.032,2022,post,The Annals of thoracic surgery,Journal Article,Improved Outcomes of Infant Lung Transplantation Over 3 Decades.,Eghtesady P,,0,True,registry,eghtesady p|,Elsevier,closed,,Elsevier BV
33916034,10.3390/cells10040780,2021,post,Cells,"Comparative Study; Journal Article; Research Support, Non-U.S. Gov't",Regulatory and Effector Cell Disequilibrium in Patients with Acute Cellular Rejection and Chronic Lung Allograft Dysfunction after Lung Transplantation: Comparison of Peripheral and Alveolar Distribution.,Bennett D,Italy,1,False,,bennett d|italy,OA,gold,https://www.mdpi.com/2073-4409/10/4/780/pdf?version=1617939217,MDPI AG
33894269,10.1016/j.lfs.2021.119496,2021,post,Life sciences,Journal Article,CD26 as a target against fibrous formation in chronic airway rejection lesions.,Jang JH,Switzerland,3,True,registry,jang jh|switzerland,Elsevier,closed,,Elsevier BV
33863738,10.1183/13993003.02975-2020,2021,post,The European respiratory journal,"Journal Article; Research Support, Non-U.S. Gov't",Association between the renin-angiotensin system and chronic lung allograft dysfunction.,Martinu T,Canada,1,True,registry,martinu t|canada,OA,bronze,https://erj.ersjournals.com/content/erj/58/4/2002975.full.pdf,European Respiratory Society (ERS)
33863302,10.1186/s12890-021-01442-5,2021,post,BMC pulmonary medicine,Journal Article,Recovery of physical function in lung transplant recipients with sarcopenia.,Okada Y,Japan,1,False,,okada y|japan,OA,gold,https://bmcpulmmed.biomedcentral.com/counter/pdf/10.1186/s12890-021-01442-5,Springer Science and Business Media LLC
33848359,10.1111/ctr.14315,2021,post,Clinical transplantation,"Journal Article; Research Support, Non-U.S. Gov't",Atelectasis in primary graft dysfunction survivors after lung transplantation.,Halloran K,Canada,1,False,,halloran k|canada,Wiley,closed,,Wiley
33843792,10.1097/sla.0000000000004916,2023,post,Annals of surgery,Journal Article,Textbook Outcome: Definition and Analysis of a Novel Quality Measure in Lung Transplantation.,Hartwig MG,,0,False,,hartwig mg|,WoltersKluwer,closed,,Ovid Technologies (Wolters Kluwer Health)
33840162,10.1111/ajt.16601,2021,post,American journal of transplantation : official journal of the American Society of Transplantation and the American Society of Transplant Surgeons,"Journal Article; Multicenter Study; Research Support, N.I.H., Extramural",Correlation between BAL CXCR3 chemokines and lung allograft histopathologies: A multicenter study.,Belperio JA,United States,2,True,,belperio ja|united states,OA,hybrid,http://www.amjtransplant.org/article/S1600613522087585/pdf,Elsevier BV
33839934,10.1007/s00595-021-02285-7,2021,post,Surgery today,Journal Article,Importance of the preoperative prognostic nutritional index score as a predictor of chronic lung allograft dysfunction after lung transplantation: a Japanese single-institution study.,Shintani Y,Japan,1,False,,shintani y|japan,Springer,closed,,Springer Science and Business Media LLC
33827576,10.1186/s12931-021-01699-8,2021,post,Respiratory research,Journal Article,Lung transplantation for late-onset non-infectious chronic pulmonary complications of allogenic hematopoietic stem cell transplant.,Juvet SC,Canada,1,True,registry,juvet sc|canada,OA,gold,https://respiratory-research.biomedcentral.com/track/pdf/10.1186/s12931-021-01699-8,Springer Science and Business Media LLC
33814284,10.1016/j.healun.2021.02.008,2021,post,The Journal of heart and lung transplantation : the official publication of the International Society for Heart Transplantation,"Comparative Study; Journal Article; Observational Study; Research Support, N.I.H., Extramural; Research Support, N.I.H., Intramural",Use of donor-derived-cell-free DNA as a marker of early allograft injury in primary graft dysfunction (PGD) to predict the risk of chronic lung allograft dysfunction (CLAD).,Agbor-Enoh S,,0,False,,agbor-enoh s|,OA,green,https://www.ncbi.nlm.nih.gov/pmc/articles/8169618,Elsevier BV
33807615,10.3390/jcm10051078,2021,post,Journal of clinical medicine,Journal Article,Lung Ultrasound to Phenotype Chronic Lung Allograft Dysfunction in Lung Transplant Recipients. A Prospective Observational Study.,Schultz HHL,Denmark,1,False,,schultz hhl|denmark,OA,gold,https://www.mdpi.com/2077-0383/10/5/1078/pdf?version=1614937565,MDPI AG
33804639,10.3390/cells10030688,2021,post,Cells,"Journal Article; Research Support, Non-U.S. Gov't",miRNAs Potentially Involved in Post Lung Transplant-Obliterative Bronchiolitis: The Role of miR-21-5p.,Morbini P,Italy,2,True,,morbini p|italy,OA,gold,https://www.mdpi.com/2073-4409/10/3/688/pdf?version=1616546032,MDPI AG
33781665,10.1016/j.healun.2021.02.014,2021,post,The Journal of heart and lung transplantation : the official publication of the International Society for Heart Transplantation,"Comparative Study; Journal Article; Research Support, Non-U.S. Gov't; Research Support, U.S. Gov't, Non-P.H.S.",N-myc-interactor mediates microbiome induced epithelial to mesenchymal transition and is associated with chronic lung allograft dysfunction.,Sharma NS,,0,False,,sharma ns|,Elsevier,closed,,Elsevier BV
33762606,10.1038/s41598-021-85949-1,2021,post,Scientific reports,"Journal Article; Research Support, Non-U.S. Gov't",Potential novel biomarkers for chronic lung allograft dysfunction and azithromycin responsive allograft dysfunction.,Moser B,Austria,1,False,,moser b|austria,OA,gold,https://www.nature.com/articles/s41598-021-85949-1.pdf,Springer Science and Business Media LLC
33748410,10.1097/txd.0000000000001134,2021,post,Transplantation direct,Journal Article,Outcomes Following ATG Therapy for Chronic Lung Allograft Dysfunction.,Westall G,Australia,1,True,,westall g|australia,OA,gold,https://doi.org/10.1097/txd.0000000000001134,Ovid Technologies (Wolters Kluwer Health)
33719597,10.1177/0003134821998678,2022,post,The American surgeon,Journal Article,Treatment of Gastroesophageal Reflux Disease After Lung Transplant Using Radiofrequency Ablation to the Lower Esophageal Sphincter (Stretta Procedure).,Scheeres DE,United States,1,True,registry,scheeres de|united states,Other-paywall,closed,,SAGE Publications
33717427,10.1177/2040622321993441,2021,post,Therapeutic advances in chronic disease,Journal Article,Twelve-month effects of everolimus on renal and lung function in lung transplantation: differences in chronic lung allograft dysfunction phenotypes.,Solidoro P,Italy,1,True,registry,solidoro p|italy,OA,gold,https://journals.sagepub.com/doi/pdf/10.1177/2040622321993441,SAGE Publications
33656222,10.1111/imj.15256,2022,post,Internal medicine journal,Journal Article,Outcomes of non-cystic fibrosis-related bronchiectasis post-lung transplantation.,Whitford H,Australia,1,False,,whitford h|australia,Wiley,closed,,Wiley
33648871,10.1016/j.healun.2021.01.007,2021,post,The Journal of heart and lung transplantation : the official publication of the International Society for Heart Transplantation,Journal Article,Spectrum of findings on ventilation‒perfusion lung scintigraphy after lung transplantation and association with outcomes.,Banga A,,0,False,,banga a|,Elsevier,closed,,Elsevier BV
33640121,10.1016/j.jtcvs.2021.01.066,2022,post,The Journal of thoracic and cardiovascular surgery,"Journal Article; Research Support, Non-U.S. Gov't",Subnormothermic ex vivo lung perfusion attenuates graft inflammation in a rat transplant model.,,,0,False,,,Elsevier,closed,,Elsevier BV
33605204,10.6002/ect.2020.0282,2021,post,Experimental and clinical transplantation : official journal of the Middle East Society for Organ Transplantation,Journal Article,Lung Transplantation for Cystic Fibrosis in Turkey: First Report.,Tasci E,Turkey,1,False,,tasci e|turkey,Other-paywall,closed,,Baskent University
33569504,10.1183/23120541.00381-2020,2021,post,ERJ open research,Journal Article,Near-normal aerobic capacity in long-term survivors after lung transplantation.,Ojanguren I,Spain,1,True,,ojanguren i|spain,OA,gold,https://openres.ersjournals.com/content/erjor/7/1/00381-2020.full.pdf,European Respiratory Society (ERS)
33560725,10.1097/tp.0000000000003606,2021,post,Transplantation,"Journal Article; Multicenter Study; Research Support, Non-U.S. Gov't",Overexpression of the MSK1 Kinase in Patients With Chronic Lung Allograft Dysfunction and Its Confirmed Role in a Murine Model.,,France,2,True,,,WoltersKluwer,closed,,Ovid Technologies (Wolters Kluwer Health)
33550369,10.1093/icvts/ivab021,2021,post,Interactive cardiovascular and thoracic surgery,"Journal Article; Research Support, N.I.H., Extramural; Research Support, Non-U.S. Gov't",Microvasculature in murine tracheal allografts after combined therapy with clopidogrel and everolimus.,Ensminger SM,Germany,2,True,,ensminger sm|germany,OA,bronze,https://academic.oup.com/icvts/article-pdf/32/6/960/41163599/ivab021.pdf,Oxford University Press (OUP)
33532456,10.1183/23120541.00462-2020,2021,post,ERJ open research,Journal Article,"Donor-derived, cell-free DNA levels by next-generation targeted sequencing are elevated in allograft rejection after lung transplantation.",Nicolls MR,United States,1,False,,nicolls mr|united states,OA,gold,https://openres.ersjournals.com/content/erjor/7/1/00462-2020.full.pdf,European Respiratory Society (ERS)
33515927,10.1016/j.clinimag.2021.01.011,2021,post,Clinical imaging,Journal Article,Lung hyperinflation quantitated by chest CT in children with bronchiolitis obliterans syndrome following allogeneic hematopoietic cell transplantation.,Kaditis AG,United States,1,False,,kaditis ag|united states,Elsevier,closed,,Elsevier BV
33506764,10.1016/j.athoracsur.2020.08.040,2021,post,The Annals of thoracic surgery,Journal Article,Clinical Outcomes of Lung Transplants From Donors With Unexpected Pulmonary Embolism.,Puri V,,0,False,,puri v|,OA,green,https://www.ncbi.nlm.nih.gov/pmc/articles/8060353,Elsevier BV
33496558,10.1097/tp.0000000000003645,2021,post,Transplantation,"Journal Article; Research Support, N.I.H., Extramural; Research Support, Non-U.S. Gov't",Human Metapneumovirus and Parainfluenza Virus Infections in Lung Transplant Recipients: The Effects on Lung Allograft and Clinical Outcomes.,Shah PD,,0,False,,shah pd|,WoltersKluwer,closed,,Ovid Technologies (Wolters Kluwer Health)
33479107,10.1183/13993003.03358-2020,2021,post,The European respiratory journal,Journal Article,Lung transplantation for sarcoidosis: outcome and prognostic factors.,Gottlieb J,Germany,8,True,registry,gottlieb j|germany,OA,bronze,https://erj.ersjournals.com/content/erj/58/2/2003358.full.pdf,European Respiratory Society (ERS)
33473053,10.5761/atcs.oa.20-00237,2021,post,Annals of thoracic and cardiovascular surgery : official journal of the Association of Thoracic and Cardiovascular Surgeons of Asia,Journal Article,Long-Term Outcomes of Cadaveric Lobar Lung Transplantation: An Important Surgical Option.,Weder W,Switzerland,1,False,,weder w|switzerland,OA,gold,https://www.jstage.jst.go.jp/article/atcs/27/4/27_oa.20-00237/_pdf,Editorial Committee of Annals of Thoracic and Cardiovascular Surgery
33460570,10.1016/s2213-2600(20)30405-7,2021,post,The Lancet. Respiratory medicine,"Journal Article; Research Support, N.I.H., Extramural; Research Support, Non-U.S. Gov't",Lung microbiota predict chronic rejection in healthy lung transplant recipients: a prospective cohort study.,Dickson RP,United States,1,True,registry,dickson rp|united states,OA,green,https://www.ncbi.nlm.nih.gov/pmc/articles/8892628,Elsevier BV
33448479,10.1111/tri.13720,2020,post,Transplant international : official journal of the European Society for Organ Transplantation,"Journal Article; Research Support, N.I.H., Extramural; Research Support, Non-U.S. Gov't",Distinct molecular and immunological properties of circulating exosomes isolated from pediatric lung transplant recipients with bronchiolitis obliterans syndrome - a retrospective study.,Mohanakumar T,United States,1,False,,mohanakumar t|united states,OA,green,https://www.ncbi.nlm.nih.gov/pmc/articles/8443129,Frontiers Media SA
33439337,10.1007/s00408-020-00417-3,2021,post,Lung,Journal Article,Utilization of Quantitative Computed Tomography Assessment to Identify Bronchiolitis Obliterans Syndrome After Single Lung Transplantation.,Hochhegger B,Brazil,3,True,,hochhegger b|brazil,OA,green,https://hdl.handle.net/10923/17671,Springer Science and Business Media LLC
33397442,10.1186/s13063-020-04843-9,2021,post,Trials,Journal Article; Randomized Controlled Trial,Combined low-dose everolimus and low-dose tacrolimus after Alemtuzumab induction therapy: a randomized prospective trial in lung transplantation.,Jaksch P,Austria,1,True,rct,jaksch p|austria,OA,gold,https://trialsjournal.biomedcentral.com/track/pdf/10.1186/s13063-020-04843-9,Springer Science and Business Media LLC
33351064,10.1093/icvts/ivaa311,2021,post,Interactive cardiovascular and thoracic surgery,Journal Article,Postoperative outcomes of lung transplant recipients with preformed donor-specific antibodies.,Date H,Japan,1,False,,date h|japan,OA,bronze,https://academic.oup.com/icvts/article-pdf/32/4/616/42780697/ivaa311.pdf,Oxford University Press (OUP)
33339555,10.1016/j.healun.2020.10.005,2021,post,The Journal of heart and lung transplantation : the official publication of the International Society for Heart Transplantation,"Journal Article; Research Support, Non-U.S. Gov't",The autotaxin-lysophosphatidic acid pathway mediates mesenchymal cell recruitment and fibrotic contraction in lung transplant fibrosis.,Chambers DC,Australia,2,True,registry,chambers dc|australia,Elsevier,closed,,Elsevier BV
33317956,10.1016/j.healun.2019.12.005,2021,post,The Journal of heart and lung transplantation : the official publication of the International Society for Heart Transplantation,"Journal Article; Research Support, Non-U.S. Gov't",Bronchiolitis obliterans syndrome is associated with increased senescent lymphocytes in the small airways.,Holmes M,Australia,1,True,registry,holmes m|australia,Elsevier,closed,,Elsevier BV
33315265,10.1111/ctr.14188,2021,post,Clinical transplantation,"Journal Article; Research Support, Non-U.S. Gov't",Relation of sputum neutrophilia to the development of chronic lung allograft dysfunction after lung transplantation.,Holm AM,Norway,2,True,,holm am|norway,Wiley,closed,,Wiley
33303550,10.1183/13993003.01416-2020,2021,post,The European respiratory journal,"Journal Article; Research Support, Non-U.S. Gov't","Cathepsin B promotes collagen biosynthesis, which drives bronchiolitis obliterans syndrome.",Yildirim AÖ,Germany,2,True,registry,yildirim aö|germany,OA,bronze,https://erj.ersjournals.com/content/erj/57/5/2001416.full.pdf,European Respiratory Society (ERS)
33268593,10.1172/jci.insight.136533,2020,post,JCI insight,"Journal Article; Research Support, N.I.H., Extramural; Research Support, Non-U.S. Gov't",Humoral immune responses mediate the development of a restrictive phenotype of chronic lung allograft dysfunction.,Lama VN,United States,1,False,,lama vn|united states,OA,gold,http://insight.jci.org/articles/view/136533/files/pdf,American Society for Clinical Investigation
33249747,10.1111/ajt.16417,2021,post,American journal of transplantation : official journal of the American Society of Transplantation and the American Society of Transplant Surgeons,"Journal Article; Research Support, N.I.H., Extramural; Research Support, Non-U.S. Gov't",Interleukin 6 trans-signaling is a critical driver of lung allograft fibrosis.,Lama VN,United States,1,False,,lama vn|united states,OA,green,https://hdl.handle.net/2027.42/168372,Elsevier BV
33244143,10.1038/s41598-020-77828-y,2020,post,Scientific reports,"Journal Article; Research Support, Non-U.S. Gov't",Loading Imatinib inside targeted nanoparticles to prevent Bronchiolitis Obliterans Syndrome.,Meloni F,Italy,2,True,,meloni f|italy,OA,gold,https://www.nature.com/articles/s41598-020-77828-y.pdf,Springer Science and Business Media LLC
33233857,10.3390/cells9112516,2020,post,Cells,"Journal Article; Research Support, Non-U.S. Gov't",Peripheral Blood Eosinophilia Is Associated with Poor Outcome Post-Lung Transplantation.,Group The Leuven Lung Transplant,Belgium,1,False,,group the leuven lung transplant|belgium,OA,gold,https://www.mdpi.com/2073-4409/9/11/2516/pdf,MDPI AG
33217540,10.1016/j.trim.2020.101352,2021,post,Transplant immunology,"Journal Article; Research Support, Non-U.S. Gov't",Free Airway C4d after Lung Transplantation - A Quantitative Analysis of Bronchoalveolar Lavage Fluid.,Vanaudenaerde B,Belgium,2,True,registry,vanaudenaerde b|belgium,OA,bronze,https://www.sciencedirect.com/science/article/pii/S0966327420301192,Elsevier BV
33209382,10.21037/jtd-20-2043,2020,post,Journal of thoracic disease,Journal Article,A new lung donor score to predict short and long-term survival in lung transplantation.,Inci I,Switzerland,1,True,registry,inci i|switzerland,OA,gold,https://jtd.amegroups.com/article/viewFile/45075/pdf,AME Publishing Company
33187933,10.1016/j.jcf.2020.09.013,2021,post,Journal of cystic fibrosis : official journal of the European Cystic Fibrosis Society,"Journal Article; Research Support, Non-U.S. Gov't",Airway epithelial stem cell chimerism in cystic fibrosis lung transplant recipients.,Reynolds SD,United States,1,True,,reynolds sd|united states,OA,hybrid,http://www.cysticfibrosisjournal.com/article/S156919932030881X/pdf,Elsevier BV
33171173,10.1016/j.athoracsur.2020.10.018,2021,post,The Annals of thoracic surgery,Journal Article,Outcome of Lung Transplantation Using Grafts From Donors Over 65 Years of Age.,,France,1,False,,,Elsevier,closed,,Elsevier BV
33146445,10.1111/ctr.14140,2021,post,Clinical transplantation,Journal Article,Characteristics and outcomes among patients with community-acquired respiratory virus infections during the first year after lung transplantation.,Banga A,United States,1,False,,banga a|united states,Wiley,closed,,Wiley
33129576,10.1016/j.humimm.2020.10.006,2021,post,Human immunology,Journal Article,Self-reactive antibodies associated with bronchiolitis obliterans syndrome subtype of chronic lung allograft dysfunction.,Li QZ,United States,1,False,,li qz|united states,Elsevier,closed,,Elsevier BV
33093763,10.36141/svdld.v37i1.8775,2020,post,"Sarcoidosis, vasculitis, and diffuse lung diseases : official journal of WASOG",Comparative Study; Journal Article,Serum Amyloid A in lung transplantation.,Rottoli P,Italy,1,False,,rottoli p|italy,unresolved,,,
33078555,10.1111/ajt.16360,2021,post,American journal of transplantation : official journal of the American Society of Transplantation and the American Society of Transplant Surgeons,"Journal Article; Research Support, N.I.H., Extramural; Research Support, Non-U.S. Gov't",Type-1 immunity and endogenous immune regulators predominate in the airway transcriptome during chronic lung allograft dysfunction.,McDyer JF,,0,False,,mcdyer jf|,OA,hybrid,http://www.amjtransplant.org/article/S1600613522085902/pdf,Elsevier BV
33071182,10.1016/j.healun.2020.09.016,2020,post,The Journal of heart and lung transplantation : the official publication of the International Society for Heart Transplantation,Journal Article; Multicenter Study,The impact of HLA-DR mismatch status on retransplant-free survival and bronchiolitis obliterans syndrome‒free survival among sensitized lung transplant recipients.,Golberg HJ,,0,True,registry,golberg hj|,Elsevier,closed,,Elsevier BV
33065051,10.1016/j.athoracsur.2020.07.060,2021,post,The Annals of thoracic surgery,"Journal Article; Research Support, N.I.H., Extramural",Impact of Nighttime Lung Transplantation on Outcomes and Costs.,Puri V,,0,True,,puri v|,OA,bronze,http://www.annalsthoracicsurgery.org/article/S0003497520316556/pdf,Elsevier BV
33062840,10.1097/txd.0000000000001062,2020,post,Transplantation direct,Journal Article,Donor HLA-DR Drives the Development of De Novo Autoimmunity Following Lung and Heart Transplantation.,Burlingham WJ,,0,False,,burlingham wj|,OA,gold,https://doi.org/10.1097/txd.0000000000001062,Ovid Technologies (Wolters Kluwer Health)
33057713,10.1093/icvts/ivaa165,2020,post,Interactive cardiovascular and thoracic surgery,Journal Article; Multicenter Study,Rare indications for a lung transplant. A European Society of Thoracic Surgeons survey.,Inci I,Switzerland,7,True,,inci i|switzerland,OA,green,https://academic.oup.com/icvts/article/31/5/638/5923813,Oxford University Press (OUP)
33041181,10.1016/j.healun.2020.09.006,2020,post,The Journal of heart and lung transplantation : the official publication of the International Society for Heart Transplantation,"Journal Article; Research Support, Non-U.S. Gov't",Azithromycin prophylaxis after lung transplantation is associated with improved overall survival.,Halloran K,Canada,1,False,,halloran k|canada,Elsevier,closed,,Elsevier BV
33039145,10.1016/j.transproceed.2020.09.003,2021,post,Transplantation proceedings,Journal Article,Outcomes Following Extracorporeal Photopheresis for Chronic Lung Allograft Dysfunction Following Lung Transplantation: A Single-Center Experience.,Harrison SJ,Australia,1,False,,harrison sj|australia,Elsevier,closed,,Elsevier BV
33033147,10.1183/13993003.00344-2020,2021,post,The European respiratory journal,"Journal Article; Research Support, Non-U.S. Gov't",The mononuclear phagocyte system contributes to fibrosis in post-transplant obliterans bronchiolitis.,Goriely S,Belgium,2,True,,goriely s|belgium,OA,bronze,https://erj.ersjournals.com/content/erj/57/3/2000344.full.pdf,European Respiratory Society (ERS)
33025592,10.1111/tri.13760,2021,post,Transplant international : official journal of the European Society for Organ Transplantation,Journal Article,Eosinophils in transbronchial biopsies: a predictor of chronic lung allograft dysfunction and reduced survival after lung transplantation - a retrospective single-center cohort study.,Martinu T,Canada,2,True,,martinu t|canada,OA,bronze,https://onlinelibrary.wiley.com/doi/pdfdirect/10.1111/tri.13760?download=true,Frontiers Media SA
33008353,10.1186/s12890-020-01299-0,2020,post,BMC pulmonary medicine,Journal Article,The fraction of sensitization among lung transplant recipients in a transplant center in Japan.,Okada Y,Japan,2,True,,okada y|japan,OA,gold,https://bmcpulmmed.biomedcentral.com/track/pdf/10.1186/s12890-020-01299-0,Springer Science and Business Media LLC
32981841,10.1016/j.healun.2020.09.003,2020,post,The Journal of heart and lung transplantation : the official publication of the International Society for Heart Transplantation,Journal Article; Observational Study,"Donor-specific antibody characteristics, including persistence and complement-binding capacity, increase risk for chronic lung allograft dysfunction.",Zeevi A,,0,False,,zeevi a|,Elsevier,closed,,Elsevier BV
32949050,10.1111/ctr.14088,2020,post,Clinical transplantation,Journal Article,Plasma mycophenolic acid concentration and the clinical outcome after lung transplantation.,Okada Y,Japan,1,False,,okada y|japan,Wiley,closed,,Wiley
32941392,10.1097/tp.0000000000003456,2021,post,Transplantation,Journal Article,"Diagnostic Yield of 18F-FDG PET After Lung Transplantation: A Single-center, Retrospective Cohort Study.",Vos R,Belgium,1,False,,vos r|belgium,OA,green,https://lirias.kuleuven.be/handle/123456789/660811,Ovid Technologies (Wolters Kluwer Health)
32917480,10.1016/j.healun.2020.08.008,2020,post,The Journal of heart and lung transplantation : the official publication of the International Society for Heart Transplantation,Journal Article,Longitudinal lung function measurements in single lung transplant recipients with chronic lung allograft dysfunction.,Kneidinger N,Germany,1,False,,kneidinger n|germany,Elsevier,closed,,Elsevier BV
32913585,,2020,post,International journal of organ transplantation medicine,Journal Article,The Effect of Monthly Anti-CD25+ Treatment with Basiliximab on the Progression of Chronic Renal Dysfunction after Lung Transplantation.,Ardehali A,United States,1,True,registry,ardehali a|united states,no-doi,,,
32898329,10.1002/ctm2.140,2020,post,Clinical and translational medicine,Journal Article,Mir-27a-3p attenuates bronchiolitis obliterans in vivo via the regulation of dendritic cells' maturation and the suppression of myofibroblasts' differentiation.,Chen J,China,1,False,,chen j|china,OA,gold,https://doi.org/10.1002/ctm2.140,Wiley
32890135,10.1097/tp.0000000000003428,2021,post,Transplantation,"Journal Article; Research Support, N.I.H., Extramural","Decline in Club Cell Secretory Proteins, Exosomes Induction and Immune Responses to Lung Self-antigens, Kα1 Tubulin and Collagen V, Leading to Chronic Rejection After Human Lung Transplantation.",Mohanakumar T,,0,False,,mohanakumar t|,OA,green,https://www.ncbi.nlm.nih.gov/pmc/articles/7917153,Ovid Technologies (Wolters Kluwer Health)
32885581,10.1111/ajt.16293,2021,post,American journal of transplantation : official journal of the American Society of Transplantation and the American Society of Transplant Surgeons,"Journal Article; Multicenter Study; Research Support, N.I.H., Extramural; Research Support, Non-U.S. Gov't; Research Support, U.S. Gov't, Non-P.H.S.",Chronic lung allograft dysfunction small airways reveal a lymphocytic inflammation gene signature.,Greenland JR,United States,1,True,,greenland jr|united states,OA,bronze,https://onlinelibrary.wiley.com/doi/pdfdirect/10.1111/ajt.16293,Elsevier BV
32853567,10.1016/j.athoracsur.2020.06.052,2021,post,The Annals of thoracic surgery,Journal Article,Natural History of Pleural Complications After Lung Transplantation.,Ahmad U,,0,False,,ahmad u|,OA,bronze,http://www.annalsthoracicsurgery.org/article/S0003497520313473/pdf,Elsevier BV
32827713,10.1016/j.cmi.2020.07.050,2021,post,Clinical microbiology and infection : the official publication of the European Society of Clinical Microbiology and Infectious Diseases,Journal Article; Multicenter Study,"Incidence, management and outcome of respiratory syncytial virus infection in adult lung transplant recipients: a 9-year retrospective multicentre study.",Ader F,France,1,True,,ader f|france,OA,bronze,http://www.clinicalmicrobiologyandinfection.com/article/S1198743X20304997/pdf,Elsevier BV
32771440,10.1016/j.healun.2020.07.014,2020,post,The Journal of heart and lung transplantation : the official publication of the International Society for Heart Transplantation,"Journal Article; Research Support, N.I.H., Extramural",Identifying host microRNAs in bronchoalveolar lavage samples from lung transplant recipients infected with Aspergillus.,Husain S,United States,2,True,,husain s|united states,OA,green,https://www.ncbi.nlm.nih.gov/pmc/articles/9453783,Elsevier BV
32754722,10.1016/j.xcrm.2020.100055,2020,post,Cell reports. Medicine,"Journal Article; Research Support, N.I.H., Extramural; Research Support, Non-U.S. Gov't",Cystic Fibrosis Lung Transplant Recipients Have Suppressed Airway Interferon Responses during Pseudomonas Infection.,Greenland JR,United States,1,False,,greenland jr|united states,OA,gold,http://www.cell.com/article/S2666379120300719/pdf,Elsevier BV
32732852,10.1097/tp.0000000000003050,2020,post,Transplantation,Journal Article,Pretransplant Opioid Use and Survival After Lung Transplantation.,Halloran K,Canada,1,False,,halloran k|canada,WoltersKluwer,closed,,Ovid Technologies (Wolters Kluwer Health)
32725047,10.36416/1806-3756/e20200032,2020,post,Jornal brasileiro de pneumologia : publicacao oficial da Sociedade Brasileira de Pneumologia e Tisilogia,Journal Article,Lung transplant in patients with familial pulmonary fibrosis.,Sestini P,Italy,1,False,,sestini p|italy,OA,gold,http://www.jornaldepneumologia.com.br/export-pdf/3423/2020_46_6_3423_portugues.pdf,Sociedade Brasileira de Pneumologia e Tisiologia
32713614,10.1016/j.healun.2020.07.001,2020,post,The Journal of heart and lung transplantation : the official publication of the International Society for Heart Transplantation,"Journal Article; Multicenter Study; Research Support, N.I.H., Extramural; Research Support, Non-U.S. Gov't",Circulating exosomes with lung self-antigens as a biomarker for chronic lung allograft dysfunction: A retrospective analysis.,Mohanakumar T,,0,False,,mohanakumar t|,OA,green,https://www.ncbi.nlm.nih.gov/pmc/articles/7790863,Elsevier BV
32711032,10.1016/j.trim.2020.101321,2020,post,Transplant immunology,Journal Article,Mathematical modeling of peripheral blood neutrophil kinetics to predict CLAD after lung transplantation.,Serre R,France,1,False,,serre r|france,Elsevier,closed,,Elsevier BV
32707293,10.1016/j.cellimm.2020.104172,2020,post,Cellular immunology,"Journal Article; Research Support, N.I.H., Extramural",The role of miRNA-155 in the immunopathogenesis of obliterative airway disease in mice induced by circulating exosomes from human lung transplant recipients with chronic lung allograft dysfunction.,Mohanakumar T,United States,1,False,,mohanakumar t|united states,OA,green,https://www.ncbi.nlm.nih.gov/pmc/articles/7433931,Elsevier BV
32667678,10.4414/smw.2020.20286,2020,post,Swiss medical weekly,Journal Article,Predictors of long-term employment among patients with cystic fibrosis undergoing lung transplantation.,Benden C,Switzerland,1,False,,benden c|switzerland,OA,gold,https://smw.ch/rsrc/jf?tx_swajournal_file%5Baction%5D=index&tx_swajournal_file%5Bcontroller%5D=File&tx_swajournal_file%5Bidentifier%5D=smw.2020.20286&tx_swajournal_file%5Bjournal%5D=ezm_smw&tx_swajournal_file%5Blanguage%5D=en&tx_swajournal_file%5Bmode%5D=view&tx_swajournal_file%5Bresource%5D=http%3A%2F%2Fprodclient.emh02.snowflakehosting.ch%2Fapi%2Ffile&tx_swajournal_file%5Btype%5D=article,SMW Supporting Association
32608204,10.3349/ymj.2020.61.7.606,2020,post,Yonsei medical journal,Journal Article,Panel-Reactive and Donor-Specific Antibodies before Lung Transplantation can Affect Outcomes in Korean Patients Receiving Lung Transplantation.,,South Korea,2,True,,,OA,gold,http://eymj.org/Synapse/Data/PDFData/0069YMJ/ymj-61-606.pdf,XMLink
32601414,10.1038/s41598-020-67433-4,2020,post,Scientific reports,"Journal Article; Research Support, Non-U.S. Gov't",Lung perfusion scintigraphy to detect chronic lung allograft dysfunction after living-donor lobar lung transplantation.,Toyooka S,Japan,1,False,,toyooka s|japan,OA,gold,https://www.nature.com/articles/s41598-020-67433-4.pdf,Springer Science and Business Media LLC
32596573,10.1021/acsomega.0c00859,2020,post,ACS omega,Journal Article,Global Proteomics Analysis of Circulating Extracellular Vesicles Isolated from Lung Transplant Recipients.,Mohanakumar T,United States,1,True,,mohanakumar t|united states,OA,gold,https://pubs.acs.org/doi/pdf/10.1021/acsomega.0c00859,American Chemical Society (ACS)
32595425,10.1159/000508170,2020,post,Transfusion medicine and hemotherapy : offizielles Organ der Deutschen Gesellschaft fur Transfusionsmedizin und Immunhamatologie,Journal Article,Outcome of Extracorporeal Photopheresis as an Add-On Therapy for Antibody-Mediated Rejection in Lung Transplant Recipients.,Jaksch P,Austria,1,True,,jaksch p|austria,OA,bronze,https://www.karger.com/Article/Pdf/508170,S. Karger AG
32593560,10.1016/j.healun.2020.05.019,2020,post,The Journal of heart and lung transplantation : the official publication of the International Society for Heart Transplantation,Journal Article,Influence of the donor history of tobacco and marijuana smoking on early and intermediate lung transplant outcomes.,Snell GI,Australia,1,False,,snell gi|australia,Elsevier,closed,,Elsevier BV
32577419,10.1183/23120541.00003-2020,2020,post,ERJ open research,Journal Article,Shorter telomere length following lung transplantation is associated with clinically significant leukopenia and decreased chronic lung allograft dysfunction-free survival.,El-Chemaly S,United States,1,False,,el-chemaly s|united states,OA,gold,https://openres.ersjournals.com/content/erjor/6/2/00003-2020.full.pdf,European Respiratory Society (ERS)
32551854,10.1165/rcmb.2019-0374oc,2020,post,American journal of respiratory cell and molecular biology,"Journal Article; Research Support, N.I.H., Extramural; Research Support, U.S. Gov't, Non-P.H.S.",Airway Epithelial Telomere Dysfunction Drives Remodeling Similar to Chronic Lung Allograft Dysfunction.,Wolters PJ,,0,False,,wolters pj|,OA,green,https://www.ncbi.nlm.nih.gov/pmc/articles/7528921,Oxford University Press (OUP)
32541091,10.18632/aging.103330,2020,post,Aging,"Journal Article; Research Support, Non-U.S. Gov't",PLK1 Inhibition alleviates transplant-associated obliterative bronchiolitis by suppressing myofibroblast differentiation.,Wu J,China,1,False,,wu j|china,OA,green,https://www.ncbi.nlm.nih.gov/pmc/articles/7343459,"Impact Journals, LLC"
32519458,10.1111/ajt.16130,2021,post,American journal of transplantation : official journal of the American Society of Transplantation and the American Society of Transplant Surgeons,"Journal Article; Observational Study; Research Support, Non-U.S. Gov't",Sleep-disordered breathing after lung transplantation: An observational cohort study.,Buyse B,Belgium,1,False,,buyse b|belgium,OA,bronze,https://onlinelibrary.wiley.com/doi/pdfdirect/10.1111/ajt.16130,Elsevier BV
32487471,10.1016/j.healun.2020.05.006,2020,post,The Journal of heart and lung transplantation : the official publication of the International Society for Heart Transplantation,"Journal Article; Research Support, N.I.H., Extramural",Bronchoalveolar bile acid and inflammatory markers to identify high-risk lung transplant recipients with reflux and microaspiration.,,Canada,1,True,registry,,OA,green,https://www.ncbi.nlm.nih.gov/pmc/articles/7483994,Elsevier BV
32473604,10.1111/tid.13346,2020,post,Transplant infectious disease : an official journal of the Transplantation Society,Journal Article,Acute respiratory failure among lung transplant adults requiring intensive care: Changing spectrum of causative organisms and impact of procalcitonin test in the diagnostic workup.,Rello J,Spain,3,True,,rello j|spain,Wiley,closed,,Wiley
32471935,10.1183/13993003.01720-2020,2020,post,The European respiratory journal,"Journal Article; Research Support, Non-U.S. Gov't",Successful Pseudomonas aeruginosa eradication improves outcomes after lung transplantation: a retrospective cohort analysis.,,Belgium,1,False,,,OA,bronze,https://erj.ersjournals.com/content/erj/56/4/2001720.full.pdf,European Respiratory Society (ERS)
32451618,10.1007/s00402-020-03485-5,2021,post,Archives of orthopaedic and trauma surgery,Journal Article,Safety of shoulder arthroplasty in lung transplant recipients.,Boyer P,France,1,True,registry,boyer p|france,Springer,closed,,Springer Science and Business Media LLC
32449200,10.1111/ajt.16073,2020,post,American journal of transplantation : official journal of the American Society of Transplantation and the American Society of Transplant Surgeons,Journal Article,"Evaluation of 10 years of parainfluenza virus, human metapneumovirus, and respiratory syncytial virus infections in lung transplant recipients.",Verschuuren EAM,Netherlands,2,True,,verschuuren eam|netherlands,OA,hybrid,https://onlinelibrary.wiley.com/doi/pdfdirect/10.1111/ajt.16073,Elsevier BV
32444157,10.1016/j.healun.2020.04.020,2020,post,The Journal of heart and lung transplantation : the official publication of the International Society for Heart Transplantation,"Journal Article; Research Support, Non-U.S. Gov't",Long-term outcomes after intraoperative extracorporeal membrane oxygenation during lung transplantation.,Tudorache I,Germany,1,False,,tudorache i|germany,OA,bronze,http://www.jhltonline.org/article/S1053249820315345/pdf,Elsevier BV
32430205,10.1016/j.medcli.2020.02.008,2021,post,Medicina clinica,Journal Article,Lung retransplant. Experience of a referral centre.,Sales Badía G,Spain,1,False,,sales badía g|spain,Elsevier,closed,,Elsevier BV
32418864,10.1016/j.healun.2020.04.012,2020,post,The Journal of heart and lung transplantation : the official publication of the International Society for Heart Transplantation,"Journal Article; Research Support, Non-U.S. Gov't",Risk assessment of chronic lung allograft dysfunction phenotypes: Validation and proposed refinement of the 2019 International Society for Heart and Lung Transplantation classification system.,Martinu T,Canada,1,True,,martinu t|canada,Elsevier,closed,,Elsevier BV
32381491,10.1183/13993003.02292-2019,2020,post,The European respiratory journal,"Journal Article; Research Support, Non-U.S. Gov't","Late-onset ""acute fibrinous and organising pneumonia"" impairs long-term lung allograft function and survival.",,Belgium,1,False,,,OA,bronze,https://erj.ersjournals.com/content/erj/56/3/1902292.full.pdf,European Respiratory Society (ERS)
32369682,10.1002/ppul.24801,2020,post,Pediatric pulmonology,Journal Article,Long-term pulmonary function testing in pediatric bronchiolitis obliterans syndrome after hematopoietic stem cell transplantation.,Jerkic SP,Germany,1,False,,jerkic sp|germany,OA,hybrid,https://onlinelibrary.wiley.com/doi/pdfdirect/10.1002/ppul.24801,Wiley
32360292,10.1016/j.healun.2020.04.011,2020,post,The Journal of heart and lung transplantation : the official publication of the International Society for Heart Transplantation,"Journal Article; Research Support, N.I.H., Extramural; Research Support, Non-U.S. Gov't",Fibroproliferation in chronic lung allograft dysfunction: Association of mesenchymal cells in bronchoalveolar lavage with phenotypes and survival.,Lama VN,,0,False,,lama vn|,OA,green,https://www.ncbi.nlm.nih.gov/pmc/articles/7727921,Elsevier BV
32352712,10.14309/ctg.0000000000000137,2020,post,Clinical and translational gastroenterology,Journal Article,Esophageal Motility Disorders Associated With Death or Allograft Dysfunction After Lung Transplantation? Results of a Retrospective Monocentric Study.,Roman S,France,1,False,,roman s|france,OA,gold,https://doi.org/10.14309/ctg.0000000000000137,Ovid Technologies (Wolters Kluwer Health)
32342596,10.1111/ajt.15957,2020,post,American journal of transplantation : official journal of the American Society of Transplantation and the American Society of Transplant Surgeons,"Journal Article; Research Support, N.I.H., Extramural",Highlights from the clinical trials in organ transplantation (CTOT)-20 and CTOT-22 Consortium studies in lung transplant.,Palmer SM,Canada,1,True,,palmer sm|canada,OA,bronze,https://onlinelibrary.wiley.com/doi/pdfdirect/10.1111/ajt.15957,Elsevier BV
32279657,10.6002/ect.2019.0240,2020,post,Experimental and clinical transplantation : official journal of the Middle East Society for Organ Transplantation,Journal Article,Lung Transplant Patients Show a Dissimilar Peripheral B-Cell Subset Ratio Compared With Healthy Controls.,Grutters JC,Netherlands,1,False,,grutters jc|netherlands,OA,green,https://dspace.library.uu.nl/handle/1874/441990,Baskent University
32250877,10.1016/j.rmed.2020.105944,2020,post,Respiratory medicine,Journal Article,VEGF synthesis and VEGF receptor 2 expression in patients with bronchiolitis obliterans syndrome after lung transplantation.,Westergren-Thorsson G,Sweden,1,False,,westergren-thorsson g|sweden,OA,bronze,http://www.resmedjournal.com/article/S0954611120300846/pdf,Elsevier BV
32244997,10.3390/ijms21062144,2020,post,International journal of molecular sciences,Journal Article,Modulation of NLRP3 Inflammasome through Formyl Peptide Receptor 1 (Fpr-1) Pathway as a New Therapeutic Target in Bronchiolitis Obliterans Syndrome.,Impellizzeri D,Italy,2,True,,impellizzeri d|italy,OA,gold,https://www.mdpi.com/1422-0067/21/6/2144/pdf?version=1585034162,MDPI AG
32224013,10.1016/j.transproceed.2020.02.052,2020,post,Transplantation proceedings,Journal Article,Transbronchial Cryobiopsies in Lung Allograft Recipients for Surveillance Purposes: Initial Results.,Rosso L,Italy,1,False,,rosso l|italy,Elsevier,closed,,Elsevier BV
32195326,10.1097/txd.0000000000000979,2020,post,Transplantation direct,Journal Article,Remote Therapy to Improve Outcomes in Lung Transplant Recipients: Design of the INSPIRE-III Randomized Clinical Trial.,Palmer S,,0,False,,palmer s|,OA,gold,https://doi.org/10.1097/txd.0000000000000979,Ovid Technologies (Wolters Kluwer Health)
32192319,10.23736/s0031-0808.19.03840-0,2020,post,Panminerva medica,Journal Article; Observational Study,Pirfenidone in chronic lung allograft dysfunction: a single cohort study.,Rottoli P,Italy,1,False,,rottoli p|italy,Other-paywall,closed,,Edizioni Minerva Medica
32170813,10.1111/tid.13277,2020,post,Transplant infectious disease : an official journal of the Transplantation Society,Journal Article,Extending cytomegalovirus prophylaxis in high-risk (D+/R-) lung transplant recipients from 6 to 9 months reduces cytomegalovirus disease: A retrospective study.,Tikkanen JM,Canada,1,False,,tikkanen jm|canada,Wiley,closed,,Wiley
32169022,10.1080/01902148.2020.1738594,2020,post,Experimental lung research,Journal Article,Anti-oxidative effect of the tyrosine kinase inhibitor nintedanib: a potential therapy for chronic lung allograft dysfunction?,von Suesskind-Schwendi M,Germany,1,False,,von suesskind-schwendi m|germany,Other-paywall,closed,,Informa UK Limited
32154282,10.21037/atm.2019.10.45,2020,post,Annals of translational medicine,Journal Article,The value of high-resolution HLA in the perioperative period of non-sensitized lung transplant recipients.,Chen J,China,2,True,,chen j|china,OA,gold,https://atm.amegroups.com/article/viewFile/30979/pdf,AME Publishing Company
32151388,10.1016/j.transproceed.2020.01.019,2020,post,Transplantation proceedings,Journal Article,Gastroesophageal Reflux and Microaspiration in Lung Transplant Recipients: The Utility of a Single Esophageal Manometry and pH Probe Monitoring Study.,Nunley DR,United States,1,True,registry,nunley dr|united states,Elsevier,closed,,Elsevier BV
32150039,10.1097/tp.0000000000003213,2021,post,Transplantation,Journal Article,"The Impact of Inadequate (""AX"") Transbronchial Biopsies on Post-lung Transplant CLAD or Death.",Singer LG,Canada,2,True,,singer lg|canada,WoltersKluwer,closed,,Ovid Technologies (Wolters Kluwer Health)
32148103,10.1080/14017431.2020.1726444,2020,post,Scandinavian cardiovascular journal : SCJ,Journal Article,Incidence and impact of chronic lung allograft dysfunction after lung transplantation - single-center 14-year experience.,Hämmäinen P,,0,True,,hämmäinen p|,OA,green,http://hdl.handle.net/10138/327662,Informa UK Limited
32147452,10.1016/j.healun.2020.02.010,2020,post,The Journal of heart and lung transplantation : the official publication of the International Society for Heart Transplantation,Journal Article,Lung transplantation for cystic fibrosis.,Keshavjee S,Canada,1,False,,keshavjee s|canada,Elsevier,closed,,Elsevier BV
32146023,10.1016/j.transproceed.2020.01.012,2020,post,Transplantation proceedings,Journal Article,Lung Transplantation Has a Strong Impact on the Distribution and Phenotype of Monocyte Subsets.,Grutters JC,Netherlands,1,True,registry,grutters jc|netherlands,OA,green,https://dspace.library.uu.nl/handle/1874/441991,Elsevier BV
32097721,10.1016/j.trim.2020.101273,2020,post,Transplant immunology,Journal Article,Epithelial-mesenchymal transition and membrane microparticles: Potential implications for bronchiolitis obliterans syndrome after lung transplantation.,Kessler R,France,1,False,,kessler r|france,OA,bronze,https://www.sciencedirect.com/science/article/am/pii/S0966327419301339?via%3Dihub,Elsevier BV
32093612,10.1186/s12879-020-4877-3,2020,post,BMC infectious diseases,Journal Article,Late viral or bacterial respiratory infections in lung transplanted patients: impact on respiratory function.,Lescure FX,France,1,False,,lescure fx|france,OA,gold,https://bmcinfectdis.biomedcentral.com/track/pdf/10.1186/s12879-020-4877-3,Springer Science and Business Media LLC
32091450,10.1097/mcg.0000000000001331,2020,post,Journal of clinical gastroenterology,Journal Article,Increased Acid Exposure on Pretransplant Impedance-pH Testing Is Associated With Chronic Rejection After Lung Transplantation.,Chan WW,,0,False,,chan ww|,WoltersKluwer,closed,,Ovid Technologies (Wolters Kluwer Health)
32053220,10.1111/tri.13595,2020,post,Transplant international : official journal of the European Society for Organ Transplantation,Journal Article,Revisiting the link between PGD and BOS in lung transplantation: highlighting the role of tregs.,Shigemura N,United States,1,False,,shigemura n|united states,Other-paywall,closed,,Frontiers Media SA
32034974,10.1111/ajt.15814,2020,post,American journal of transplantation : official journal of the American Society of Transplantation and the American Society of Transplant Surgeons,"Journal Article; Multicenter Study; Research Support, N.I.H., Extramural",Multicenter evaluation of parametric response mapping as an indicator of bronchiolitis obliterans syndrome after hematopoietic stem cell transplantation.,Galban CJ,Sweden,1,True,,galban cj|sweden,OA,bronze,https://onlinelibrary.wiley.com/doi/pdfdirect/10.1111/ajt.15814,Elsevier BV
32033844,10.1016/j.healun.2019.12.009,2020,post,The Journal of heart and lung transplantation : the official publication of the International Society for Heart Transplantation,"Journal Article; Research Support, N.I.H., Extramural",Respiratory viral infection in lung transplantation induces exosomes that trigger chronic rejection.,Mohanakumar T,,0,False,,mohanakumar t|,OA,bronze,http://www.jhltonline.org/article/S1053249820300127/pdf,Elsevier BV
31985728,10.1097/tp.0000000000003134,2020,post,Transplantation,"Journal Article; Observational Study; Research Support, Non-U.S. Gov't",Azithromycin Partially Mitigates Dysregulated Repair of Lung Allograft Small Airway Epithelium.,Kicic A,Australia,1,False,,kicic a|australia,WoltersKluwer,closed,,Ovid Technologies (Wolters Kluwer Health)
31958356,10.1111/ctr.13781,2020,post,Clinical transplantation,"Journal Article; Research Support, Non-U.S. Gov't",Identification and characterization of chronic lung allograft dysfunction patients with mixed phenotype: A single-center study.,,Belgium,2,True,,,OA,green,https://lirias.kuleuven.be/handle/123456789/648981,Wiley
31929536,10.1371/journal.pone.0226488,2020,post,PloS one,"Journal Article; Research Support, Non-U.S. Gov't",Use of serum KL-6 level for detecting patients with restrictive allograft syndrome after lung transplantation.,Román A,Spain,1,False,,román a|spain,OA,gold,https://journals.plos.org/plosone/article/file?id=10.1371/journal.pone.0226488&type=printable,Public Library of Science (PLoS)
31929420,10.1097/tp.0000000000003097,2020,post,Transplantation,"Journal Article; Research Support, Non-U.S. Gov't",LPS-induced Airway-centered Inflammation Leading to BOS-like Airway Remodeling Distinct From RAS-like Fibrosis in Rat Lung Transplantation.,Date H,Japan,1,True,registry,date h|japan,WoltersKluwer,closed,,Ovid Technologies (Wolters Kluwer Health)
31911058,10.1016/j.transproceed.2019.10.009,2020,post,Transplantation proceedings,Journal Article,Variation in Time to Peak Values for Different Lung Function Parameters After Double Lung Transplantation.,Iversen M,Denmark,1,False,,iversen m|denmark,Elsevier,closed,,Elsevier BV
31909902,10.1002/ppul.24639,2020,post,Pediatric pulmonology,Journal Article,Six-year experience with treatment of early donor-specific anti-HLA antibodies in pediatric lung transplantation using a human immunoglobulin-based protocol.,Warnecke G,Germany,1,False,,warnecke g|germany,OA,hybrid,https://onlinelibrary.wiley.com/doi/pdfdirect/10.1002/ppul.24639,Wiley
31903646,10.1111/tri.13568,2020,post,Transplant international : official journal of the European Society for Organ Transplantation,"Journal Article; Research Support, Non-U.S. Gov't",Increased frequency of CD4+ CD25high CD127low T cells early after lung transplant is associated with improved graft survival - a retrospective study.,Warnecke G,Germany,1,False,,warnecke g|germany,Other-paywall,closed,,Frontiers Media SA
31900671,10.1186/s13244-019-0822-7,2020,post,Insights into imaging,Journal Article,Imaging indications and findings in evaluation of lung transplant graft dysfunction and rejection.,Renapurkar RD,United States,1,False,,renapurkar rd|united states,OA,gold,https://insightsimaging.springeropen.com/track/pdf/10.1186/s13244-019-0822-7,Springer Science and Business Media LLC
31846463,10.1371/journal.pone.0226167,2019,post,PloS one,Journal Article,Adherence is associated with a favorable outcome after lung transplantation.,Gottlieb J,Germany,1,False,,gottlieb j|germany,OA,gold,https://journals.plos.org/plosone/article/file?id=10.1371/journal.pone.0226167&type=printable,Public Library of Science (PLoS)
31836403,10.1016/j.healun.2019.11.008,2020,post,The Journal of heart and lung transplantation : the official publication of the International Society for Heart Transplantation,Journal Article,Use of CT-SCAN score and volume measures to early identify restrictive allograft syndrome in single lung transplant recipients.,Brugière O,France,1,False,,brugière o|france,Elsevier,closed,,Elsevier BV
31821885,10.1016/j.bbmt.2019.12.002,2020,post,Biology of blood and marrow transplantation : journal of the American Society for Blood and Marrow Transplantation,"Journal Article; Research Support, N.I.H., Extramural",Early Post-Transplantation Spirometry Is Associated with the Development of Bronchiolitis Obliterans Syndrome after Allogeneic Hematopoietic Cell Transplantation.,Cheng GS,,0,False,,cheng gs|,OA,hybrid,https://doi.org/10.1016/j.bbmt.2019.12.002,Elsevier BV
31815320,10.1111/ctr.13766,2020,post,Clinical transplantation,"Journal Article; Research Support, Non-U.S. Gov't",Need for tracheostomy after lung transplant predicts decreased mid- and long-term survival.,Loor G,United States,1,False,,loor g|united states,Wiley,closed,,Wiley
31812487,10.1016/j.healun.2019.11.007,2020,post,The Journal of heart and lung transplantation : the official publication of the International Society for Heart Transplantation,"Journal Article; Randomized Controlled Trial; Research Support, Non-U.S. Gov't",Influence of azithromycin and allograft rejection on the post-lung transplant microbiota.,Verleden SE,Belgium,2,True,rct,verleden se|belgium,OA,green,https://lirias.kuleuven.be/handle/123456789/645951,Elsevier BV
31807920,10.1007/s00408-019-00298-1,2020,post,Lung,"Journal Article; Research Support, N.I.H., Extramural",Lung T-Cell Profile Alterations are Associated with Bronchiolitis Obliterans Syndrome in Cystic Fibrosis Lung Transplant Recipients.,Robinson RT,United States,1,True,,robinson rt|united states,Springer,closed,,Springer Science and Business Media LLC
31794120,10.1111/tid.13229,2020,post,Transplant infectious disease : an official journal of the Transplantation Society,Journal Article,"Non-tuberculous mycobacteria in lung transplant recipients: Prevalence, risk factors, and impact on survival and chronic lung allograft dysfunction.",Doucette K,Canada,1,False,,doucette k|canada,Wiley,closed,,Wiley
31729820,10.1111/crj.13108,2020,post,The clinical respiratory journal,Journal Article,Favorable survival even with high disease-specific complication rates in lymphangioleiomyomatosis after lung transplantation-long-term follow-up of a Japanese center.,Toyooka S,Japan,1,False,,toyooka s|japan,Wiley,closed,,Wiley
31708988,10.5114/kitp.2019.88604,2019,post,Kardiochirurgia i torakochirurgia polska = Polish journal of cardio-thoracic surgery,Journal Article,Lung retransplantation for chronic lung allograft dysfunction.,Grodzki T,Poland,1,False,,grodzki t|poland,OA,gold,https://www.termedia.pl/Journal/-40/pdf-37946-10?filename=Lung retransplantation.pdf,Termedia Sp. z.o.o.
31696925,10.1093/ajhp/zxz243,2019,post,American journal of health-system pharmacy : AJHP : official journal of the American Society of Health-System Pharmacists,"Journal Article; Research Support, N.I.H., Extramural",Tacrolimus trough monitoring guided by mass spectrometry without accounting for assay differences is associated with acute kidney injury in lung transplant recipients.,Singer JP,,0,True,registry,singer jp|,OA,green,https://www.ncbi.nlm.nih.gov/pmc/articles/7170730,Oxford University Press (OUP)
31687370,10.1183/23120541.00167-2019,2019,post,ERJ open research,Journal Article,A randomised single-centre trial of inhaled liposomal cyclosporine for bronchiolitis obliterans syndrome post-lung transplantation.,Terrin M,United States,1,True,registry,terrin m|united states,OA,gold,https://openres.ersjournals.com/content/erjor/5/4/00167-2019.full.pdf,European Respiratory Society (ERS)
31687369,10.1183/23120541.00254-2018,2019,post,ERJ open research,Journal Article,Pregnancy after lung and heart-lung transplantation: a French multicentre retrospective study of 39 pregnancies.,Danner-Boucher I,France,1,True,,danner-boucher i|france,OA,gold,https://openres.ersjournals.com/content/erjor/5/4/00254-2018.full.pdf,European Respiratory Society (ERS)
31682980,10.1016/j.bbmt.2019.10.025,2020,post,Biology of blood and marrow transplantation : journal of the American Society for Blood and Marrow Transplantation,"Journal Article; Research Support, N.I.H., Extramural",Azithromycin Use and Increased Cancer Risk among Patients with Bronchiolitis Obliterans after Hematopoietic Cell Transplantation.,Bergeron A,France,1,False,,bergeron a|france,OA,bronze,http://www.astctjournal.org/article/S1083879119307074/pdf,Elsevier BV
31673366,10.1136/bmjresp-2019-000465,2019,post,BMJ open respiratory research,Journal Article; Randomized Controlled Trial,Long-term effect of azithromycin in bronchiolitis obliterans syndrome.,Corris PA,Netherlands,1,False,rct,corris pa|netherlands,OA,gold,https://bmjopenrespres.bmj.com/content/bmjresp/6/1/e000465.full.pdf,BMJ
31672218,10.1016/j.healun.2019.06.004,2019,post,The Journal of heart and lung transplantation : the official publication of the International Society for Heart Transplantation,Journal Article,"Impact of combined heart and lung transplantation on bronchiolitis obliterans syndrome, cardiac allograft vasculopathy, and long-term survival.",McCurry KR,United States,2,True,,mccurry kr|united states,Elsevier,closed,,Elsevier BV
31665560,10.1111/ajt.15667,2020,post,American journal of transplantation : official journal of the American Society of Transplantation and the American Society of Transplant Surgeons,"Journal Article; Research Support, N.I.H., Extramural",Amphiregulin contributes to airway remodeling in chronic allograft dysfunction after lung transplantation.,Palmer SM,,0,False,,palmer sm|,OA,hybrid,https://onlinelibrary.wiley.com/doi/pdfdirect/10.1111/ajt.15667,Elsevier BV
31651733,10.1097/tp.0000000000002817,2019,post,Transplantation,"Journal Article; Research Support, Non-U.S. Gov't","BOS Is Associated With Decreased SIRT1 in Peripheral Blood Proinflammatory T, NK, and NKT-like Lymphocytes.",Holmes M,Australia,1,True,registry,holmes m|australia,WoltersKluwer,closed,,Ovid Technologies (Wolters Kluwer Health)
31637252,10.1183/23120541.00164-2019,2019,post,ERJ open research,Journal Article,Lung clearance index in detection of post-transplant bronchiolitis obliterans syndrome.,Al-Aloul M,,0,False,,al-aloul m|,OA,gold,https://openres.ersjournals.com/content/erjor/5/4/00164-2019.full.pdf,European Respiratory Society (ERS)
31616421,10.3389/fimmu.2019.02245,2019,post,Frontiers in immunology,Journal Article,A Single Nucleotide C3 Polymorphism Associates With Clinical Outcome After Lung Transplantation.,Otten HG,Netherlands,1,False,,otten hg|netherlands,OA,gold,https://www.frontiersin.org/articles/10.3389/fimmu.2019.02245/pdf,Frontiers Media SA
31613800,10.1172/jci.insight.133083,2019,post,JCI insight,"Journal Article; Research Support, Non-U.S. Gov't; Research Support, U.S. Gov't, Non-P.H.S.",Dectin-1 genetic deficiency predicts chronic lung allograft dysfunction and death.,Greenland JR,United States,1,True,registry,greenland jr|united states,OA,gold,http://insight.jci.org/articles/view/133083/files/pdf,American Society for Clinical Investigation
31612514,10.1111/tri.13540,2020,post,Transplant international : official journal of the European Society for Organ Transplantation,"Journal Article; Research Support, Non-U.S. Gov't",Mortality after lung transplantation: a single-centre cohort analysis.,,Belgium,1,False,,,OA,bronze,https://onlinelibrary.wiley.com/doi/pdfdirect/10.1111/tri.13540?download=true,Frontiers Media SA
31596484,10.1001/jamasurg.2019.4079,2019,post,JAMA surgery,"Journal Article; Research Support, Non-U.S. Gov't",Long-term Outcomes of Lung Transplant With Ex Vivo Lung Perfusion.,Tikkanen JM,Canada,1,False,,tikkanen jm|canada,OA,bronze,https://jamanetwork.com/journals/jamasurgery/articlepdf/2752280/jamasurgery_divithotawela_2019_oi_190066.pdf,American Medical Association (AMA)
31583875,10.4046/trd.2019.0016,2019,post,Tuberculosis and respiratory diseases,Journal Article,Long-Term Outcomes of Adult Lung Transplantation Recipients: A Single-Center Experience in South Korea.,Shim TS,South Korea,1,False,,shim ts|south korea,OA,gold,https://www.e-trd.org/upload/pdf/trd-82-348.pdf,The Korean Academy of Tuberculosis and Respiratory Diseases
31568272,10.1097/tp.0000000000002984,2020,post,Transplantation,Journal Article,Bronchial-arterial-circulation-sparing Lung Preservation: A New Organ Protection Approach for Lung Transplantation.,Shigemura N,,0,False,,shigemura n|,WoltersKluwer,closed,,Ovid Technologies (Wolters Kluwer Health)
31547869,10.1186/s13287-019-1397-4,2019,post,Stem cell research & therapy,"Journal Article; Research Support, Non-U.S. Gov't",iPSC-derived MSC therapy induces immune tolerance and supports long-term graft survival in mouse orthotopic tracheal transplants.,Broering DC,Australia,1,True,registry,broering dc|australia,OA,gold,https://doi.org/10.1186/s13287-019-1397-4,Springer Science and Business Media LLC
31526864,10.1016/j.trim.2019.101245,2019,post,Transplant immunology,"Journal Article; Research Support, Non-U.S. Gov't",Peripheral CD19+CD24highCD38high B-regulatory cells in lung transplant recipients.,Meloni F,Italy,1,False,,meloni f|italy,Elsevier,closed,,Elsevier BV
31524312,10.1002/jms.4442,2019,post,Journal of mass spectrometry : JMS,Journal Article,CTP synthetase activity assay by liquid chromatography tandem mass spectrometry in the multiple reaction monitoring mode.,Sanquer S,France,1,False,,sanquer s|france,Wiley,closed,,Wiley
31494969,10.1111/ctr.13708,2019,post,Clinical transplantation,Journal Article,Rabbit antithymocyte globulin for the treatment of chronic lung allograft dysfunction.,Hachem RR,,0,False,,hachem rr|,Wiley,closed,,Wiley
31468277,10.1007/s11748-019-01195-3,2020,post,General thoracic and cardiovascular surgery,Journal Article,Hydrogen water alleviates obliterative airway disease in mice.,Usui A,Japan,1,True,registry,usui a|japan,Springer,closed,,Springer Science and Business Media LLC
31463961,10.1111/vox.12841,2019,post,Vox sanguinis,Journal Article; Observational Study,Automated mononuclear cell collection: a feasibility study employing a new software for extracorporeal photopheresis.,Perotti C,Italy,1,False,,perotti c|italy,Wiley,closed,,Wiley
31461151,10.1001/jamanetworkopen.2019.10297,2019,post,JAMA network open,"Comparative Study; Journal Article; Research Support, N.I.H., Extramural; Research Support, Non-U.S. Gov't",Survival Associated With Sirolimus Plus Tacrolimus Maintenance Without Induction Therapy Compared With Standard Immunosuppression After Lung Transplant.,Iacono A,,0,True,registry,iacono a|,OA,gold,https://jamanetwork.com/journals/jamanetworkopen/articlepdf/2749055/wijesinha_2019_oi_190402.pdf,American Medical Association (AMA)
31452317,10.1111/ajt.15581,2020,post,American journal of transplantation : official journal of the American Society of Transplantation and the American Society of Transplant Surgeons,"Journal Article; Research Support, N.I.H., Extramural; Research Support, Non-U.S. Gov't",Lung transplant outcomes are influenced by severity of neutropenia and granulocyte colony-stimulating factor treatment.,Gelman AE,,0,False,,gelman ae|,OA,bronze,https://onlinelibrary.wiley.com/doi/pdfdirect/10.1111/ajt.15581,Elsevier BV
31452017,10.1007/s12192-019-01026-7,2019,post,Cell stress & chaperones,"Journal Article; Research Support, Non-U.S. Gov't",MiR-27a-3p downregulation contributes to the development of occlusive bronchiolitis.,Li T,China,1,False,,li t|china,OA,bronze,https://link.springer.com/content/pdf/10.1007/s12192-019-01026-7.pdf,Elsevier BV
31439680,10.1183/13993003.00847-2019,2019,post,The European respiratory journal,"Journal Article; Research Support, Non-U.S. Gov't",Intragraft donor-specific anti-HLA antibodies in phenotypes of chronic lung allograft dysfunction.,,Belgium,2,True,,,OA,green,https://lirias.kuleuven.be/handle/123456789/640469,European Respiratory Society (ERS)
31435872,10.1007/s11748-019-01189-1,2020,post,General thoracic and cardiovascular surgery,Journal Article,Outcomes of combination therapy including rituximab for antibody-mediated rejection after lung transplantation.,Date H,Japan,1,False,,date h|japan,Springer,closed,,Springer Science and Business Media LLC
31434713,10.1136/heartjnl-2019-315345,2020,post,Heart (British Cardiac Society),Comparative Study; Journal Article; Multicenter Study,Outcome after heart-lung or lung transplantation in patients with Eisenmenger syndrome.,Søndergaard L,Denmark,3,True,,søndergaard l|denmark,OA,hybrid,https://heart.bmj.com/content/heartjnl/106/2/127.full.pdf,BMJ
31403087,10.1016/j.cophys.2018.12.002,2019,post,Current opinion in physiology,Journal Article,Airway hypoxia in lung transplantation.,Nicolls MR,United States,1,False,,nicolls mr|united states,OA,green,https://www.ncbi.nlm.nih.gov/pmc/articles/6688850,Elsevier BV
31397939,10.1111/ajt.15561,2020,post,American journal of transplantation : official journal of the American Society of Transplantation and the American Society of Transplant Surgeons,"Journal Article; Research Support, Non-U.S. Gov't",The impact of first untreated subclinical minimal acute rejection on risk for chronic lung allograft dysfunction or death after lung transplantation.,Martinu T,Canada,1,True,registry,martinu t|canada,OA,hybrid,https://doi.org/10.1111/ajt.15561,Elsevier BV
31389633,10.1111/jocs.14163,2020,post,Journal of cardiac surgery,Journal Article,Long term survival after lung transplantation: A single center experience.,Wozniak T,India,1,True,registry,wozniak t|india,Wiley,closed,,Wiley
31381371,10.5144/0256-4947.2019.221,2019,post,Annals of Saudi medicine,Journal Article,The outcomes of 80 lung transplants in a single center from Saudi Arabia.,Rajput MSA,,0,False,,rajput msa|,OA,gold,https://www.annsaudimed.net/doi/pdf/10.5144/0256-4947.2019.221,King Faisal Specialist Hospital and Research Centre
31365766,10.1111/ajt.15550,2019,post,American journal of transplantation : official journal of the American Society of Transplantation and the American Society of Transplant Surgeons,"Journal Article; Research Support, Non-U.S. Gov't",A B cell-dependent pathway drives chronic lung allograft rejection after ischemia-reperfusion injury in mice.,Juvet SC,Canada,1,False,,juvet sc|canada,OA,hybrid,http://www.amjtransplant.org/article/S1600613522093376/pdf,Elsevier BV
31346003,10.1183/13993003.01512-2018,2019,post,The European respiratory journal,"Comparative Study; Journal Article; Multicenter Study; Observational Study; Research Support, Non-U.S. Gov't",Pneumonia versus graft dysfunction as the cause of acute respiratory failure after lung transplant: a 4-year multicentre prospective study in 153 adults requiring intensive care admission.,Rello J,Spain,1,True,,rello j|spain,OA,bronze,https://erj.ersjournals.com/content/erj/54/3/1801512.full.pdf,European Respiratory Society (ERS)
31343572,10.1097/tp.0000000000002771,2019,post,Transplantation,"Journal Article; Research Support, Non-U.S. Gov't",Lung Density Analysis Using Quantitative Chest CT for Early Prediction of Chronic Lung Allograft Dysfunction.,Martinu T,Japan,2,True,,martinu t|japan,OA,bronze,http://links.lww.com/TP/B745,Ovid Technologies (Wolters Kluwer Health)
31333768,10.4103/atm.atm_160_18,2019,post,Annals of thoracic medicine,Journal Article,Low early posttransplant serum tacrolimus levels are associated with poor patient survival in lung transplant patients.,Yang J,South Korea,1,True,registry,yang j|south korea,OA,gold,https://doi.org/10.4103/atm.atm_160_18,Medknow
31305014,10.1111/ajt.15532,2019,post,American journal of transplantation : official journal of the American Society of Transplantation and the American Society of Transplant Surgeons,"Journal Article; Research Support, Non-U.S. Gov't","Blood CD9+ B cell, a biomarker of bronchiolitis obliterans syndrome after lung transplantation.",,France,1,False,,,OA,hybrid,http://www.amjtransplant.org/article/S160061352209308X/pdf,Elsevier BV
31303417,10.1016/j.transproceed.2019.04.036,2019,post,Transplantation proceedings,Journal Article,Lung Transplantation for Cystic Fibrosis and Non-cystic Fibrosis Bronchiectasis: A Single-Center Experience.,Kramer MR,Israel,2,True,,kramer mr|israel,Elsevier,closed,,Elsevier BV
31301968,10.1016/j.healun.2019.06.009,2019,post,The Journal of heart and lung transplantation : the official publication of the International Society for Heart Transplantation,Journal Article,Controlled donation after circulatory death (DCD) donors: A focus on the utilization of pediatric donors and outcomes after lung transplantation.,Westall G,Australia,1,False,,westall g|australia,Elsevier,closed,,Elsevier BV
31300191,10.1016/j.healun.2019.06.007,2019,post,The Journal of heart and lung transplantation : the official publication of the International Society for Heart Transplantation,"Journal Article; Research Support, Non-U.S. Gov't",Lack of association of Aspergillus colonization with the development of bronchiolitis obliterans syndrome in lung transplant recipients: An international cohort study.,Husain S,United States,8,True,,husain s|united states,OA,bronze,http://www.jhltonline.org/article/S1053249819315499/pdf,Elsevier BV
31296434,10.1016/j.arbres.2019.05.016,2020,post,Archivos de bronconeumologia,"Journal Article; Research Support, Non-U.S. Gov't",Bone Marrow-derived Mesenchymal Stem Cells and Chronic Allograft Disease in a Bronchiolitis Obliterans Animal Model.,Vaquero J,Spain,1,False,,vaquero j|spain,Elsevier,closed,,Elsevier BV
31286560,10.1111/ctr.13661,2019,post,Clinical transplantation,"Journal Article; Research Support, Non-U.S. Gov't",Outcome of lung transplantation in non-idiopathic pulmonary fibrosis interstitial lung disease.,Vos R,Belgium,1,False,,vos r|belgium,OA,green,https://lirias.kuleuven.be/handle/123456789/639388,Wiley
31278878,10.1111/tid.13138,2019,post,Transplant infectious disease : an official journal of the Transplantation Society,Journal Article,Indefinite cytomegalovirus prophylaxis with valganciclovir after lung transplantation.,Mayer K,Germany,1,False,,mayer k|germany,Wiley,closed,,Wiley
31278849,10.1111/ajt.15523,2019,post,American journal of transplantation : official journal of the American Society of Transplantation and the American Society of Transplant Surgeons,"Journal Article; Research Support, N.I.H., Extramural; Research Support, Non-U.S. Gov't; Research Support, U.S. Gov't, Non-P.H.S.",Vendor-specific microbiome controls both acute and chronic murine lung allograft rejection by altering CD4+ Foxp3+ regulatory T cell levels.,Krupnick AS,,0,False,,krupnick as|,OA,hybrid,https://doi.org/10.1111/ajt.15523,Elsevier BV
31271742,10.1016/j.athoracsur.2019.05.026,2019,post,The Annals of thoracic surgery,"Journal Article; Research Support, N.I.H., Extramural; Research Support, U.S. Gov't, P.H.S.",Impact of Donor Brain Death Duration on Outcomes After Lung Transplantation.,Klapper J,,0,True,registry,klapper j|,OA,bronze,http://www.annalsthoracicsurgery.org/article/S0003497519309142/pdf,Elsevier BV
31262311,10.1186/s13019-019-0948-1,2019,post,Journal of cardiothoracic surgery,Comparative Study; Journal Article,Ten year follow-up of lung transplantations using initially rejected donor lungs after reconditioning using ex vivo lung perfusion.,Lindstedt S,Sweden,1,False,,lindstedt s|sweden,OA,gold,https://cardiothoracicsurgery.biomedcentral.com/track/pdf/10.1186/s13019-019-0948-1,Springer Science and Business Media LLC
31249568,10.3389/fimmu.2019.01208,2019,post,Frontiers in immunology,"Journal Article; Research Support, Non-U.S. Gov't",FCGR3A and FCGR2A Genotypes Differentially Impact Allograft Rejection and Patients' Survival After Lung Transplant.,Picard C,France,1,False,,picard c|france,OA,gold,https://www.frontiersin.org/articles/10.3389/fimmu.2019.01208/pdf,Frontiers Media SA
31227795,10.1038/s41598-019-45309-6,2019,post,Scientific reports,"Journal Article; Research Support, N.I.H., Extramural",Hyaluronan and LYVE-1 and allograft function in lung transplantation recipients.,El-Chemaly S,United States,1,False,,el-chemaly s|united states,OA,gold,https://www.nature.com/articles/s41598-019-45309-6.pdf,Springer Science and Business Media LLC
31216376,10.1111/ajt.15505,2019,post,American journal of transplantation : official journal of the American Society of Transplantation and the American Society of Transplant Surgeons,"Journal Article; Multicenter Study; Observational Study; Research Support, N.I.H., Extramural",Absence of evidence that respiratory viral infections influence pediatric lung transplantation outcomes: Results of the CTOTC-03 study.,Danziger-Isakov L,,0,True,,danziger-isakov l|,OA,hybrid,http://www.amjtransplant.org/article/S1600613522093285/pdf,Elsevier BV
31183172,10.21037/jtd.2019.04.58,2019,post,Journal of thoracic disease,Journal Article,The role of extracorporeal life support in the management with severe idiopathic pulmonary artery hypertension undergoing lung transplantation: are those patients referred too late?,Reed A,United Kingdom,2,True,,reed a|united kingdom,OA,gold,https://jtd.amegroups.com/article/viewFile/28474/pdf,AME Publishing Company
31164432,10.1183/13993003.02126-2018,2019,post,The European respiratory journal,"Journal Article; Research Support, Non-U.S. Gov't",Donor human leukocyte antigen-G single nucleotide polymorphisms are associated with post-lung transplant mortality.,Juvet SC,Canada,1,False,,juvet sc|canada,Other-paywall,closed,,European Respiratory Society (ERS)
31159656,10.1177/1526924819853830,2019,post,"Progress in transplantation (Aliso Viejo, Calif.)",Journal Article,Outcomes of Lung Transplantation for Cystic Fibrosis in the Setting of Extensively Drug-Resistant Organisms.,Goetz ME,United States,1,False,,goetz me|united states,Other-paywall,closed,,SAGE Publications
31152559,10.1111/ctr.13621,2019,post,Clinical transplantation,Journal Article,The effect of pre-heart transplant body mass index on posttransplant outcomes: An analysis of the ISHLT Registry Data.,Alba AC,Canada,2,True,,alba ac|canada,Wiley,closed,,Wiley
31134705,10.1002/jmri.26799,2019,post,Journal of magnetic resonance imaging : JMRI,"Journal Article; Research Support, Non-U.S. Gov't",MRI-derived regional flow-volume loop parameters detect early-stage chronic lung allograft dysfunction.,Vogel-Claussen J,Germany,1,False,,vogel-claussen j|germany,Wiley,closed,,Wiley
31122726,10.1016/j.healun.2019.05.001,2019,post,The Journal of heart and lung transplantation : the official publication of the International Society for Heart Transplantation,"Journal Article; Research Support, N.I.H., Extramural",Usefulness of gene expression profiling of bronchoalveolar lavage cells in acute lung allograft rejection.,Belperio JA,United States,2,True,,belperio ja|united states,OA,bronze,http://www.jhltonline.org/article/S1053249819314962/pdf,Elsevier BV
31101209,10.1016/j.transproceed.2019.04.015,2019,post,Transplantation proceedings,Journal Article,First 3 Years of the Hungarian Lung Transplantation Program.,Lang G,Austria,1,False,,lang g|austria,Elsevier,closed,,Elsevier BV
31084354,10.1177/1526924819835815,2019,post,"Progress in transplantation (Aliso Viejo, Calif.)",Journal Article,Long-Term Results of Bilateral Lung Transplantation in Patients With End-Stage Pulmonary Lymphangioleiomyomatosis.,Kuhn C,Germany,1,False,,kuhn c|germany,Other-paywall,closed,,SAGE Publications
31080450,10.3389/fimmu.2019.00900,2019,post,Frontiers in immunology,"Journal Article; Research Support, Non-U.S. Gov't",Myeloid-Derived Suppressor Cells in Lung Transplantation.,Vos R,Belgium,2,True,registry,vos r|belgium,OA,gold,https://doi.org/10.3389/fimmu.2019.00900,Frontiers Media SA
31034639,10.1111/ctr.13580,2019,post,Clinical transplantation,"Journal Article; Research Support, Non-U.S. Gov't",Outcomes of telehealth care for lung transplant recipients.,Singer LG,Canada,1,False,,singer lg|canada,Wiley,closed,,Wiley
31026404,10.1513/annalsats.201812-869oc,2019,post,Annals of the American Thoracic Society,Journal Article,Clinical Outcomes of Lung Transplantation in the Presence of Donor-Specific Antibodies.,Goldberg HJ,,0,True,registry,goldberg hj|,OA,green,https://www.ncbi.nlm.nih.gov/pmc/articles/6850801,Oxford University Press (OUP)
31022070,10.1097/mnm.0000000000001021,2019,post,Nuclear medicine communications,Journal Article,Diagnostic value of ventilation/perfusion single-photon emission computed tomography/computed tomography for bronchiolitis obliterans syndrome in patients after lung transplantation.,Takeda Y,Japan,1,False,,takeda y|japan,OA,green,https://ousar.lib.okayama-u.ac.jp/57742,Ovid Technologies (Wolters Kluwer Health)
31002407,10.1111/tri.13444,2019,post,Transplant international : official journal of the European Society for Organ Transplantation,Journal Article,Epithelial cell death markers in bronchoalveolar lavage correlate with chronic lung allograft dysfunction subtypes and survival in lung transplant recipients-a single-center retrospective cohort study.,Martinu T,Canada,2,True,,martinu t|canada,OA,bronze,https://onlinelibrary.wiley.com/doi/pdfdirect/10.1111/tri.13444,Frontiers Media SA
30992538,10.1038/s41397-019-0086-0,2020,post,The pharmacogenomics journal,"Journal Article; Research Support, N.I.H., Extramural; Research Support, Non-U.S. Gov't",Impact of SLCO1B3 polymorphisms on clinical outcomes in lung allograft recipients receiving mycophenolic acid.,Gelman A,United States,1,False,,gelman a|united states,OA,green,https://www.ncbi.nlm.nih.gov/pmc/articles/6800829,Springer Science and Business Media LLC
30990794,10.1172/jci.insight.124732,2019,post,JCI insight,"Journal Article; Research Support, N.I.H., Extramural; Research Support, Non-U.S. Gov't",An obligatory role for club cells in preventing obliterative bronchiolitis in lung transplants.,Gelman AE,United States,2,True,registry,gelman ae|united states,OA,gold,http://insight.jci.org/articles/view/124732/files/pdf,American Society for Clinical Investigation
30978332,10.1016/j.chest.2019.03.030,2019,post,Chest,"Journal Article; Research Support, Non-U.S. Gov't",Lung Transplant Outcomes in Patients With Pulmonary Fibrosis With Telomere-Related Gene Variants.,Palmer SM,,0,False,,palmer sm|,Elsevier,closed,,Elsevier BV
30955963,10.1016/j.jtcvs.2019.01.134,2019,post,The Journal of thoracic and cardiovascular surgery,Journal Article,Transplant arteriosclerosis in humanized mice reflects chronic lung allograft dysfunction and is controlled by regulatory T cells.,Warnecke G,Germany,1,False,,warnecke g|germany,OA,bronze,http://www.jtcvs.org/article/S0022522319305197/pdf,Elsevier BV
30924986,10.1111/tid.13084,2019,post,Transplant infectious disease : an official journal of the Transplantation Society,Journal Article,Management and clinical outcomes after lung transplantation in patients with pre-transplant Mycobacterium abscessus infection: A single center experience.,Hays SR,,0,False,,hays sr|,Wiley,closed,,Wiley
30884067,10.1111/tid.13069,2019,post,Transplant infectious disease : an official journal of the Transplantation Society,Journal Article,Cytomegalovirus viremia in lung transplantation during and after prophylaxis.,Boan P,Australia,1,False,,boan p|australia,Wiley,closed,,Wiley
30852096,10.1016/j.healun.2019.02.012,2019,post,The Journal of heart and lung transplantation : the official publication of the International Society for Heart Transplantation,Journal Article,Extended criteria donor lungs do not impact recipient outcomes in pediatric transplantation.,Warnecke G,Germany,2,True,,warnecke g|germany,Elsevier,closed,,Elsevier BV
30849233,10.1165/rcmb.2018-0188oc,2019,post,American journal of respiratory cell and molecular biology,"Journal Article; Research Support, Non-U.S. Gov't",Trametinib Attenuates Delayed Rejection and Preserves Thymic Function in Rat Lung Transplantation.,Date H,Japan,1,False,,date h|japan,OA,green,https://repository.kulib.kyoto-u.ac.jp/dspace/bitstream/2433/263560/1/digak04726.pdf,Oxford University Press (OUP)
30849195,10.1111/ctr.13515,2019,post,Clinical transplantation,"Journal Article; Research Support, Non-U.S. Gov't; Research Support, U.S. Gov't, Non-P.H.S.",Gene signatures common to allograft rejection are associated with lymphocytic bronchitis.,Blanc PD,,0,False,,blanc pd|,OA,green,https://www.ncbi.nlm.nih.gov/pmc/articles/6545574,Wiley
30819647,10.1016/j.healun.2019.02.001,2019,post,The Journal of heart and lung transplantation : the official publication of the International Society for Heart Transplantation,"Journal Article; Research Support, Non-U.S. Gov't",The pleural mesothelium and transforming growth factor-β1 pathways in restrictive allograft syndrome: A pre-clinical investigation.,Verleden SE,Belgium,2,True,,verleden se|belgium,OA,bronze,http://www.jhltonline.org/article/S105324981931349X/pdf,Elsevier BV
30817023,10.1111/ctr.13511,2019,post,Clinical transplantation,Journal Article,RNA respiratory viral infections in solid organ transplant recipients: Guidelines from the American Society of Transplantation Infectious Diseases Community of Practice.,,United States,1,False,,,OA,bronze,https://onlinelibrary.wiley.com/doi/pdfdirect/10.1111/ctr.13511,Wiley
30801550,10.1097/tp.0000000000002571,2019,post,Transplantation,"Journal Article; Research Support, Non-U.S. Gov't",Preservation of Microvascular Integrity in Murine Orthotopic Tracheal Allografts by Clopidogrel.,Ensminger SM,Germany,1,False,,ensminger sm|germany,WoltersKluwer,closed,,Ovid Technologies (Wolters Kluwer Health)
30794945,10.1016/j.trim.2019.02.006,2019,post,Transplant immunology,"Journal Article; Observational Study; Research Support, N.I.H., Extramural",Prevalence of antibodies to lung self-antigens (Kα1 tubulin and collagen V) and donor specific antibodies to HLA in lung transplant recipients and implications for lung transplant outcomes: Single center experience.,Kaza V,United States,1,True,registry,kaza v|united states,OA,green,https://www.ncbi.nlm.nih.gov/pmc/articles/6513684,Elsevier BV
30793380,10.1111/tri.13417,2019,post,Transplant international : official journal of the European Society for Organ Transplantation,Journal Article,Association between diverticular disease requiring surgical intervention and mortality in the postlung transplant population - a retrospective cohort study.,Lowery EM,United States,1,False,,lowery em|united states,OA,bronze,https://onlinelibrary.wiley.com/doi/pdfdirect/10.1111/tri.13417,Frontiers Media SA
30790054,10.1007/s00595-019-01782-0,2019,post,Surgery today,Comparative Study; Journal Article,"Impact of chronic lung allograft dysfunction, especially restrictive allograft syndrome, on the survival after living-donor lobar lung transplantation compared with cadaveric lung transplantation in adults: a single-center experience.",Oto T,Japan,1,False,,oto t|japan,OA,green,https://ousar.lib.okayama-u.ac.jp/57807,Springer Science and Business Media LLC
30781848,10.3390/ht8010005,2019,post,High-throughput,Journal Article,A Pilot Study to Investigate the Balance between Proteases and α1-Antitrypsin in Bronchoalveolar Lavage Fluid of Lung Transplant Recipients.,Meloni F,Italy,1,False,,meloni f|italy,OA,gold,https://www.mdpi.com/2571-5135/8/1/5/pdf?version=1551695484,MDPI AG
30781765,10.3390/jcm8020241,2019,post,Journal of clinical medicine,Journal Article,Cell-Free DNA and CXCL10 Derived from Bronchoalveolar Lavage Predict Lung Transplant Survival.,Sarwal MM,United States,2,True,,sarwal mm|united states,OA,gold,https://www.mdpi.com/2077-0383/8/2/241/pdf?version=1550044106,MDPI AG
30735591,10.1111/tri.13409,2019,post,Transplant international : official journal of the European Society for Organ Transplantation,Comparative Study; Journal Article,Double-lung versus heart-lung transplantation for precapillary pulmonary arterial hypertension: a 24-year single-center retrospective study.,Van Raemdonck D,Belgium,1,False,,van raemdonck d|belgium,OA,bronze,https://onlinelibrary.wiley.com/doi/pdfdirect/10.1111/tri.13409,Frontiers Media SA
30728330,10.1172/jci.insight.123971,2019,post,JCI insight,Journal Article,Inhibition of B cell-dependent lymphoid follicle formation prevents lymphocytic bronchiolitis after lung transplantation.,Eickelberg O,Germany,3,True,,eickelberg o|germany,OA,gold,https://doi.org/10.1172/jci.insight.123971,American Society for Clinical Investigation
30726919,10.1093/icvts/ivz013,2019,post,Interactive cardiovascular and thoracic surgery,Journal Article,Outcome after extracorporeal membrane oxygenation-bridged lung retransplants: a single-centre experience.,Aubert JD,United States,2,True,,aubert jd|united states,Other-paywall,closed,,Oxford University Press (OUP)
30723292,10.1038/s41379-019-0203-2,2019,post,"Modern pathology : an official journal of the United States and Canadian Academy of Pathology, Inc","Journal Article; Research Support, Non-U.S. Gov't",Phenotypical diversity of airway morphology in chronic lung graft vs. host disease after stem cell transplantation.,Vanaudenaerde BM,Belgium,1,False,,vanaudenaerde bm|belgium,OA,bronze,https://www.nature.com/articles/s41379-019-0203-2.pdf,Elsevier BV
30712278,10.1111/tri.13407,2019,post,Transplant international : official journal of the European Society for Organ Transplantation,Journal Article,Transplantation of donor lungs with pulmonary embolism - a retrospective study.,Warnecke G,Germany,1,False,,warnecke g|germany,OA,bronze,https://onlinelibrary.wiley.com/doi/pdfdirect/10.1111/tri.13407,Frontiers Media SA
30706940,10.14670/hh-18-088,2019,post,Histology and histopathology,Journal Article,"Synergism of imatinib, vatalanib and everolimus in the prevention of chronic lung allograft rejection after lung transplantation (LTx) in rats.",von Suesskind-Schwendi M,Germany,1,False,,von suesskind-schwendi m|germany,unresolved,,,
30705675,10.3389/fimmu.2018.03105,2018,pre,Frontiers in immunology,Journal Article,The Autoimmune-Associated Single Nucleotide Polymorphism Within PTPN22 Correlates With Clinical Outcome After Lung Transplantation.,Otten HG,Netherlands,1,False,,otten hg|netherlands,OA,gold,https://www.frontiersin.org/articles/10.3389/fimmu.2018.03105/pdf,Frontiers Media SA
30692045,10.1016/j.ebiom.2018.12.029,2019,post,EBioMedicine,Journal Article,Donor-derived cell-free DNA predicts allograft failure and mortality after lung transplantation.,Valantine HA,United States,1,True,,valantine ha|united states,OA,gold,http://www.thelancet.com/article/S2352396418306066/pdf,Elsevier BV
30686699,10.1016/j.healun.2018.12.006,2019,post,The Journal of heart and lung transplantation : the official publication of the International Society for Heart Transplantation,"Journal Article; Randomized Controlled Trial; Research Support, Non-U.S. Gov't","Azithromycin and early allograft function after lung transplantation: A randomized, controlled trial.",Vos R,Belgium,1,False,rct,vos r|belgium,OA,bronze,http://www.jhltonline.org/article/S1053249818317820/pdf,Elsevier BV
30663812,10.1111/tri.13402,2019,post,Transplant international : official journal of the European Society for Organ Transplantation,Journal Article,Risk factors and outcomes of vocal cord paralysis after lung transplantation - a retrospective cohort study.,Greer M,Germany,1,False,,greer m|germany,OA,bronze,https://onlinelibrary.wiley.com/doi/pdfdirect/10.1111/tri.13402,Frontiers Media SA
30660547,10.1016/j.jcmg.2018.10.027,2019,post,JACC. Cardiovascular imaging,"Journal Article; Observational Study; Research Support, Non-U.S. Gov't; Validation Study",Native T1 Mapping in the Diagnosis of Cardiac Allograft Rejection: A Prospective Histologically Validated Study.,Jabbour A,Australia,3,True,,jabbour a|australia,OA,bronze,https://www.sciencedirect.com/science/article/pii/S1936878X18310799/pdf,Elsevier BV
30645645,10.1371/journal.pone.0210443,2019,post,PloS one,Journal Article,Alemtuzumab induction combined with reduced maintenance immunosuppression is associated with improved outcomes after lung transplantation: A single centre experience.,Lambers C,Austria,1,True,registry,lambers c|austria,OA,gold,https://journals.plos.org/plosone/article/file?id=10.1371/journal.pone.0210443&type=printable,Public Library of Science (PLoS)
30638839,10.1016/j.healun.2018.11.014,2019,post,The Journal of heart and lung transplantation : the official publication of the International Society for Heart Transplantation,"Journal Article; Research Support, Non-U.S. Gov't",Montelukast in chronic lung allograft dysfunction after lung transplantation.,,Belgium,1,False,,,OA,bronze,http://www.jhltonline.org/article/S105324981831773X/pdf,Elsevier BV
30636056,10.1111/his.13823,2019,post,Histopathology,Journal Article,C4d detection and histological patterns in the diagnosis of antibody-mediated rejection after lung transplantation: a single-centre study.,Cazes A,France,1,False,,cazes a|france,Wiley,closed,,Wiley
30617600,10.1007/s00595-018-1753-5,2019,post,Surgery today,Journal Article,SOCS3 overexpression in T cells ameliorates chronic airway obstruction in a murine heterotopic tracheal transplantation model.,Toyooka S,Japan,1,True,registry,toyooka s|japan,Springer,closed,,Springer Science and Business Media LLC
30615259,10.1111/ajt.15251,2019,post,American journal of transplantation : official journal of the American Society of Transplantation and the American Society of Transplant Surgeons,"Journal Article; Multicenter Study; Randomized Controlled Trial; Research Support, Non-U.S. Gov't",A randomized trial of everolimus-based quadruple therapy vs standard triple therapy early after lung transplantation.,Strüber M,Israel,2,True,rct,strüber m|israel,OA,bronze,https://onlinelibrary.wiley.com/doi/pdfdirect/10.1111/ajt.15251,Elsevier BV
30608429,10.1097/md.0000000000013951,2019,post,Medicine,Comparative Study; Journal Article; Observational Study,Association between chronic bacterial airway infection and prognosis of bronchiolitis obliterans syndrome after hematopoietic cell transplantation.,Okamura T,Japan,1,False,,okamura t|japan,OA,gold,https://doi.org/10.1097/md.0000000000013951,Ovid Technologies (Wolters Kluwer Health)
30595421,10.1016/j.arbres.2018.11.003,2019,post,Archivos de bronconeumologia,Comparative Study; Journal Article,Evolution of Functional Exercise Capacity in Lung Transplant Patients With and Without Bronchiolitis Obliterans Syndrome: A Longitudinal Case-Control Study.,Langer D,Belgium,2,True,,langer d|belgium,OA,green,https://lirias.kuleuven.be/handle/123456789/633531,Elsevier BV
30577279,10.1016/j.transproceed.2018.06.023,2018,pre,Transplantation proceedings,Journal Article,Role of Toll-like Receptor 4 Expressed by Fibroblasts in Allograft Fibrosis in Mouse Orthotopic Tracheal Transplantation.,Nakajima J,Japan,1,False,,nakajima j|japan,Elsevier,closed,,Elsevier BV
30561555,10.1093/cid/ciy1047,2019,post,Clinical infectious diseases : an official publication of the Infectious Diseases Society of America,"Journal Article; Research Support, Non-U.S. Gov't",Community-acquired Respiratory Viruses Are a Risk Factor for Chronic Lung Allograft Dysfunction.,Gavaldà J,Italy,3,True,,gavaldà j|italy,OA,bronze,https://academic.oup.com/cid/article-pdf/69/7/1192/33195190/ciy1047.pdf,Oxford University Press (OUP)
30543859,10.1016/j.trim.2018.12.002,2019,post,Transplant immunology,"Journal Article; Research Support, Non-U.S. Gov't",The prevention of tracheal graft occlusion using pioglitazone: A mouse tracheal transplant model study.,Shimoda M,Japan,1,False,,shimoda m|japan,Elsevier,closed,,Elsevier BV
30537897,10.1177/1526924818817028,2018,pre,"Progress in transplantation (Aliso Viejo, Calif.)",Journal Article,Detrimental Association of Hypogammaglobulinemia With Chronic Lung Allograft Dysfunction and Death Is Not Mitigated by On-Demand Immunoglobulin G Replacement After Lung Transplantation.,Petrov AA,United States,1,False,,petrov aa|united states,OA,bronze,https://journals.sagepub.com/doi/pdf/10.1177/1526924818817028,SAGE Publications
30534595,10.1097/txd.0000000000000844,2018,pre,Transplantation direct,Journal Article,Retransplantation Outcomes at a Large Lung Transplantation Program.,Bruckner BA,,0,False,,bruckner ba|,OA,gold,https://doi.org/10.1097/txd.0000000000000844,Ovid Technologies (Wolters Kluwer Health)
30534589,10.1097/txd.0000000000000839,2018,pre,Transplantation direct,Journal Article,Unilateral Chronic Lung Allograft Dysfunction Assessed by Biphasic Computed Tomographic Volumetry in Bilateral Living-donor Lobar Lung Transplantation.,Date H,Japan,1,False,,date h|japan,OA,gold,https://doi.org/10.1097/txd.0000000000000839,Ovid Technologies (Wolters Kluwer Health)
30527505,10.1016/j.jss.2018.08.054,2019,post,The Journal of surgical research,"Comparative Study; Journal Article; Research Support, N.I.H., Extramural",Single Versus Bilateral Lung Transplantation for Idiopathic Pulmonary Fibrosis in the Lung Allocation Score Era.,Kelly RF,,0,False,,kelly rf|,Elsevier,closed,,Elsevier BV
30519294,10.1183/20734735.027018,2018,pre,"Breathe (Sheffield, England)",Journal Article,Controversies and emerging topics in lung transplantation.,Glanville AR,Australia,1,True,registry,glanville ar|australia,OA,gold,https://breathe.ersjournals.com/content/breathe/14/4/278.full.pdf,European Respiratory Society (ERS)
30508580,10.1016/j.trim.2018.11.007,2019,post,Transplant immunology,Journal Article,HMGB1 blockade significantly improves luminal fibrous obliteration in a murine model of bronchiolitis obliterans syndrome.,Maehara Y,Japan,1,False,,maehara y|japan,Elsevier,closed,,Elsevier BV
30506808,10.1111/ctr.13460,2019,post,Clinical transplantation,Journal Article,Outcomes after lung transplantation for patients with occupational lung diseases.,Shigemura N,,0,False,,shigemura n|,Wiley,closed,,Wiley
30496383,10.1093/ejcts/ezy373,2019,post,European journal of cardio-thoracic surgery : official journal of the European Association for Cardio-thoracic Surgery,Journal Article,First experience with ex vivo lung perfusion for initially discarded donor lungs in the Netherlands: a single-centre study.,Erasmus ME,Netherlands,1,False,,erasmus me|netherlands,OA,bronze,https://academic.oup.com/ejcts/article-pdf/55/5/920/28497322/ezy373.pdf,Oxford University Press (OUP)
30488486,10.1111/tri.13382,2019,post,Transplant international : official journal of the European Society for Organ Transplantation,Journal Article,Determinants of survival in lung transplantation patients with idiopathic pulmonary fibrosis: a retrospective cohort study.,Verleden GM,Belgium,1,False,,verleden gm|belgium,OA,bronze,https://onlinelibrary.wiley.com/doi/pdfdirect/10.1111/tri.13382,Frontiers Media SA
30476471,10.1016/j.athoracsur.2018.10.034,2019,post,The Annals of thoracic surgery,"Comparative Study; Journal Article; Research Support, N.I.H., Extramural; Research Support, Non-U.S. Gov't",Long-Term Impact of Cytomegalovirus Serologic Status on Lung Transplantation in the United States.,Bharat A,,0,True,registry,bharat a|,Elsevier,closed,,Elsevier BV
30472390,10.1016/j.trim.2018.11.006,2019,post,Transplant immunology,"Journal Article; Research Support, Non-U.S. Gov't",A novel MyD88 inhibitor attenuates allograft rejection after heterotopic tracheal transplantation in mice.,Zhou P,China,1,False,,zhou p|china,Elsevier,closed,,Elsevier BV
30466803,10.1016/j.healun.2018.10.006,2019,post,The Journal of heart and lung transplantation : the official publication of the International Society for Heart Transplantation,"Journal Article; Research Support, N.I.H., Extramural",Prognostic significance of early pulmonary function changes after onset of chronic lung allograft dysfunction.,Palmer SM,United States,1,False,,palmer sm|united states,OA,green,https://www.ncbi.nlm.nih.gov/pmc/articles/6371807,Elsevier BV
30456701,10.1007/s00408-018-0178-7,2019,post,Lung,Journal Article,Helicobacter pylori Infection Does Not Impact on Lung Transplant Outcome.,Rottoli P,Italy,1,False,,rottoli p|italy,Springer,closed,,Springer Science and Business Media LLC
30401394,10.1016/j.transproceed.2018.03.039,2018,pre,Transplantation proceedings,Journal Article,Sustained-Release Tacrolimus Stabilizes Decline of Forced Expiratory Volume in 1 Second Through Decreasing Fluctuation of Its Trough Blood Level.,Okada Y,Japan,1,True,registry,okada y|japan,Elsevier,closed,,Elsevier BV
30391371,10.1016/j.trim.2018.10.006,2019,post,Transplant immunology,Journal Article,Changes in serum KL-6 levels are associated with the development of chronic lung allograft dysfunction in lung transplant recipients.,Sommerwerck U,Germany,2,True,,sommerwerck u|germany,Elsevier,closed,,Elsevier BV
30391199,10.1016/j.healun.2018.09.020,2019,post,The Journal of heart and lung transplantation : the official publication of the International Society for Heart Transplantation,"Journal Article; Research Support, Non-U.S. Gov't; Validation Study",Validation of a post-transplant chronic lung allograft dysfunction classification system.,Vos R,Belgium,1,False,,vos r|belgium,OA,green,https://lirias.kuleuven.be/handle/123456789/629357,Elsevier BV
30391193,10.1016/j.healun.2018.09.016,2019,post,The Journal of heart and lung transplantation : the official publication of the International Society for Heart Transplantation,"Journal Article; Multicenter Study; Research Support, N.I.H., Extramural; Research Support, Non-U.S. Gov't",Bronchiolitis obliterans syndrome-free survival after lung transplantation: An International Society for Heart and Lung Transplantation Thoracic Transplant Registry analysis.,Yusen RD,Australia,1,True,,yusen rd|australia,Elsevier,closed,,Elsevier BV
30378739,10.1111/ajt.15167,2019,post,American journal of transplantation : official journal of the American Society of Transplantation and the American Society of Transplant Surgeons,"Journal Article; Research Support, Non-U.S. Gov't",Spectrum of chronic lung allograft pathology in a mouse minor-mismatched orthotopic lung transplant model.,Keshavjee S,Canada,1,False,,keshavjee s|canada,OA,hybrid,https://doi.org/10.1111/ajt.15167,Elsevier BV
30348935,10.12659/aot.910952,2018,pre,Annals of transplantation,Journal Article,Everolimus Use for Intolerance or Failure of Baseline Immunosuppression in Adult Heart and Lung Transplantation.,McDermott JK,United States,1,True,registry,mcdermott jk|united states,OA,bronze,https://www.annalsoftransplantation.com/download/index/idArt/910952,"International Scientific Information, Inc."
30343700,10.1016/j.jtcvs.2018.05.080,2018,pre,The Journal of thoracic and cardiovascular surgery,Journal Article,The influence of retransplantation on survival for pediatric lung transplant recipients.,Klepetko W,Austria,1,False,,klepetko w|austria,OA,bronze,http://www.jtcvs.org/article/S0022522318315101/pdf,Elsevier BV
30321645,10.1016/j.trim.2018.10.002,2018,pre,Transplant immunology,Journal Article,HLA class II Eplet mismatch predicts De Novo DSA formation post lung transplant.,Westall GP,Australia,1,False,,westall gp|australia,Elsevier,closed,,Elsevier BV
30312482,10.1111/trf.14913,2018,pre,Transfusion,"Clinical Trial; Comparative Study; Journal Article; Research Support, Non-U.S. Gov't; Research Support, U.S. Gov't, Non-P.H.S.",The efficacy of extracorporeal photopheresis to arrest bronchiolitis obliterans in lung allograft recipients was compared between two automated photopheresis instruments.,Despotis G,,0,False,,despotis g|,Wiley,closed,,Wiley
30303525,10.1111/cei.13221,2019,post,Clinical and experimental immunology,"Journal Article; Research Support, Non-U.S. Gov't",BOS is associated with decreased HDAC2 from steroid resistant lymphocytes in the small airways.,Holmes M,Australia,1,True,registry,holmes m|australia,OA,bronze,https://onlinelibrary.wiley.com/doi/pdfdirect/10.1111/cei.13221,Oxford University Press (OUP)
30303408,10.1164/rccm.201806-1198oc,2019,post,American journal of respiratory and critical care medicine,"Journal Article; Research Support, Non-U.S. Gov't; Research Support, U.S. Gov't, Non-P.H.S.",Development and Preliminary Validation of the Lung Transplant Quality of Life (LT-QOL) Survey.,Stewart AL,,0,False,,stewart al|,Other-paywall,closed,,Oxford University Press (OUP)
30289917,10.1371/journal.pone.0205107,2018,pre,PloS one,"Journal Article; Research Support, N.I.H., Extramural; Research Support, Non-U.S. Gov't",The common rejection module in chronic rejection post lung transplantation.,Sarwal MM,United States,2,True,,sarwal mm|united states,OA,gold,https://journals.plos.org/plosone/article/file?id=10.1371/journal.pone.0205107&type=printable,Public Library of Science (PLoS)
30255131,10.1097/txd.0000000000000809,2018,pre,Transplantation direct,Journal Article,Coronavirus and Chronic Lung Allograft Dysfunction: Hiding in Plain Sight?,Glanville AR,Australia,1,False,,glanville ar|australia,OA,gold,https://doi.org/10.1097/txd.0000000000000809,Ovid Technologies (Wolters Kluwer Health)
30255130,10.1097/txd.0000000000000808,2018,pre,Transplantation direct,Journal Article,Viral Respiratory Tract Infection During the First Postoperative Year Is a Risk Factor for Chronic Rejection After Lung Transplantation.,Riise GC,Sweden,2,True,,riise gc|sweden,OA,gold,https://doi.org/10.1097/txd.0000000000000808,Ovid Technologies (Wolters Kluwer Health)
30247316,10.1097/tp.0000000000002454,2019,post,Transplantation,"Journal Article; Multicenter Study; Randomized Controlled Trial; Research Support, Non-U.S. Gov't",A Randomized Study of Quantiferon CMV-directed Versus Fixed-duration Valganciclovir Prophylaxis to Reduce Late CMV After Lung Transplantation.,Snell GI,Australia,1,False,rct,snell gi|australia,WoltersKluwer,closed,,Ovid Technologies (Wolters Kluwer Health)
30234787,10.1097/tp.0000000000002436,2019,post,Transplantation,Journal Article,Kinetics of Torque Teno Virus-DNA Plasma Load Predict Rejection in Lung Transplant Recipients.,Müller-Quernheim J,Germany,1,True,registry,müller-quernheim j|germany,WoltersKluwer,closed,,Ovid Technologies (Wolters Kluwer Health)
30229311,10.1007/s00595-018-1717-9,2019,post,Surgery today,Journal Article,A single-nucleotide polymorphism in a gene modulating glucocorticoid sensitivity is associated with the decline in total lung capacity after lung transplantation.,Toyooka S,Japan,1,False,,toyooka s|japan,OA,green,https://ousar.lib.okayama-u.ac.jp/files/public/5/56708/20190614102741882131/K0005867_summary.pdf,Springer Science and Business Media LLC
30228085,10.1016/j.healun.2018.07.015,2018,pre,The Journal of heart and lung transplantation : the official publication of the International Society for Heart Transplantation,"Journal Article; Research Support, N.I.H., Extramural",Pre-transplant weight loss and clinical outcomes after lung transplantation.,Smith PJ,United States,1,False,,smith pj|united states,Elsevier,closed,,Elsevier BV
30217824,10.1074/jbc.ra118.003926,2018,pre,The Journal of biological chemistry,"Journal Article; Research Support, N.I.H., Extramural; Research Support, Non-U.S. Gov't",c-Jun N-terminal kinase (JNK)-mediated induction of mSin1 expression and mTORC2 activation in mesenchymal cells during fibrosis.,Lama VN,,0,False,,lama vn|,OA,hybrid,http://www.jbc.org/article/S0021925820313119/pdf,Elsevier BV
30211828,10.1097/tp.0000000000002450,2019,post,Transplantation,"Journal Article; Research Support, N.I.H., Extramural; Research Support, Non-U.S. Gov't; Research Support, U.S. Gov't, Non-P.H.S.",NKG2C Natural Killer Cells in Bronchoalveolar Lavage Are Associated With Cytomegalovirus Viremia and Poor Outcomes in Lung Allograft Recipients.,Greenland JR,,0,False,,greenland jr|,WoltersKluwer,closed,,Ovid Technologies (Wolters Kluwer Health)
30200966,10.1186/s12931-018-0881-1,2018,pre,Respiratory research,Journal Article,Combined diffusing capacity for nitric oxide and carbon monoxide as predictor of bronchiolitis obliterans syndrome following lung transplantation.,Jörres RA,Germany,2,True,,jörres ra|germany,OA,gold,https://respiratory-research.biomedcentral.com/track/pdf/10.1186/s12931-018-0881-1,Springer Science and Business Media LLC
30192029,10.1111/ctr.13397,2018,pre,Clinical transplantation,Journal Article,Association of methacholine challenge test with diagnosis of chronic lung allograft dysfunction in lung transplant patients.,Kaleekal T,,0,False,,kaleekal t|,Wiley,closed,,Wiley
30177111,10.1016/j.transproceed.2017.12.060,2018,pre,Transplantation proceedings,Journal Article; Observational Study,Usefulness of the Impulse Oscillometry System in Graft Function Monitoring in Lung Transplant Recipients.,Zeglen S,Poland,1,False,,zeglen s|poland,OA,green,https://ruj.uj.edu.pl/xmlui/handle/item/126474,Elsevier BV
30177110,10.1016/j.transproceed.2017.11.080,2018,pre,Transplantation proceedings,Journal Article,Bacterial Infections During Hospital Stay and Their Impact on Mortality After Lung Transplantation: A Single-Center Study.,Zeglen S,Poland,1,True,registry,zeglen s|poland,OA,green,https://ruj.uj.edu.pl/xmlui/handle/item/64899,Elsevier BV
30173825,10.1016/j.healun.2018.06.002,2018,pre,The Journal of heart and lung transplantation : the official publication of the International Society for Heart Transplantation,Journal Article,Transplanting the pulmonary virome: Dynamics of transient populations.,Glanville AR,United Kingdom,1,False,,glanville ar|united kingdom,Elsevier,closed,,Elsevier BV
30160803,10.1111/ctr.13394,2018,pre,Clinical transplantation,"Journal Article; Research Support, Non-U.S. Gov't",Preoperative expectations for health-related quality of life after lung transplant.,Singer LG,Canada,1,False,,singer lg|canada,Wiley,closed,,Wiley
30150035,10.1016/j.ejrad.2018.07.016,2018,pre,European journal of radiology,Journal Article,Lobe-wise assessment of lung volume and density distribution in lung transplant patients and value for early detection of bronchiolitis obliterans syndrome.,Shin HO,Germany,1,False,,shin ho|germany,Elsevier,closed,,Elsevier BV
30135417,10.12659/aot.908471,2018,pre,Annals of transplantation,Journal Article,"Early Sirolimus-Based Immunosuppression is Safe for Lung Transplantation Patients: Retrospective, Single Arm, Exploratory Study.",Karolak W,Poland,1,True,registry,karolak w|poland,OA,hybrid,https://doi.org/10.12659/aot.908471,"International Scientific Information, Inc."
30131203,10.1016/j.arbres.2018.07.025,2019,post,Archivos de bronconeumologia,Journal Article,Lung Retransplantation Due to Chronic Lung Allograph Dysfunction: Results From a Spanish Transplant Unit.,Roman A,Spain,1,False,,roman a|spain,Elsevier,closed,,Elsevier BV
30130331,10.1097/tp.0000000000002430,2019,post,Transplantation,Journal Article; Validation Study,Factors Associated With Mortality and Response to Extracorporeal Photopheresis in Lung Allograft Recipients With Bronchiolitis Obliterans Syndrome.,Despotis GJ,,0,False,,despotis gj|,WoltersKluwer,closed,,Ovid Technologies (Wolters Kluwer Health)
30126365,10.1186/s12866-018-1231-7,2018,pre,BMC microbiology,Journal Article; Observational Study,Impact of gram negative bacteria airway recolonization on the occurrence of chronic lung allograft dysfunction after lung transplantation in a population of cystic fibrosis patients.,Reynaud-Gaubert M,France,2,True,,reynaud-gaubert m|france,OA,gold,https://bmcmicrobiol.biomedcentral.com/track/pdf/10.1186/s12866-018-1231-7,Springer Science and Business Media LLC
30100023,10.1016/j.jss.2018.04.023,2018,pre,The Journal of surgical research,Journal Article,Socioeconomic deprivation is not associated with reduced survival of lung transplant recipients.,McWilliams TJ,,0,True,,mcwilliams tj|,Elsevier,closed,,Elsevier BV
30098575,10.1016/j.jcrc.2018.07.028,2018,pre,Journal of critical care,Journal Article,Non-invasive positive pressure ventilation in lung transplant recipients with acute respiratory failure: Beyond the perioperative period.,Hanane T,United States,1,False,,hanane t|united states,Elsevier,closed,,Elsevier BV
30087241,10.3390/ijms19082310,2018,pre,International journal of molecular sciences,Journal Article,Hyaluronic Acid-Decorated Chitosan Nanoparticles for CD44-Targeted Delivery of Everolimus.,Genta I,Italy,1,False,,genta i|italy,OA,gold,https://www.mdpi.com/1422-0067/19/8/2310/pdf?version=1533624133,MDPI AG
30086092,10.1097/tp.0000000000002393,2019,post,Transplantation,"Journal Article; Research Support, Non-U.S. Gov't",Role of 18F-FDG PET/CT in Restrictive Allograft Syndrome After Lung Transplantation.,Vos R,Belgium,1,False,,vos r|belgium,OA,green,https://lirias.kuleuven.be/handle/123456789/626593,Ovid Technologies (Wolters Kluwer Health)
30084977,10.1093/ejcts/ezy254,2019,post,European journal of cardio-thoracic surgery : official journal of the European Association for Cardio-thoracic Surgery,Journal Article,Lung donation after circulatory determined death: a single-centre experience.,Parmar J,Italy,1,False,,parmar j|italy,OA,bronze,https://academic.oup.com/ejcts/article-pdf/55/2/309/27510564/ezy254.pdf,Oxford University Press (OUP)
30069326,10.21037/jtd.2018.05.176,2018,pre,Journal of thoracic disease,Journal Article,A novel model for dissecting roles of IL-17 in lung transplantation.,Ding Y,China,1,False,,ding y|china,OA,gold,https://doi.org/10.21037/jtd.2018.05.176,AME Publishing Company
30054981,10.1111/crj.12948,2018,pre,The clinical respiratory journal,Journal Article,Chronic opioid use and clinical outcomes in lung transplant recipients: A single-center cohort study.,Hayes D,,0,True,,hayes d|,Wiley,closed,,Wiley
30053048,10.1093/infdis/jiy452,2018,pre,The Journal of infectious diseases,Journal Article,Torque Teno Virus as a Novel Biomarker Targeting the Efficacy of Immunosuppression After Lung Transplantation.,Puchhammer-Stöckl E,Austria,1,True,registry,puchhammer-stöckl e|austria,OA,bronze,https://academic.oup.com/jid/article-pdf/218/12/1922/26362842/jiy452.pdf,Oxford University Press (OUP)
30042393,10.1038/s41598-018-29504-5,2018,pre,Scientific reports,Journal Article,Lung resident mesenchymal cells isolated from patients with the Bronchiolitis Obliterans Syndrome display a deregulated epigenetic profile.,Vitulo P,Italy,1,False,,vitulo p|italy,OA,gold,https://www.nature.com/articles/s41598-018-29504-5.pdf,Springer Science and Business Media LLC
29976654,10.1183/13993003.01898-2017,2018,pre,The European respiratory journal,"Journal Article; Multicenter Study; Research Support, Non-U.S. Gov't",Role of C1q-binding anti-HLA antibodies as a predictor of lung allograft outcome.,Taupin JL,France,1,False,,taupin jl|france,OA,bronze,https://erj.ersjournals.com/content/erj/52/2/1701898.full.pdf,European Respiratory Society (ERS)
29962390,10.5761/atcs.oa.18-00098,2018,pre,Annals of thoracic and cardiovascular surgery : official journal of the Association of Thoracic and Cardiovascular Surgeons of Asia,Comparative Study; Journal Article,Lung Transplantation with Controlled Donation after Circulatory Death Donors.,Weder W,Switzerland,1,False,,weder w|switzerland,OA,gold,https://www.jstage.jst.go.jp/article/atcs/24/6/24_oa.18-00098/_pdf,Editorial Committee of Annals of Thoracic and Cardiovascular Surgery
29953629,10.1111/his.13697,2018,pre,Histopathology,Journal Article,Lung histopathology of non-infectious pulmonary complications after allogeneic haematopoietic stem cell transplantation.,Bergeron A,France,2,True,,bergeron a|france,Wiley,closed,,Wiley
29937159,10.1016/j.jtcvs.2018.05.003,2018,pre,The Journal of thoracic and cardiovascular surgery,"Journal Article; Research Support, Non-U.S. Gov't",A novel combined ex vivo and in vivo lentiviral interleukin-10 gene delivery strategy at the time of transplantation decreases chronic lung allograft rejection in mice.,Keshavjee S,Canada,1,False,,keshavjee s|canada,OA,bronze,http://www.jtcvs.org/article/S0022522318314193/pdf,Elsevier BV
29929823,10.1016/j.healun.2018.04.007,2018,pre,The Journal of heart and lung transplantation : the official publication of the International Society for Heart Transplantation,"Journal Article; Research Support, N.I.H., Extramural",Bronchiolitis obliterans syndrome susceptibility and the pulmonary microbiome.,Perkins DL,,0,False,,perkins dl|,Elsevier,closed,,Elsevier BV
29923278,10.1111/imj.14001,2018,pre,Internal medicine journal,Journal Article,Lung transplant: the Western Australian experience.,Musk M,Australia,1,False,,musk m|australia,Wiley,closed,,Wiley
29908844,10.1016/j.humimm.2018.06.005,2018,pre,Human immunology,Journal Article,Tissue-associated self-antigens containing exosomes: Role in allograft rejection.,Mohanakumar T,United States,1,False,,mohanakumar t|united states,Elsevier,closed,,Elsevier BV
29891245,10.1016/j.jtcvs.2018.03.112,2018,pre,The Journal of thoracic and cardiovascular surgery,Journal Article,A single-center experience of 1500 lung transplant patients.,Kreisel D,,0,False,,kreisel d|,OA,bronze,http://www.jtcvs.org/article/S0022522318308948/pdf,Elsevier BV
29880387,10.1016/j.transproceed.2018.02.070,2018,pre,Transplantation proceedings,Journal Article,Azithromycin Fails to Prevent Accelerated Airway Obliteration in T-bet-/- Mouse Lung Allograft Recipients.,McDyer JF,United States,1,False,,mcdyer jf|united states,OA,green,https://www.ncbi.nlm.nih.gov/pmc/articles/8136584,Elsevier BV
29804306,10.1111/ctr.13298,2018,pre,Clinical transplantation,Clinical Trial; Journal Article,Lung transplantation in the Lung Allocation Score era: Medium-term analysis from a single center.,Ardehali A,United States,1,True,registry,ardehali a|united states,Wiley,closed,,Wiley
29796421,10.1097/txd.0000000000000790,2018,pre,Transplantation direct,Journal Article,Cyclophosphamide for Refractory Acute Cellular Rejection After Lung Transplantation.,Morrell M,,0,True,registry,morrell m|,OA,gold,https://doi.org/10.1097/txd.0000000000000790,Ovid Technologies (Wolters Kluwer Health)
29796420,10.1097/txd.0000000000000785,2018,pre,Transplantation direct,Journal Article,Single-Center Long-Term Analysis of Combined Liver-Lung Transplant Outcomes.,Knechtle S,,0,False,registry,knechtle s|,OA,gold,https://doi.org/10.1097/txd.0000000000000785,Ovid Technologies (Wolters Kluwer Health)
29781811,10.1172/jci98436,2018,pre,The Journal of clinical investigation,"Journal Article; Research Support, N.I.H., Extramural; Research Support, Non-U.S. Gov't; Research Support, U.S. Gov't, Non-P.H.S.",Spleen-derived classical monocytes mediate lung ischemia-reperfusion injury through IL-1β.,Kreisel D,United States,1,False,,kreisel d|united states,OA,bronze,http://www.jci.org/articles/view/98436/files/pdf,American Society for Clinical Investigation
29779167,10.1007/s10753-018-0799-2,2018,pre,Inflammation,Journal Article,miR-199b-5p Regulates Immune-Mediated Allograft Rejection after Lung Transplantation Through the GSK3β and NF-κB Pathways.,Hu J,China,1,False,,hu j|china,Springer,closed,,Springer Science and Business Media LLC
29774598,10.1111/ctr.13285,2018,pre,Clinical transplantation,Clinical Trial; Journal Article,Evaluation of current strategies for surveillance and management of donor-specific antibodies: Single-center study.,Kaza V,United States,1,True,,kaza v|united states,Wiley,closed,,Wiley
29771243,10.1088/1752-7163/aac5af,2018,pre,Journal of breath research,Journal Article,Breath volatile organic compounds of lung transplant recipients with and without chronic lung allograft dysfunction.,Hohlfeld JM,Germany,1,False,,hohlfeld jm|germany,OA,hybrid,https://iopscience.iop.org/article/10.1088/1752-7163/aac5af/pdf,IOP Publishing
29754418,10.1111/ctr.13281,2018,pre,Clinical transplantation,Clinical Trial; Journal Article,Comprehensive outcomes after lung retransplantation: A single-center review.,Singer LG,Canada,1,False,,singer lg|canada,Wiley,closed,,Wiley
29751799,10.1186/s12931-018-0794-z,2018,pre,Respiratory research,"Journal Article; Research Support, Non-U.S. Gov't",The aging lung: tissue telomere shortening in health and disease.,Vanaudenaerde BM,Belgium,4,True,,vanaudenaerde bm|belgium,OA,gold,https://respiratory-research.biomedcentral.com/track/pdf/10.1186/s12931-018-0794-z,Springer Science and Business Media LLC
29719115,10.1111/ajt.14912,2018,pre,American journal of transplantation : official journal of the American Society of Transplantation and the American Society of Transplant Surgeons,Journal Article,Preemptive treatment of early donor-specific antibodies with IgA- and IgM-enriched intravenous human immunoglobulins in lung transplantation.,Warnecke G,Germany,1,False,,warnecke g|germany,OA,bronze,https://onlinelibrary.wiley.com/doi/pdfdirect/10.1111/ajt.14912,Elsevier BV
29713813,10.1007/s00595-018-1666-3,2018,pre,Surgery today,Journal Article,Gastrointestinal complications after lung transplantation in Japanese patients.,Date H,Japan,1,False,,date h|japan,Springer,closed,,Springer Science and Business Media LLC
29708209,10.1186/s41747-017-0032-3,2018,pre,European radiology experimental,Journal Article,Magnetisation transfer as a biomarker for chronic airway fibrosis in a mouse lung transplantation model.,Boss A,Switzerland,2,True,,boss a|switzerland,OA,gold,https://eurradiolexp.springeropen.com/track/pdf/10.1186/s41747-017-0032-3,Springer Science and Business Media LLC
29637624,10.1111/ctr.13233,2018,pre,Clinical transplantation,"Journal Article; Research Support, Non-U.S. Gov't",Quantitative chest CT for subtyping chronic lung allograft dysfunction and its association with survival.,Paul N,Canada,3,True,,paul n|canada,Wiley,closed,,Wiley
29628135,10.1016/j.healun.2018.03.003,2018,pre,The Journal of heart and lung transplantation : the official publication of the International Society for Heart Transplantation,Journal Article; Multicenter Study; Observational Study,"Lung transplantation for scleroderma lung disease: An international, multicenter, observational cohort study.",,Belgium,6,True,,,Elsevier,closed,,Elsevier BV
29624575,10.1371/journal.pone.0193564,2018,pre,PloS one,"Journal Article; Randomized Controlled Trial; Research Support, Non-U.S. Gov't",Montelukast for bronchiolitis obliterans syndrome after lung transplantation: A randomized controlled trial.,Verleden GM,Belgium,1,False,rct,verleden gm|belgium,OA,gold,https://journals.plos.org/plosone/article/file?id=10.1371/journal.pone.0193564&type=printable,Public Library of Science (PLoS)
29620623,10.1097/md.0000000000010064,2018,pre,Medicine,Journal Article; Observational Study,Suicidal hanging donors for lung transplantation: Is this chapter still closed? Midterm experience from a single center in United Kingdom.,Popov AF,United Kingdom,1,False,,popov af|united kingdom,OA,gold,https://doi.org/10.1097/md.0000000000010064,Ovid Technologies (Wolters Kluwer Health)
29607606,10.1111/ajt.14759,2018,pre,American journal of transplantation : official journal of the American Society of Transplantation and the American Society of Transplant Surgeons,"Journal Article; Research Support, Non-U.S. Gov't",Detection of chronic lung allograft dysfunction using ventilation-weighted Fourier decomposition MRI.,Vogel-Claussen J,Germany,1,False,,vogel-claussen j|germany,OA,hybrid,https://onlinelibrary.wiley.com/doi/pdfdirect/10.1111/ajt.14759,Elsevier BV
29603543,10.1111/tid.12893,2018,pre,Transplant infectious disease : an official journal of the Transplantation Society,Journal Article,Clinical significance of post-prophylaxis cytomegalovirus infection in lung transplant recipients.,Manuel O,United States,1,False,,manuel o|united states,Wiley,closed,,Wiley
29602706,10.1016/j.healun.2018.02.014,2018,pre,The Journal of heart and lung transplantation : the official publication of the International Society for Heart Transplantation,Journal Article,Baseline lung allograft dysfunction is associated with impaired survival after double-lung transplantation.,Halloran K,Canada,1,False,,halloran k|canada,Elsevier,closed,,Elsevier BV
29573785,10.1016/j.jtcvs.2018.02.039,2018,pre,The Journal of thoracic and cardiovascular surgery,Journal Article,Upregulation of alveolar neutrophil enzymes and long pentraxin-3 in human chronic lung allograft dysfunction subtypes.,Keshavjee S,Canada,1,False,,keshavjee s|canada,OA,bronze,http://www.jtcvs.org/article/S0022522318305786/pdf,Elsevier BV
29571601,10.1016/j.healun.2018.01.1306,2018,pre,The Journal of heart and lung transplantation : the official publication of the International Society for Heart Transplantation,"Journal Article; Research Support, Non-U.S. Gov't",High circulating CD4+CD25hiFOXP3+ T-cell sub-population early after lung transplantation is associated with development of bronchiolitis obliterans syndrome.,,France,1,False,,,OA,green,https://hal.science/hal-01833919/document,Elsevier BV
29547626,10.1371/journal.pone.0194193,2018,pre,PloS one,"Clinical Trial; Journal Article; Research Support, N.I.H., Extramural; Research Support, N.I.H., Intramural; Research Support, Non-U.S. Gov't",Clinical management and outcomes of patients with Hermansky-Pudlak syndrome pulmonary fibrosis evaluated for lung transplantation.,Gochuico BR,United States,1,False,,gochuico br|united states,OA,gold,https://doi.org/10.1371/journal.pone.0194193,Public Library of Science (PLoS)
29533326,10.1097/psy.0000000000000573,2018,pre,Psychosomatic medicine,"Journal Article; Research Support, U.S. Gov't, P.H.S.","Depressive Symptoms, Exercise Capacity, and Clinical Outcomes After Lung Transplantation.",Snyder LD,,0,False,,snyder ld|,WoltersKluwer,closed,,Ovid Technologies (Wolters Kluwer Health)
29529999,10.1186/s12890-018-0606-8,2018,pre,BMC pulmonary medicine,Journal Article,Prevalence of pre-transplant anti-HLA antibodies and their impact on outcomes in lung transplant recipients.,Kim SY,South Korea,1,False,,kim sy|south korea,OA,gold,https://bmcpulmmed.biomedcentral.com/track/pdf/10.1186/s12890-018-0606-8,Springer Science and Business Media LLC
29513387,10.1111/ajt.14723,2018,pre,American journal of transplantation : official journal of the American Society of Transplantation and the American Society of Transplant Surgeons,Journal Article; Observational Study,Increasing tacrolimus time-in-therapeutic range is associated with superior one-year outcomes in lung transplant recipients.,Venkataramanan R,United States,1,True,registry,venkataramanan r|united states,OA,hybrid,https://onlinelibrary.wiley.com/doi/pdfdirect/10.1111/ajt.14723,Elsevier BV
29505550,10.1097/mcg.0000000000001015,2019,post,Journal of clinical gastroenterology,Journal Article,Unilateral Versus Bilateral Lung Transplantation: Do Different Esophageal Risk Factors Predict Chronic Allograft Failure?,Houghton LA,,0,False,,houghton la|,WoltersKluwer,closed,,Ovid Technologies (Wolters Kluwer Health)
29492210,10.18632/oncotarget.23902,2018,pre,Oncotarget,Journal Article,Pentraxin 3 deficiency enhances features of chronic rejection in a mouse orthotopic lung transplantation model.,Liu M,Canada,1,False,,liu m|canada,OA,gold,http://www.oncotarget.com/index.php?journal=oncotarget&page=article&op=download&path%5B%5D=23902&path%5B%5D=75181,"Impact Journals, LLC"
29491008,10.4049/jimmunol.1701587,2018,pre,"Journal of immunology (Baltimore, Md. : 1950)","Journal Article; Research Support, N.I.H., Extramural",Circulating Exosomes with Distinct Properties during Chronic Lung Allograft Rejection.,Mohanakumar T,,0,False,,mohanakumar t|,OA,bronze,https://www.jimmunol.org/content/jimmunol/200/8/2535.full.pdf,Oxford University Press (OUP)
29472146,10.1016/j.acra.2018.01.013,2018,pre,Academic radiology,Journal Article,Machine Learning Algorithms Utilizing Quantitative CT Features May Predict Eventual Onset of Bronchiolitis Obliterans Syndrome After Lung Transplantation.,Lee J,Belgium,1,False,,lee j|belgium,OA,bronze,https://www.academicradiology.org/article/S1076-6332(18)30027-8/pdf,Elsevier BV
29411918,10.1111/nmo.13296,2018,pre,Neurogastroenterology and motility,Journal Article,"Esophageal dysmotility according to Chicago classification v3.0 vs v2.0: Implications for association with reflux, bolus clearance, and allograft failure post-lung transplantation.",Houghton LA,United States,1,False,,houghton la|united states,Wiley,closed,,Wiley
29405435,10.1111/ctr.13219,2018,pre,Clinical transplantation,"Journal Article; Research Support, Non-U.S. Gov't",Immediate post-operative broncho-alveolar lavage IL-6 and IL-8 are associated with early outcomes after lung transplantation.,Vos R,Belgium,1,False,,vos r|belgium,Wiley,closed,,Wiley
29377402,10.1111/tid.12853,2018,pre,Transplant infectious disease : an official journal of the Transplantation Society,Journal Article,Infection transmission among lung transplant couples.,Suhling H,Germany,1,False,,suhling h|germany,Wiley,closed,,Wiley
29375549,10.3389/fimmu.2017.01841,2017,pre,Frontiers in immunology,Journal Article,Blood Gene Expression Predicts Bronchiolitis Obliterans Syndrome.,,France,2,True,,,OA,gold,https://www.frontiersin.org/articles/10.3389/fimmu.2017.01841/pdf,Frontiers Media SA
29367465,10.1172/jci.insight.95659,2018,pre,JCI insight,"Journal Article; Research Support, N.I.H., Extramural; Research Support, Non-U.S. Gov't; Validation Study",Inflammatory macrophage-associated 3-gene signature predicts subclinical allograft injury and graft survival.,Khatri P,Belgium,3,True,,khatri p|belgium,OA,gold,http://insight.jci.org/articles/view/95659/files/pdf,American Society for Clinical Investigation
29360666,10.1097/tp.0000000000002107,2018,pre,Transplantation,"Comparative Study; Journal Article; Research Support, N.I.H., Extramural",Specific Donor HLA-DR Types Correlate With Altered Susceptibility to Development of Chronic Lung Allograft Dysfunction.,Burlingham WJ,,0,False,,burlingham wj|,OA,green,https://www.ncbi.nlm.nih.gov/pmc/articles/6055997,Ovid Technologies (Wolters Kluwer Health)
29352737,10.1111/cei.13103,2018,pre,Clinical and experimental immunology,"Journal Article; Research Support, Non-U.S. Gov't",Bronchiolitis obliterans syndrome is associated with increased p-glycoprotein expression and loss of glucocorticoid receptor from steroid-resistant proinflammatory CD8+ T cells.,Holmes M,Australia,1,True,registry,holmes m|australia,OA,green,https://www.ncbi.nlm.nih.gov/pmc/articles/5904702,Oxford University Press (OUP)
29327719,10.1038/modpathol.2017.180,2018,pre,"Modern pathology : an official journal of the United States and Canadian Academy of Pathology, Inc",Journal Article,The histomorphological spectrum of restrictive chronic lung allograft dysfunction and implications for prognosis.,Verleden SE,Belgium,2,True,,verleden se|belgium,OA,bronze,https://www.nature.com/articles/modpathol2017180.pdf,Elsevier BV
29322685,10.1002/sctm.17-0198,2018,pre,Stem cells translational medicine,"Clinical Trial; Journal Article; Research Support, Non-U.S. Gov't","Feasibility, Safety, and Tolerance of Mesenchymal Stem Cell Therapy for Obstructive Chronic Lung Allograft Dysfunction.",Zubair AC,United States,1,False,,zubair ac|united states,OA,gold,https://stemcellsjournals.onlinelibrary.wiley.com/doi/pdfdirect/10.1002/sctm.17-0198,Oxford University Press (OUP)
29302022,10.12659/aot.906372,2018,pre,Annals of transplantation,Journal Article,Effect of Immunosuppression on Target Blood Immune Cells Within 1 Year After Lung Transplantation: Influence of Age on T Lymphocytes.,Reynaud-Gaubert M,France,1,True,registry,reynaud-gaubert m|france,OA,hybrid,https://doi.org/10.12659/aot.906372,"International Scientific Information, Inc."
29300898,10.1093/icvts/ivx412,2018,pre,Interactive cardiovascular and thoracic surgery,Journal Article,Impact of human leukocyte antigen mismatch on lung transplant outcome.,Jungraithmayr W,Switzerland,1,False,,jungraithmayr w|switzerland,OA,bronze,https://academic.oup.com/icvts/article-pdf/26/5/859/24659658/ivx412.pdf,Oxford University Press (OUP)
29296975,10.1182/bloodadvances.2016002360,2017,pre,Blood advances,Journal Article,Cell-surface C-type lectin-like receptor CLEC-1 dampens dendritic cell activation and downstream Th17 responses.,Chiffoleau E,France,2,True,,chiffoleau e|france,OA,gold,https://ashpublications.org/bloodadvances/article-pdf/1/9/557/878356/advances002360.pdf,American Society of Hematology
31414076,10.21926/obm.transplant.1804029,2018,pre,OBM transplantation,Journal Article,The Impact of Allograft CXCL9 during Respiratory Infection on the Risk of Chronic Lung Allograft Dysfunction.,Belperio JA,United States,1,False,,belperio ja|united states,OA,gold,https://doi.org/10.21926/obm.transplant.1804029,LIDSEN Publishing Inc
29262833,10.1186/s13019-017-0673-6,2017,pre,Journal of cardiothoracic surgery,Journal Article,The role of epithelial-mesenchymal transition in the post-lung transplantation bronchiolitis obliterans.,Hu J,China,1,False,,hu j|china,OA,gold,https://cardiothoracicsurgery.biomedcentral.com/track/pdf/10.1186/s13019-017-0673-6,Springer Science and Business Media LLC
29256975,10.1097/tp.0000000000002058,2018,pre,Transplantation,"Comparative Study; Journal Article; Research Support, N.I.H., Extramural",Gene Expression Profiling of Bronchoalveolar Lavage Cells During Aspergillus Colonization of the Lung Allograft.,Belperio JA,Canada,1,False,,belperio ja|canada,WoltersKluwer,closed,,Ovid Technologies (Wolters Kluwer Health)
29253466,10.1016/j.athoracsur.2017.11.034,2018,pre,The Annals of thoracic surgery,Journal Article,Inverted Lobes Have Satisfactory Functions Compared With Noninverted Lobes in Lung Transplantation.,Date H,Japan,1,False,,date h|japan,OA,bronze,http://www.annalsthoracicsurgery.org/article/S0003497517316107/pdf,Elsevier BV
29236513,10.1164/rccm.201707-1368oc,2018,pre,American journal of respiratory and critical care medicine,"Journal Article; Research Support, N.I.H., Extramural; Research Support, Non-U.S. Gov't",Depletion of Airway Submucosal Glands and TP63+KRT5+ Basal Cells in Obliterative Bronchiolitis.,Parekh KR,,0,False,,parekh kr|,Other-paywall,closed,,Oxford University Press (OUP)
29178919,10.1186/s13019-017-0666-5,2017,pre,Journal of cardiothoracic surgery,Journal Article,"Double lung, unlike single lung transplantation might provide a protective effect on mortality and bronchiolitis obliterans syndrome.",Lindstedt S,Sweden,1,False,,lindstedt s|sweden,OA,gold,https://cardiothoracicsurgery.biomedcentral.com/track/pdf/10.1186/s13019-017-0666-5,Springer Science and Business Media LLC
29151274,10.1111/ctr.13156,2018,pre,Clinical transplantation,Journal Article; Observational Study,Effect of HMG CoA reductase inhibitors on the development of chronic lung allograft dysfunction.,Byrns J,United States,1,False,,byrns j|united states,Wiley,closed,,Wiley
29149977,10.1016/j.transproceed.2017.09.021,2017,pre,Transplantation proceedings,Journal Article,Donor Smoking and Older Age Increases Morbidity and Mortality After Lung Transplantation.,Iversen M,Denmark,1,False,,iversen m|denmark,Elsevier,closed,,Elsevier BV
29146602,10.1183/13993003.01248-2017,2017,pre,The European respiratory journal,"Journal Article; Research Support, Non-U.S. Gov't",Donor-specific and -nonspecific HLA antibodies and outcome post lung transplantation.,Vos R,Belgium,1,False,,vos r|belgium,OA,bronze,https://erj.ersjournals.com/content/erj/50/5/1701248.full.pdf,European Respiratory Society (ERS)
29135627,10.1097/rti.0000000000000307,2018,pre,Journal of thoracic imaging,Journal Article,Quantitative Computed Tomography Metrics From the Transplanted Lung can Predict Forced Expiratory Volume in the First Second After Lung Transplantation.,Lee JC,,0,False,,lee jc|,WoltersKluwer,closed,,Ovid Technologies (Wolters Kluwer Health)
29108516,10.6002/ect.2017.0133,2019,post,Experimental and clinical transplantation : official journal of the Middle East Society for Organ Transplantation,Journal Article; Multicenter Study,Clinical Outcomes of Paramyxovirus Infections in Lung Transplant Recipients Treated With Oral Ribavirin: A Two-Center Case Series.,Wille K,United States,1,True,registry,wille k|united states,Other-paywall,closed,,Baskent University
29100649,10.1016/j.athoracsur.2017.07.025,2018,pre,The Annals of thoracic surgery,Journal Article,Lung Retransplantation for Chronic Rejection: A Single-Center Experience.,Smith MA,,0,False,,smith ma|,Elsevier,closed,,Elsevier BV
29094310,10.1007/s10620-017-4827-0,2018,pre,Digestive diseases and sciences,Journal Article,Proton Pump Inhibitors Independently Protect Against Early Allograft Injury or Chronic Rejection After Lung Transplantation.,Chan WW,United States,1,False,,chan ww|united states,Springer,closed,,Springer Science and Business Media LLC
29087035,10.1111/ajt.14570,2018,pre,American journal of transplantation : official journal of the American Society of Transplantation and the American Society of Transplant Surgeons,"Journal Article; Multicenter Study; Randomized Controlled Trial; Research Support, N.I.H., Extramural",Postoperative cognitive dysfunction and mortality following lung transplantation.,Palmer SM,United States,1,False,rct,palmer sm|united states,OA,hybrid,https://doi.org/10.1111/ajt.14570,Elsevier BV
29082660,10.1111/petr.13069,2018,pre,Pediatric transplantation,Journal Article,Anellovirus loads are associated with outcomes in pediatric lung transplantation.,Wang D,United States,1,True,registry,wang d|united states,OA,green,https://www.ncbi.nlm.nih.gov/pmc/articles/5811341,Wiley
29075627,10.3389/fmed.2017.00155,2017,pre,Frontiers in medicine,Journal Article,Characteristics of Donor-Specific Antibodies Associated With Antibody-Mediated Rejection in Lung Transplantation.,Parquin F,France,2,True,,parquin f|france,OA,gold,https://www.frontiersin.org/articles/10.3389/fmed.2017.00155/pdf,Frontiers Media SA
29055604,10.1016/j.healun.2017.09.021,2017,pre,The Journal of heart and lung transplantation : the official publication of the International Society for Heart Transplantation,Journal Article,"Treatment of primary graft dysfunction after lung transplantation with orally inhaled AP301: A prospective, randomized pilot study.",Klepetko W,Austria,2,True,,klepetko w|austria,Elsevier,closed,,Elsevier BV
29048473,10.1093/ejcts/ezx359,2018,pre,European journal of cardio-thoracic surgery : official journal of the European Association for Cardio-thoracic Surgery,Journal Article,Use of taurolidine in lung transplantation for cystic fibrosis and impact on bacterial colonization.,Popov AF,United Kingdom,2,True,,popov af|united kingdom,OA,bronze,https://academic.oup.com/ejcts/article-pdf/53/3/603/24021614/ezx359.pdf,Oxford University Press (OUP)
29035589,10.1080/01902148.2017.1354408,2017,pre,Experimental lung research,"Journal Article; Research Support, Non-U.S. Gov't",The activity of nintedanib in an animal model of allogenic left lung transplantation resembling aspects of allograft rejection.,Lehle K,Germany,1,False,,lehle k|germany,Other-paywall,closed,,Informa UK Limited
28992372,10.1111/ajt.14534,2018,pre,American journal of transplantation : official journal of the American Society of Transplantation and the American Society of Transplant Surgeons,"Clinical Trial; Journal Article; Research Support, N.I.H., Extramural",The role of C4d deposition in the diagnosis of antibody-mediated rejection after lung transplantation.,Hachem RR,United States,1,False,,hachem rr|united states,OA,hybrid,https://onlinelibrary.wiley.com/doi/pdfdirect/10.1111/ajt.14534,Elsevier BV
28964417,10.1016/j.athoracsur.2017.05.042,2017,pre,The Annals of thoracic surgery,Journal Article,Continued Successful Evolution of Extended Criteria Donor Lungs for Transplantation.,Westall GP,Australia,1,False,,westall gp|australia,OA,bronze,http://www.annalsthoracicsurgery.org/article/S0003497517307208/pdf,Elsevier BV
28945471,10.1513/annalsats.201606-464mg,2017,pre,Annals of the American Thoracic Society,Journal Article,Host-Pathogen Interactions and Chronic Lung Allograft Dysfunction.,Weigt SS,,0,True,registry,weigt ss|,OA,green,https://www.ncbi.nlm.nih.gov/pmc/articles/5711338,Oxford University Press (OUP)
28945470,10.1513/annalsats.201608-618mg,2017,pre,Annals of the American Thoracic Society,Journal Article,Gene Expression Profiling of Bronchoalveolar Lavage Cells Preceding a Clinical Diagnosis of Chronic Lung Allograft Dysfunction.,Belperio JA,,0,False,,belperio ja|,OA,green,https://www.ncbi.nlm.nih.gov/pmc/articles/5711343,Oxford University Press (OUP)
28932229,10.3389/fimmu.2017.01109,2017,pre,Frontiers in immunology,Journal Article,Association between a Single Donor TARC/CCL17 Promotor Polymorphism and Obstructive Chronic Lung Allograft Dysfunction after Lung Transplantation.,Otten HG,Netherlands,1,False,,otten hg|netherlands,OA,gold,https://www.frontiersin.org/articles/10.3389/fimmu.2017.01109/pdf,Frontiers Media SA
28926522,10.1097/tp.0000000000001592,2017,pre,Transplantation,"Journal Article; Research Support, Non-U.S. Gov't","BOS Is Associated With Increased Cytotoxic Proinflammatory CD8 T, NKT-Like, and NK Cells in the Small Airways.",Holmes M,Australia,1,True,registry,holmes m|australia,WoltersKluwer,closed,,Ovid Technologies (Wolters Kluwer Health)
28886227,10.1111/ctr.13111,2017,pre,Clinical transplantation,Journal Article,Lung transplantation in cystic fibrosis patients in Israel: The importance of ethnicity and nutritional status.,Kramer MR,Israel,1,False,,kramer mr|israel,Wiley,closed,,Wiley
28871078,10.12659/aot.904819,2017,pre,Annals of transplantation,Journal Article,"Impact of Forced Expiratory Volume in 1 Second (FEV1) and 6-Minute Walking Distance at 3, 6, and 12 Months and Annually on Survival and Occurrence of Bronchiolitis Obliterans Syndrome (BOS) After Lung Transplantation.",Lindstedt S,Sweden,1,False,,lindstedt s|sweden,OA,hybrid,https://doi.org/10.12659/aot.904819,"International Scientific Information, Inc."
28850899,10.1016/j.compbiomed.2017.08.016,2017,pre,Computers in biology and medicine,Journal Article,Multivariate modeling using quantitative CT metrics may improve accuracy of diagnosis of bronchiolitis obliterans syndrome after lung transplantation.,Shou H,United States,1,False,,shou h|united states,Elsevier,closed,,Elsevier BV
28840631,10.1111/resp.13160,2018,pre,"Respirology (Carlton, Vic.)",Journal Article,Domiciliary non-invasive ventilation post lung transplantation.,Dabscheck E,Australia,1,False,,dabscheck e|australia,OA,bronze,https://onlinelibrary.wiley.com/doi/pdfdirect/10.1111/resp.13160,Wiley
28825953,10.1097/tp.0000000000001917,2018,pre,Transplantation,Journal Article,Chronic Airway Fibrosis in Orthotopic Mouse Lung Transplantation Models-An Experimental Reappraisal.,Jungraithmayr W,Switzerland,4,True,registry,jungraithmayr w|switzerland,OA,green,http://Insights.ovid.com/pubmed?pmid=28825953,Ovid Technologies (Wolters Kluwer Health)
28798289,10.12659/aot.904225,2017,pre,Annals of transplantation,Journal Article,Prolonged Administration of Twice-Daily Bolus Intravenous Tacrolimus in the Early Phase After Lung Transplantation.,Oto T,Japan,1,False,,oto t|japan,OA,hybrid,https://doi.org/10.12659/aot.904225,"International Scientific Information, Inc."
28787506,10.1001/jama.2017.9938,2017,pre,JAMA,"Clinical Trial, Phase III; Journal Article; Multicenter Study; Randomized Controlled Trial; Research Support, Non-U.S. Gov't",Effect of Azithromycin on Airflow Decline-Free Survival After Allogeneic Hematopoietic Stem Cell Transplant: The ALLOZITHRO Randomized Clinical Trial.,,France,1,False,rct,,Other-paywall,closed,,American Medical Association (AMA)
28770204,10.3389/fmed.2017.00109,2017,pre,Frontiers in medicine,Journal Article,Development of a Multivariate Prediction Model for Early-Onset Bronchiolitis Obliterans Syndrome and Restrictive Allograft Syndrome in Lung Transplantation.,,Belgium,5,True,registry,,OA,gold,https://www.frontiersin.org/articles/10.3389/fmed.2017.00109/pdf,Frontiers Media SA
28756121,10.1016/j.healun.2017.07.007,2017,pre,The Journal of heart and lung transplantation : the official publication of the International Society for Heart Transplantation,Journal Article,Distal airway microbiome is associated with immunoregulatory myeloid cell responses in lung transplant recipients.,Deshane JS,United States,2,True,registry,deshane js|united states,Elsevier,closed,,Elsevier BV
28729000,10.1016/j.jaci.2017.06.022,2018,pre,The Journal of allergy and clinical immunology,"Clinical Trial; Journal Article; Multicenter Study; Research Support, Non-U.S. Gov't",Airway microbiota signals anabolic and catabolic remodeling in the transplanted lung.,,France,3,True,,,OA,bronze,http://www.jacionline.org/article/S0091674917311028/pdf,Elsevier BV
28720146,10.1186/s12890-017-0446-y,2017,pre,BMC pulmonary medicine,Journal Article,Analysis of long term CD4+CD25highCD127- T-reg cells kinetics in peripheral blood of lung transplant recipients.,Meloni F,Italy,1,False,,meloni f|italy,OA,gold,https://bmcpulmmed.biomedcentral.com/counter/pdf/10.1186/s12890-017-0446-y,Springer Science and Business Media LLC
28719135,10.1111/ajt.14432,2018,pre,American journal of transplantation : official journal of the American Society of Transplantation and the American Society of Transplant Surgeons,Journal Article,Multiple breath washout in pediatric patients after lung transplantation.,Schwerk N,Germany,2,True,,schwerk n|germany,OA,hybrid,https://onlinelibrary.wiley.com/doi/pdfdirect/10.1111/ajt.14432,Elsevier BV
28701473,10.1126/scitranslmed.aal1243,2017,pre,Science translational medicine,"Journal Article; Research Support, Non-U.S. Gov't; Research Support, N.I.H., Extramural",Zbtb7a induction in alveolar macrophages is implicated in anti-HLA-mediated lung allograft rejection.,Mohanakumar T,United States,1,False,,mohanakumar t|united states,Other-paywall,closed,,American Association for the Advancement of Science (AAAS)
28691954,10.1097/tp.0000000000001873,2018,pre,Transplantation,Journal Article,Maintenance Belatacept-Based Immunosuppression in Lung Transplantation Recipients Who Failed Calcineurin Inhibitors.,Ensor CR,,0,True,registry,ensor cr|,WoltersKluwer,closed,,Ovid Technologies (Wolters Kluwer Health)
28686641,10.1371/journal.pone.0180281,2017,pre,PloS one,Journal Article,The prognostic importance of CXCR3 chemokine during organizing pneumonia on the risk of chronic lung allograft dysfunction after lung transplantation.,Belperio JA,United States,1,False,,belperio ja|united states,OA,gold,https://journals.plos.org/plosone/article/file?id=10.1371/journal.pone.0180281&type=printable,Public Library of Science (PLoS)
28662022,10.1038/ctg.2017.30,2017,pre,Clinical and translational gastroenterology,Journal Article,Impaired Esophageal Motility and Clearance Post-Lung Transplant: Risk For Chronic Allograft Failure.,Houghton LA,United States,1,False,,houghton la|united states,OA,gold,https://doi.org/10.1038/ctg.2017.30,Ovid Technologies (Wolters Kluwer Health)
28658530,10.1111/ctr.13027,2017,pre,Clinical transplantation,Evaluation Study; Journal Article,The role of biomechanical anatomical modeling via computed tomography for identification of restrictive allograft syndrome.,Paul N,Canada,3,True,,paul n|canada,Wiley,closed,,Wiley
28653398,10.1111/ctr.13041,2017,pre,Clinical transplantation,Journal Article,Lung transplant recipients on long-term extracorporeal photopheresis.,Benden C,Switzerland,1,False,,benden c|switzerland,Wiley,closed,,Wiley
28651906,10.1016/j.healun.2017.05.004,2017,pre,The Journal of heart and lung transplantation : the official publication of the International Society for Heart Transplantation,Journal Article,Lung clearance index is sensitive to small airway disease in pediatric lung transplant recipients.,Milla CE,,0,False,,milla ce|,Elsevier,closed,,Elsevier BV
28647206,10.1016/j.ejrad.2017.06.008,2017,pre,European journal of radiology,Journal Article,CT at onset of chronic lung allograft dysfunction in lung transplant patients predicts development of the restrictive phenotype and survival.,Suhling H,Germany,1,False,,suhling h|germany,Elsevier,closed,,Elsevier BV
28637080,10.1111/ajt.14397,2018,pre,American journal of transplantation : official journal of the American Society of Transplantation and the American Society of Transplant Surgeons,"Journal Article; Research Support, N.I.H., Extramural",The Prognostic Importance of Bronchoalveolar Lavage Fluid CXCL9 During Minimal Acute Rejection on the Risk of Chronic Lung Allograft Dysfunction.,Belperio JA,,0,False,,belperio ja|,OA,hybrid,https://onlinelibrary.wiley.com/doi/pdfdirect/10.1111/ajt.14397,Elsevier BV
28620643,10.1097/txd.0000000000000676,2017,pre,Transplantation direct,Journal Article,Activin Biology After Lung Transplantation.,de Kretser DM,Australia,1,True,registry,de kretser dm|australia,OA,gold,https://doi.org/10.1097/txd.0000000000000676,Ovid Technologies (Wolters Kluwer Health)
28552627,10.1016/j.healun.2017.05.007,2017,pre,The Journal of heart and lung transplantation : the official publication of the International Society for Heart Transplantation,Journal Article,Perioperative statin use is associated with decreased incidence of primary graft dysfunction after lung transplantation.,Blank RS,,0,False,,blank rs|,Elsevier,closed,,Elsevier BV
28549673,10.1016/j.athoracsur.2017.02.054,2017,pre,The Annals of thoracic surgery,Journal Article,Ozone Therapy Protects Against Rejection in a Lung Transplantation Model: A New Treatment?,Bhora FY,Italy,2,True,registry,bhora fy|italy,OA,bronze,http://www.annalsthoracicsurgery.org/article/S0003497517303600/pdf,Elsevier BV
28546378,10.4187/respcare.05304,2017,pre,Respiratory care,Journal Article,Pediatric Lung Transplantation.,Sweet SC,,0,True,registry,sweet sc|,OA,bronze,http://rc.rcjournal.com/content/respcare/62/6/776.full.pdf,SAGE Publications
28545478,10.1186/s13019-017-0605-5,2017,pre,Journal of cardiothoracic surgery,Journal Article,LTB4 and montelukast in transplantation-related bronchiolitis obliterans in rats.,Hu J,China,1,False,,hu j|china,OA,gold,https://cardiothoracicsurgery.biomedcentral.com/track/pdf/10.1186/s13019-017-0605-5,Springer Science and Business Media LLC
28528427,10.1007/s10529-017-2355-9,2017,pre,Biotechnology letters,Journal Article,Repeated systemic administration of adipose tissue-derived mesenchymal stem cells prevents tracheal obliteration in a murine model of bronchiolitis obliterans.,Saueressig MG,Brazil,1,False,,saueressig mg|brazil,Springer,closed,,Springer Science and Business Media LLC
28488260,10.4414/smw.2017.14429,2017,pre,Swiss medical weekly,Journal Article,Cessation of extracorporeal photopheresis in chronic lung allograft dysfunction: effects on clinical outcome in adults.,Benden C,Switzerland,1,False,,benden c|switzerland,OA,gold,https://smw.ch/journalfile/view/article/ezm_smw/en/smw.2017.14429/447aa290827b868d89b82e71fdb9e27973f05aea/smw_2017_14429.pdf/rsrc/jf,SMW Supporting Association
28471870,10.1097/tp.0000000000001809,2017,pre,Transplantation,Journal Article,The Effect of Immunosuppression on Airway Integrity.,Vanaudenaerde BM,Belgium,1,True,registry,vanaudenaerde bm|belgium,OA,green,http://Insights.ovid.com/pubmed?pmid=28471870,Ovid Technologies (Wolters Kluwer Health)
28470870,10.1111/ajt.14339,2017,pre,American journal of transplantation : official journal of the American Society of Transplantation and the American Society of Transplant Surgeons,Comparative Study; Journal Article; Multicenter Study,A Multicenter Study on Long-Term Outcomes After Lung Transplantation Comparing Donation After Circulatory Death and Donation After Brain Death.,Erasmus ME,Netherlands,1,True,,erasmus me|netherlands,OA,hybrid,https://onlinelibrary.wiley.com/doi/pdfdirect/10.1111/ajt.14339,Elsevier BV
28469930,10.1136/bmjresp-2016-000177,2017,pre,BMJ open respiratory research,Journal Article,Early extracellular matrix changes are associated with later development of bronchiolitis obliterans syndrome after lung transplantation.,Westergren-Thorsson G,Sweden,2,True,,westergren-thorsson g|sweden,OA,gold,https://bmjopenrespres.bmj.com/content/bmjresp/4/1/e000177.full.pdf,BMJ
28457921,10.1016/j.trim.2017.04.002,2017,pre,Transplant immunology,Clinical Trial; Journal Article,Serum miRNAs as potential biomarkers for the bronchiolitis obliterans syndrome after lung transplantation.,Otten HG,Netherlands,1,False,,otten hg|netherlands,OA,hybrid,https://www.sciencedirect.com/science/article/pii/S0966327416301381/pdf,Elsevier BV
28457418,10.1016/j.transproceed.2017.01.073,2017,pre,Transplantation proceedings,Journal Article,Histopathological Findings Associated With Gastroesophageal Reflux Disease and Aspiration After Lung Transplantation: Initial Brazilian Single-Center Experience.,Costa AN,Brazil,1,False,,costa an|brazil,OA,hybrid,https://doi.org/10.1016/j.transproceed.2017.01.073,Elsevier BV
28457380,10.1016/j.transproceed.2017.02.037,2017,pre,Transplantation proceedings,Journal Article,Overexpression of Hypoxia-Inducible Factor-1α in Primary Graft Dysfunction Developing in an Orthotopic Lung Transplantation Rat Model.,Calabrese F,Italy,1,True,,calabrese f|italy,Elsevier,closed,,Elsevier BV
28457374,10.1016/j.transproceed.2017.02.035,2017,pre,Transplantation proceedings,Journal Article,Efficacy of Extracorporeal Photopheresis in Patients With Bronchiolitis Obliterans Syndrome After Lung Transplantation.,Anile M,Italy,1,False,,anile m|italy,Elsevier,closed,,Elsevier BV
28457371,10.1016/j.transproceed.2017.02.020,2017,pre,Transplantation proceedings,Journal Article,Lobar Lung Transplantation From Deceased Donor: Monocentric Experience.,Rosso L,Italy,1,False,,rosso l|italy,Elsevier,closed,,Elsevier BV
28431983,10.1016/j.healun.2017.03.017,2018,pre,The Journal of heart and lung transplantation : the official publication of the International Society for Heart Transplantation,"Comparative Study; Journal Article; Research Support, N.I.H., Extramural",Comparison of extracorporeal photopheresis and alemtuzumab for the treatment of chronic lung allograft dysfunction.,Goldberg HJ,,0,False,,goldberg hj|,Elsevier,closed,,Elsevier BV
28415888,10.1080/17435390.2017.1317862,2017,pre,Nanotoxicology,Journal Article,Bioengineered gold nanoparticles targeted to mesenchymal cells from patients with bronchiolitis obliterans syndrome does not rise the inflammatory response and can be safely inhaled by rodents.,Meloni F,Italy,1,False,,meloni f|italy,Other-paywall,closed,,Informa UK Limited
28404648,10.1183/13993003.01315-2016,2017,pre,The European respiratory journal,"Journal Article; Research Support, Non-U.S. Gov't",Lung volumes predict survival in patients with chronic lung allograft dysfunction.,Neurohr C,Germany,1,False,,neurohr c|germany,OA,green,https://push-zb.helmholtz-muenchen.de/frontdoor.php?source_opus=50925,European Respiratory Society (ERS)
28383790,10.1111/ctr.12983,2017,pre,Clinical transplantation,"Journal Article; Research Support, Non-U.S. Gov't",Post-transplant lymphoproliferative disease in lung transplantation: A nested case-control study.,Vos R,Belgium,1,False,,vos r|belgium,Wiley,closed,,Wiley
28377770,10.3389/fimmu.2017.00322,2017,pre,Frontiers in immunology,Journal Article,Antibodies against Apoptotic Cells Present in End-stage Lung Disease Patients Do Not Correlate with Clinical Outcome after Lung Transplantation.,Otten HG,Netherlands,1,False,,otten hg|netherlands,OA,gold,https://www.frontiersin.org/articles/10.3389/fimmu.2017.00322/pdf,Frontiers Media SA
28375571,10.1111/ajt.14295,2017,pre,American journal of transplantation : official journal of the American Society of Transplantation and the American Society of Transplant Surgeons,Journal Article,HLA Mismatching Favoring Host-Versus-Graft NK Cell Activity Via KIR3DL1 Is Associated With Improved Outcomes Following Lung Transplantation.,Rajalingam R,,0,True,registry,rajalingam r|,OA,hybrid,https://onlinelibrary.wiley.com/doi/pdfdirect/10.1111/ajt.14295,Elsevier BV
28365177,10.1016/j.healun.2017.03.008,2017,pre,The Journal of heart and lung transplantation : the official publication of the International Society for Heart Transplantation,Journal Article; Randomized Controlled Trial,High-dose vitamin D after lung transplantation: A randomized trial.,Verleden GM,Belgium,1,False,rct,verleden gm|belgium,Elsevier,closed,,Elsevier BV
28296181,10.1111/ajt.14268,2017,pre,American journal of transplantation : official journal of the American Society of Transplantation and the American Society of Transplant Surgeons,Journal Article,"""White-Out"" After Lung Transplantation: A Multicenter Cohort Description of Late Acute Graft Failure.",Greer M,Germany,2,True,,greer m|germany,OA,hybrid,https://onlinelibrary.wiley.com/doi/pdfdirect/10.1111/ajt.14268,Elsevier BV
28273385,10.1111/tid.12688,2017,pre,Transplant infectious disease : an official journal of the Transplantation Society,Journal Article,Effect of aerosolized antipseudomonals on Pseudomonas positivity and bronchiolitis obliterans syndrome after lung transplantation.,Ensor CR,United States,1,False,,ensor cr|united states,Wiley,closed,,Wiley
28267558,10.1016/j.humimm.2017.03.002,2017,pre,Human immunology,Journal Article,Rapid detection of donor cell free DNA in lung transplant recipients with rejections using donor-recipient HLA mismatch.,Mohanakumar T,United States,1,False,,mohanakumar t|united states,OA,green,https://www.ncbi.nlm.nih.gov/pmc/articles/5595356,Elsevier BV
28262440,10.1016/j.healun.2017.02.005,2017,pre,The Journal of heart and lung transplantation : the official publication of the International Society for Heart Transplantation,Journal Article; Observational Study,Telomere length in patients with pulmonary fibrosis associated with chronic lung allograft dysfunction and post-lung transplantation survival.,Garcia CK,,0,False,,garcia ck|,OA,bronze,http://www.jhltonline.org/article/S1053249817313529/pdf,Elsevier BV
28251796,10.1111/ajt.14257,2017,pre,American journal of transplantation : official journal of the American Society of Transplantation and the American Society of Transplant Surgeons,Journal Article,Cytotoxicity of Natural Killer Cells Activated Through NKG2D Contributes to the Development of Bronchiolitis Obliterans in a Murine Heterotopic Tracheal Transplant Model.,Ogasawara K,Japan,1,False,,ogasawara k|japan,OA,hybrid,https://onlinelibrary.wiley.com/doi/pdfdirect/10.1111/ajt.14257,Elsevier BV
28245130,10.1021/acs.jproteome.6b01038,2017,pre,Journal of proteome research,"Journal Article; Research Support, Non-U.S. Gov't",1H NMR To Evaluate the Metabolome of Bronchoalveolar Lavage Fluid (BALf) in Bronchiolitis Obliterans Syndrome (BOS): Toward the Development of a New Approach for Biomarker Identification.,Airoldi C,Italy,1,False,,airoldi c|italy,Other-paywall,closed,,American Chemical Society (ACS)
28244139,10.1111/ctr.12943,2017,pre,Clinical transplantation,"Journal Article; Research Support, N.I.H., Extramural",Quantitative computed tomography assessment of bronchiolitis obliterans syndrome after lung transplantation.,Washko GR,United States,1,False,,washko gr|united states,OA,green,https://www.ncbi.nlm.nih.gov/pmc/articles/5723437,Wiley
28240604,10.1172/jci88896,2017,pre,The Journal of clinical investigation,Journal Article,Autocrine lysophosphatidic acid signaling activates β-catenin and promotes lung allograft fibrosis.,Lama VN,,0,False,,lama vn|,OA,bronze,http://www.jci.org/articles/view/88896/files/pdf,American Society for Clinical Investigation
28210278,,2016,pre,Tanaffos,Journal Article,Bronchiolitis Obliterans Syndrome and Death in Iranian Lung Transplant Recipients: A Bayesian Competing Risks Analysis.,Shafaghi S,,0,True,,shafaghi s|,no-doi,,,
28207638,10.1097/tp.0000000000001665,2017,pre,Transplantation,"Journal Article; Research Support, Non-U.S. Gov't",Association of Local Intrapulmonary Production of Antibodies Specific to Donor Major Histocompatibility Complex Class I With the Progression of Chronic Rejection of Lung Allografts.,Date H,Japan,1,True,registry,date h|japan,OA,green,https://repository.kulib.kyoto-u.ac.jp/dspace/bitstream/2433/263561/1/digak04727.pdf,Ovid Technologies (Wolters Kluwer Health)
28207629,10.1097/tp.0000000000001678,2017,pre,Transplantation,"Comparative Study; Journal Article; Research Support, Non-U.S. Gov't",Short- and Long-term Outcomes After Lung Transplantation From Circulatory-Dead Donors: A Single-Center Experience.,Van Raemdonck D,Belgium,1,False,,van raemdonck d|belgium,WoltersKluwer,closed,,Ovid Technologies (Wolters Kluwer Health)
28186707,10.1002/sctm.16-0372,2017,pre,Stem cells translational medicine,"Clinical Trial, Phase I; Journal Article; Research Support, Non-U.S. Gov't",Mesenchymal Stromal Cell Therapy for Chronic Lung Allograft Dysfunction: Results of a First-in-Man Study.,Hopkins PM,Australia,1,True,registry,hopkins pm|australia,OA,gold,https://stemcellsjournals.onlinelibrary.wiley.com/doi/pdfdirect/10.1002/sctm.16-0372,Oxford University Press (OUP)
28185711,10.1016/j.healun.2017.01.005,2017,pre,The Journal of heart and lung transplantation : the official publication of the International Society for Heart Transplantation,Journal Article,Impact of gastroesophageal reflux and delayed gastric emptying on pediatric lung transplant outcomes.,Rosen R,United States,1,False,,rosen r|united states,Elsevier,closed,,Elsevier BV
28173620,10.1111/ajt.14222,2017,pre,American journal of transplantation : official journal of the American Society of Transplantation and the American Society of Transplant Surgeons,Journal Article; Observational Study,Proteasome Inhibitor Carfilzomib-Based Therapy for Antibody-Mediated Rejection of the Pulmonary Allograft: Use and Short-Term Findings.,McDyer JF,,0,False,,mcdyer jf|,OA,hybrid,https://onlinelibrary.wiley.com/doi/pdfdirect/10.1111/ajt.14222,Elsevier BV
28148598,10.1161/circulationaha.116.022907,2017,pre,Circulation,Journal Article,Gene Expression Profiling for the Identification and Classification of Antibody-Mediated Heart Rejection.,Halloran PF,Canada,1,True,registry,halloran pf|canada,OA,bronze,https://www.ahajournals.org/doi/pdf/10.1161/CIRCULATIONAHA.116.022907,Ovid Technologies (Wolters Kluwer Health)
28144069,10.4103/0970-2113.197104,2017,pre,Lung India : official organ of Indian Chest Society,Journal Article,A severe Mycoplasma pneumoniae pneumonia inducing an acute antibody-mediated pulmonary graft rejection.,Mornex JF,France,1,False,,mornex jf|france,OA,gold,https://doi.org/10.4103/0970-2113.197104,Ovid Technologies (Wolters Kluwer Health)
28138398,10.1002/cjp2.60,2017,pre,The journal of pathology. Clinical research,Journal Article,Comparative analysis of morphological and molecular motifs in bronchiolitis obliterans and alveolar fibroelastosis after lung and stem cell transplantation.,Laenger F,Germany,1,False,,laenger f|germany,OA,gold,https://onlinelibrary.wiley.com/doi/pdfdirect/10.1002/cjp2.60,Wiley
28131664,10.1016/j.healun.2016.12.013,2017,pre,The Journal of heart and lung transplantation : the official publication of the International Society for Heart Transplantation,Journal Article,Survival and outcomes after lung transplantation for non-scleroderma connective tissue-related interstitial lung disease.,Goldberg HJ,,0,True,registry,goldberg hj|,Elsevier,closed,,Elsevier BV
28120410,10.1111/his.13171,2017,pre,Histopathology,Journal Article,Restrictive allograft syndrome and idiopathic pleuroparenchymal fibroelastosis: do they really have the same histology?,Monforte V,Spain,2,True,,monforte v|spain,Wiley,closed,,Wiley
28103284,10.1371/journal.pone.0169894,2017,pre,PloS one,Journal Article,Gene Expression Profiling of Bronchoalveolar Lavage Cells Preceding a Clinical Diagnosis of Chronic Lung Allograft Dysfunction.,Belperio JA,United States,1,False,,belperio ja|united states,OA,gold,https://journals.plos.org/plosone/article/file?id=10.1371/journal.pone.0169894&type=printable,Public Library of Science (PLoS)
28102966,10.1111/resp.12933,2017,pre,"Respirology (Carlton, Vic.)",Journal Article,Histone deacetylase 2 is decreased in peripheral blood pro-inflammatory CD8+ T and NKT-like lymphocytes following lung transplant.,Holmes M,Australia,1,True,registry,holmes m|australia,Wiley,closed,,Wiley
28100545,10.1183/13993003.00206-2016,2017,pre,The European respiratory journal,"Journal Article; Multicenter Study; Research Support, Non-U.S. Gov't",Chronic effects of air pollution on lung function after lung transplantation in the Systems prediction of Chronic Lung Allograft Dysfunction (SysCLAD) study.,,Belgium,3,True,,,OA,bronze,https://erj.ersjournals.com/content/erj/49/1/1600206.full.pdf,European Respiratory Society (ERS)
28090432,10.1007/s40472-016-0112-y,2016,pre,Current transplantation reports,Journal Article,Update on Chronic Lung Allograft Dysfunction.,Kreisel D,,0,False,,kreisel d|,OA,green,https://www.ncbi.nlm.nih.gov/pmc/articles/5233406,Springer Science and Business Media LLC
28090331,10.1136/bmjresp-2016-000162,2016,pre,BMJ open respiratory research,Journal Article,Prevalence of gastrointestinal dysmotility and complications detected by abdominal plain films after lung transplantation: a single-centre cohort study.,Schuurmans MM,Switzerland,1,False,,schuurmans mm|switzerland,OA,gold,https://bmjopenrespres.bmj.com/content/bmjresp/3/1/e000162.full.pdf,BMJ
28078769,10.1111/tri.12915,2017,pre,Transplant international : official journal of the European Society for Organ Transplantation,Journal Article,Interleukin-1α induced release of interleukin-8 by human bronchial epithelial cells in vitro: assessing mechanisms and possible treatment options.,Verleden GM,Belgium,1,False,,verleden gm|belgium,OA,bronze,https://onlinelibrary.wiley.com/doi/pdfdirect/10.1111/tri.12915,Frontiers Media SA
28038697,10.1016/j.jspd.2016.10.001,2017,pre,Spine deformity,Journal Article,Correction of Spinal Deformity on a Lung Transplantation Recipient.,Galdó AM,Spain,1,True,registry,galdó am|spain,Springer,closed,,Springer Science and Business Media LLC
28017335,10.1016/j.athoracsur.2016.09.107,2017,pre,The Annals of thoracic surgery,Journal Article,Two Decades of Lung Retransplantation: A Single-Center Experience.,Machuca TN,,0,False,registry,machuca tn|,Elsevier,closed,,Elsevier BV
28008661,10.1111/ctr.12899,2017,pre,Clinical transplantation,Journal Article,Rescue alemtuzumab for refractory acute cellular rejection and bronchiolitis obliterans syndrome after lung transplantation.,McDyer JF,United States,1,False,,mcdyer jf|united states,Wiley,closed,,Wiley
28008659,10.1111/ctr.12898,2017,pre,Clinical transplantation,"Journal Article; Research Support, Non-U.S. Gov't",BALF cytokines in different phenotypes of chronic lung allograft dysfunction in lung transplant patients.,Román A,Spain,1,False,,román a|spain,Wiley,closed,,Wiley
27988981,10.1111/ctr.12889,2017,pre,Clinical transplantation,"Clinical Trial; Journal Article; Research Support, N.I.H., Extramural",Gender differences in long-term survival post-transplant: A single-institution analysis in the lung allocation score era.,Hertz MI,United States,1,False,,hertz mi|united states,Wiley,closed,,Wiley
27982503,10.1111/ajt.14166,2017,pre,American journal of transplantation : official journal of the American Society of Transplantation and the American Society of Transplant Surgeons,Journal Article,T Cells Promote Bronchial Epithelial Cell Secretion of Matrix Metalloproteinase-9 via a C-C Chemokine Receptor Type 2 Pathway: Implications for Chronic Lung Allograft Dysfunction.,,France,1,False,,,OA,hybrid,https://www.onlinelibrary.wiley.com/doi/pdfdirect/10.1111/ajt.14166,Elsevier BV
27942594,10.1172/jci.insight.90301,2016,pre,JCI insight,"Journal Article; Research Support, N.I.H., Extramural; Research Support, Non-U.S. Gov't",miR-323a-3p regulates lung fibrosis by targeting multiple profibrotic pathways.,Chen P,United States,3,True,,chen p|united states,OA,gold,http://insight.jci.org/articles/view/90301/files/pdf,American Society for Clinical Investigation
27941431,10.1097/tp.0000000000001595,2017,pre,Transplantation,"Journal Article; Multicenter Study; Research Support, N.I.H., Extramural; Research Support, Non-U.S. Gov't",Role of Circulating MicroRNAs in the Immunopathogenesis of Rejection After Pediatric Lung Transplantation.,Mohanakumar T,,0,False,,mohanakumar t|,OA,green,https://www.ncbi.nlm.nih.gov/pmc/articles/5462875,Ovid Technologies (Wolters Kluwer Health)
27939405,10.1016/j.clim.2016.11.011,2017,pre,"Clinical immunology (Orlando, Fla.)","Journal Article; Research Support, Non-U.S. Gov't",FOXP3+ regulatory T cell ameliorates microvasculature in the rejection of mouse orthotopic tracheal transplants.,Broering DC,,0,False,,broering dc|,Elsevier,closed,,Elsevier BV
27933655,10.1111/tri.12882,2017,pre,Transplant international : official journal of the European Society for Organ Transplantation,Comparative Study; Journal Article,Immunological diversity in phenotypes of chronic lung allograft dysfunction: a comprehensive immunohistochemical analysis.,Vanaudenaerde BM,Belgium,1,False,,vanaudenaerde bm|belgium,OA,bronze,https://onlinelibrary.wiley.com/doi/pdfdirect/10.1111/tri.12882,Frontiers Media SA
27931586,10.1016/j.transproceed.2016.09.045,2016,pre,Transplantation proceedings,Journal Article; Observational Study,Observational Study of Methotrexate in the Treatment of Bronchiolitis Obliterans Syndrome.,Corris PA,United Kingdom,1,True,registry,corris pa|united kingdom,Elsevier,closed,,Elsevier BV
27931084,10.1111/ajt.14148,2017,pre,American journal of transplantation : official journal of the American Society of Transplantation and the American Society of Transplant Surgeons,Journal Article,"Association of Higher CD4+ CD25high CD127low , FoxP3+ , and IL-2+ T Cell Frequencies Early After Lung Transplantation With Less Chronic Lung Allograft Dysfunction at Two Years.",Warnecke G,Germany,1,False,,warnecke g|germany,OA,hybrid,https://onlinelibrary.wiley.com/doi/pdfdirect/10.1111/ajt.14148,Elsevier BV
27925791,10.1513/annalsats.201606-431oc,2016,pre,Annals of the American Thoracic Society,Journal Article,Reemergence of Lower-Airway Microbiota in Lung Transplant Patients with Cystic Fibrosis.,Surette MG,Canada,1,False,,surette mg|canada,OA,green,https://research.manchester.ac.uk/en/publications/a51d8925-1b50-41b7-970c-b982ec56a242,Oxford University Press (OUP)
27923603,10.1016/j.trim.2016.12.001,2017,pre,Transplant immunology,Journal Article,Repeated human leukocyte antigen mismatches in lung re-transplantation.,Warnecke G,Germany,1,False,,warnecke g|germany,Elsevier,closed,,Elsevier BV
27893614,10.1097/tp.0000000000001494,2017,pre,Transplantation,Journal Article,The Presence of Pretransplant HLA Antibodies Does Not Impact the Development of Chronic Lung Allograft Dysfunction or CLAD-Related Death.,Goldberg HJ,,0,False,,goldberg hj|,WoltersKluwer,closed,,Ovid Technologies (Wolters Kluwer Health)
27878373,10.1007/s00330-016-4643-5,2017,pre,European radiology,Journal Article,Restrictive allograft syndrome after lung transplantation: new radiological insights.,De Wever W,Belgium,1,False,,de wever w|belgium,Springer,closed,,Springer Science and Business Media LLC
27863518,10.1186/s12890-016-0308-z,2016,pre,BMC pulmonary medicine,"Journal Article; Research Support, Non-U.S. Gov't",Safety and efficacy of bridging to lung transplantation with antifibrotic drugs in idiopathic pulmonary fibrosis: a case series.,Vos R,Belgium,1,False,,vos r|belgium,OA,gold,https://bmcpulmmed.biomedcentral.com/counter/pdf/10.1186/s12890-016-0308-z,Springer Science and Business Media LLC
27836956,10.1183/13993003.00484-2016,2017,pre,The European respiratory journal,Journal Article; Multicenter Study,An association of particulate air pollution and traffic exposure with mortality after lung transplantation in Europe.,Vanaudenaerde BM,Belgium,9,True,,vanaudenaerde bm|belgium,OA,bronze,https://erj.ersjournals.com/content/erj/49/1/1600484.full.pdf,European Respiratory Society (ERS)
27830023,,2016,pre,American journal of translational research,Journal Article,Over-expression of heat shock protein 70 protects mice against lung ischemia/reperfusion injury through SIRT1/AMPK/eNOS pathway.,Yin Y,China,1,False,,yin y|china,no-doi,,,
27820781,10.1097/tp.0000000000001553,2017,pre,Transplantation,"Journal Article; Research Support, Non-U.S. Gov't","Inhibition of T Cell Alloreactivity by Bronchial Epithelium Is Impaired in Lung Transplant Recipients, Through Pathways Involving TGF-β, IL-10 and HLA-G.",Brugière O,France,1,True,registry,brugière o|france,WoltersKluwer,closed,,Ovid Technologies (Wolters Kluwer Health)
27801552,10.1111/ajt.14097,2017,pre,American journal of transplantation : official journal of the American Society of Transplantation and the American Society of Transplant Surgeons,"Journal Article; Research Support, N.I.H., Extramural; Research Support, Non-U.S. Gov't","Th17 Responses to Collagen Type V, kα1-Tubulin, and Vimentin Are Present Early in Human Development and Persist Throughout Life.",Burlingham WJ,India,1,False,,burlingham wj|india,OA,hybrid,https://doi.org/10.1111/ajt.14097,Elsevier BV
27795995,10.1097/txd.0000000000000615,2016,pre,Transplantation direct,Journal Article,Low Levels of Exhaled Surfactant Protein A Associated With BOS After Lung Transplantation.,Olin AC,Sweden,1,False,,olin ac|sweden,OA,gold,https://doi.org/10.1097/txd.0000000000000615,Ovid Technologies (Wolters Kluwer Health)
27676455,10.1111/ajt.14066,2017,pre,American journal of transplantation : official journal of the American Society of Transplantation and the American Society of Transplant Surgeons,Clinical Trial; Journal Article,Impact of Allograft Injury Time of Onset on the Development of Chronic Lung Allograft Dysfunction After Lung Transplantation.,Belperio JA,,0,False,,belperio ja|,OA,hybrid,https://doi.org/10.1111/ajt.14066,Elsevier BV
27664940,10.1111/ajt.14062,2017,pre,American journal of transplantation : official journal of the American Society of Transplantation and the American Society of Transplant Surgeons,Journal Article; Randomized Controlled Trial,Long-Term Follow-up of a Randomized Controlled Trial Evaluating a Mobile Health Intervention for Self-Management in Lung Transplant Recipients.,Dew MA,,0,False,rct,dew ma|,OA,hybrid,https://doi.org/10.1111/ajt.14062,Elsevier BV
27367568,10.1111/ajt.13945,2016,pre,American journal of transplantation : official journal of the American Society of Transplantation and the American Society of Transplant Surgeons,"Journal Article; Research Support, N.I.H., Extramural; Research Support, Non-U.S. Gov't",Parametric Response Mapping of Bronchiolitis Obliterans Syndrome Progression After Lung Transplantation.,Vanaudenaerde BM,Belgium,1,False,,vanaudenaerde bm|belgium,OA,hybrid,http://www.amjtransplant.org/article/S1600613522007717/pdf,Elsevier BV
27203799,10.1111/ajt.13876,2016,pre,American journal of transplantation : official journal of the American Society of Transplantation and the American Society of Transplant Surgeons,Journal Article,Phenotyping Chronic Lung Allograft Dysfunction Using Body Plethysmography and Computed Tomography.,Gottlieb J,Germany,1,False,,gottlieb j|germany,OA,hybrid,https://doi.org/10.1111/ajt.13876,Elsevier BV
27104933,10.1111/ajt.13835,2016,pre,American journal of transplantation : official journal of the American Society of Transplantation and the American Society of Transplant Surgeons,"Comparative Study; Journal Article; Randomized Controlled Trial; Research Support, Non-U.S. Gov't","Everolimus Versus Mycophenolate Mofetil De Novo After Lung Transplantation: A Prospective, Randomized, Open-Label Trial.",Gottlieb J,Germany,2,True,rct,gottlieb j|germany,OA,hybrid,https://doi.org/10.1111/ajt.13835,Elsevier BV
27779421,10.1164/rccm.201604-0732oc,2017,pre,American journal of respiratory and critical care medicine,"Journal Article; Research Support, N.I.H., Extramural",Parametric Response Mapping as an Imaging Biomarker in Lung Transplant Recipients.,Lama VN,Belgium,1,False,,lama vn|belgium,OA,green,https://www.ncbi.nlm.nih.gov/pmc/articles/5387704,Oxford University Press (OUP)
27467538,10.1097/tp.0000000000001346,2016,pre,Transplantation,Journal Article,Graft Loss and CLAD-Onset Is Hastened by Viral Pneumonia After Lung Transplantation.,Gregson AL,,0,False,,gregson al|,OA,green,https://www.ncbi.nlm.nih.gov/pmc/articles/5077663,Ovid Technologies (Wolters Kluwer Health)
27737799,10.1016/j.trim.2016.10.001,2016,pre,Transplant immunology,"Journal Article; Research Support, Non-U.S. Gov't",The role of recipient derived interleukin-17A in a murine orthotopic lung transplant model of restrictive chronic lung allograft dysfunction.,Vanaudenaerde BM,Belgium,2,True,registry,vanaudenaerde bm|belgium,Elsevier,closed,,Elsevier BV
27751774,10.1016/j.healun.2016.08.014,2017,pre,The Journal of heart and lung transplantation : the official publication of the International Society for Heart Transplantation,Comparative Study; Journal Article,Polymorphism in programmed cell death 1 gene is strongly associated with lung and kidney allograft survival in recipients from CMV-positive donors.,Baron C,France,1,False,,baron c|france,Elsevier,closed,,Elsevier BV
27614085,10.1111/tri.12854,2016,pre,Transplant international : official journal of the European Society for Organ Transplantation,Journal Article,Orthotopic tracheal transplantation using human bronchus: an original xenotransplant model of obliterative airway disorder.,Schrepfer S,Germany,3,True,,schrepfer s|germany,OA,bronze,https://onlinelibrary.wiley.com/doi/pdfdirect/10.1111/tri.12854,Frontiers Media SA
27694251,10.1093/ejcts/ezw284,2017,pre,European journal of cardio-thoracic surgery : official journal of the European Association for Cardio-thoracic Surgery,Journal Article; Multicenter Study,Zonal organ allocation system and its impact on long-term outcomes after lung transplantation: a propensity score matched analysis†.,Simon AR,Germany,1,False,,simon ar|germany,OA,bronze,https://academic.oup.com/ejcts/article-pdf/51/1/119/13720773/ezw284.pdf,Oxford University Press (OUP)
27569962,10.1016/j.transproceed.2016.04.024,2016,pre,Transplantation proceedings,Journal Article,Effectiveness of Rabbit Antithymocyte Globulin in Chronic Lung Allograft Dysfunction.,Kramer MR,Israel,2,True,,kramer mr|israel,Elsevier,closed,,Elsevier BV
27564214,10.1371/journal.pone.0161771,2016,pre,PloS one,Journal Article,Identification of miRNAs Potentially Involved in Bronchiolitis Obliterans Syndrome: A Computational Study.,Meloni F,Italy,1,False,,meloni f|italy,OA,gold,https://journals.plos.org/plosone/article/file?id=10.1371/journal.pone.0161771&type=printable,Public Library of Science (PLoS)
27561239,10.1016/j.trim.2016.08.004,2016,pre,Transplant immunology,"Journal Article; Research Support, Non-U.S. Gov't",Humoral immunity in phenotypes of chronic lung allograft dysfunction: A broncho-alveolar lavage fluid analysis.,Vanaudenaerde BM,Belgium,1,False,,vanaudenaerde bm|belgium,OA,green,http://linkinghub.elsevier.com/retrieve/pii/S0966-3274(16)30081-8,Elsevier BV
27500238,10.1097/txd.0000000000000545,2015,pre,Transplantation direct,Journal Article,Analysis of the Influence of HLA-A Matching Relative to HLA-B and -DR Matching on Heart Transplant Outcomes.,Nilsson J,Sweden,1,True,,nilsson j|sweden,OA,gold,https://doi.org/10.1097/txd.0000000000000545,Ovid Technologies (Wolters Kluwer Health)
27500235,10.1097/txd.0000000000000542,2015,pre,Transplantation direct,Journal Article,The Role of Lysophosphatidic Acid on Airway Epithelial Cell Denudation in a Murine Heterotopic Tracheal Transplant Model.,Kubo H,Japan,1,False,,kubo h|japan,OA,gold,https://doi.org/10.1097/txd.0000000000000542,Ovid Technologies (Wolters Kluwer Health)
27498952,10.1016/j.etp.2016.07.007,2016,pre,Experimental and toxicologic pathology : official journal of the Gesellschaft fur Toxikologische Pathologie,Journal Article,Little evidence for epithelial-mesenchymal transition in a murine model of airway fibrosis induced by repeated naphthalene exposure.,Aoshiba K,Japan,1,False,,aoshiba k|japan,Elsevier,closed,,Elsevier BV
27493971,10.1155/2016/1910852,2016,pre,Journal of immunology research,Journal Article,HLA-E(⁎)01:03 Allele in Lung Transplant Recipients Correlates with Higher Chronic Lung Allograft Dysfunction Occurrence.,Picard C,France,1,False,,picard c|france,OA,gold,https://downloads.hindawi.com/journals/jir/2016/1910852.pdf,Wiley
27492519,10.1016/j.rmed.2016.06.008,2016,pre,Respiratory medicine,Journal Article; Observational Study,Observational study of lung transplant recipients surviving 20 years.,Corris PA,United Kingdom,1,True,registry,corris pa|united kingdom,OA,bronze,http://www.resmedjournal.com/article/S0954611116301329/pdf,Elsevier BV
27481680,10.1093/icvts/ivw231,2016,pre,Interactive cardiovascular and thoracic surgery,Journal Article,Early outcomes of lung transplantation for bronchiolitis obliterans syndrome after allogeneic haematopoietic stem cell transplantation: a single-centre experience.,Paik HC,South Korea,1,True,registry,paik hc|south korea,OA,bronze,https://academic.oup.com/icvts/article-pdf/23/6/914/8443181/ivw231.pdf,Oxford University Press (OUP)
27469016,10.1016/j.healun.2016.06.013,2016,pre,The Journal of heart and lung transplantation : the official publication of the International Society for Heart Transplantation,Journal Article,Lung transplantation and gender effects on survival of recipients with cystic fibrosis.,Jain R,,0,True,,jain r|,Elsevier,closed,,Elsevier BV
27435530,10.1016/j.healun.2016.02.006,2016,pre,The Journal of heart and lung transplantation : the official publication of the International Society for Heart Transplantation,Journal Article,Extracorporeal membrane oxygenation as a bridge to lung re-transplantation: Is there a role?,D'Cunha J,United States,1,True,registry,d'cunha j|united states,Elsevier,closed,,Elsevier BV
27423681,10.1016/j.ejrad.2016.05.018,2016,pre,European journal of radiology,Journal Article,Differences of airway dimensions between patients with and without bronchiolitis obliterans syndrome after lung transplantation-Computer-assisted quantification of computed tomography.,Achenbach T,Germany,1,False,,achenbach t|germany,Elsevier,closed,,Elsevier BV
27381674,10.1016/j.healun.2016.05.021,2016,pre,The Journal of heart and lung transplantation : the official publication of the International Society for Heart Transplantation,"Journal Article; Multicenter Study; Research Support, Non-U.S. Gov't",Transplantation after ex vivo lung perfusion: A midterm follow-up.,Dellgren G,Sweden,1,False,,dellgren g|sweden,Elsevier,closed,,Elsevier BV
27381039,10.1038/srep29160,2016,pre,Scientific reports,"Journal Article; Research Support, Non-U.S. Gov't",MSC from fetal and adult lungs possess lung-specific properties compared to bone marrow-derived MSC.,Westergren-Thorsson G,Sweden,1,False,,westergren-thorsson g|sweden,OA,gold,https://www.nature.com/articles/srep29160.pdf,Springer Science and Business Media LLC
27373824,10.1016/j.healun.2016.05.020,2016,pre,The Journal of heart and lung transplantation : the official publication of the International Society for Heart Transplantation,Journal Article,De-novo donor-specific anti-HLA antibodies 30 days after lung transplantation are associated with a worse outcome.,Fadel E,France,1,False,,fadel e|france,Elsevier,closed,,Elsevier BV
27368989,10.1111/tid.12546,2016,pre,Transplant infectious disease : an official journal of the Transplantation Society,Comparative Study; Journal Article,Analysis of pulmonary non-tuberculous mycobacterial infections after lung transplantation.,Valentine VG,United States,1,False,,valentine vg|united states,Wiley,closed,,Wiley
27358780,10.5500/wjt.v6.i2.347,2016,pre,World journal of transplantation,Journal Article,Single-lung transplantation in emphysema: Retrospective study analyzing survival and waiting list mortality.,Pita S,Spain,1,True,registry,pita s|spain,OA,hybrid,https://www.wjgnet.com/2220-3230/full/v6/i2/347.htm,Baishideng Publishing Group Inc.
27347307,,2016,pre,American journal of translational research,Journal Article,HMGB1 exacerbates bronchiolitis obliterans syndrome via RAGE/NF-κB/HPSE signaling to enhance latent TGF-β release from ECM.,Wang CY,China,1,False,,wang cy|china,no-doi,,,
27340694,10.1097/txd.0000000000000551,2015,pre,Transplantation direct,Journal Article,Acute cellular rejection elicits distinct microRNA signatures in airway epithelium of lung transplant patients.,Chen P,,0,False,,chen p|,OA,gold,https://doi.org/10.1097/txd.0000000000000551,Ovid Technologies (Wolters Kluwer Health)
27338538,10.1016/j.jss.2016.03.041,2016,pre,The Journal of surgical research,Journal Article,Human leukocyte antigen-DR13 and DR15 are associated with short-term lung transplant outcomes.,Wilkes DS,India,1,False,registry,wilkes ds|india,Elsevier,closed,,Elsevier BV
27293822,10.21037/jtd.2015.12.08,2016,pre,Journal of thoracic disease,Journal Article,Role of interleukin-17A in early graft rejection after orthotopic lung transplantation in mice.,Ding YZ,China,1,False,,ding yz|china,OA,gold,https://jtd.amegroups.com/article/viewFile/7651/pdf,AME Publishing Company
27278097,10.1111/ajt.13915,2017,pre,American journal of transplantation : official journal of the American Society of Transplantation and the American Society of Transplant Surgeons,"Journal Article; Observational Study; Research Support, N.I.H., Extramural",Donor-Derived Exosomes With Lung Self-Antigens in Human Lung Allograft Rejection.,Mohanakumar T,,0,False,,mohanakumar t|,OA,hybrid,https://onlinelibrary.wiley.com/doi/pdfdirect/10.1111/ajt.13915,Elsevier BV
37661950,10.36469/9815,2017,pre,Journal of health economics and outcomes research,Journal Article,The Burden of Cost in Bronchiolitis Obliterans Syndrome: Predictions for the Next Decade.,Vos R,Belgium,3,True,registry,vos r|belgium,OA,gold,https://jheor.org/article/9815.pdf,The Journal of Health Economics and Outcomes Research
27272653,10.1007/s00408-016-9902-3,2016,pre,Lung,Journal Article,Impact of Donor Arterial Partial Pressure of Oxygen on Outcomes After Lung Transplantation in Adult Cystic Fibrosis Recipients.,Tumin D,United States,1,True,registry,tumin d|united states,Springer,closed,,Springer Science and Business Media LLC
27250563,10.1111/trf.13672,2016,pre,Transfusion,"Journal Article; Research Support, Non-U.S. Gov't",Comparison of two automated mononuclear cell collection systems in patients undergoing extracorporeal photopheresis: a prospective crossover equivalence study.,Perotti C,Italy,1,False,,perotti c|italy,Wiley,closed,,Wiley
27248598,10.1164/rccm.19311p19,2016,pre,American journal of respiratory and critical care medicine,Journal Article,Bronchiolitis Obliterans Syndrome (BOS) Following Lung Transplant.,Hachem R,,0,False,,hachem r|,Other-paywall,closed,,Oxford University Press (OUP)
27248293,10.1164/rccm.201512-2424oc,2016,pre,American journal of respiratory and critical care medicine,"Journal Article; Research Support, Non-U.S. Gov't",Airway Microbiota Determines Innate Cell Inflammatory or Tissue Remodeling Profiles in Lung Transplantation.,,France,3,True,,,Other-paywall,closed,,Oxford University Press (OUP)
27221998,10.1093/icvts/ivw135,2016,pre,Interactive cardiovascular and thoracic surgery,Comparative Study; Journal Article,Utilization of the organ care system for bilateral lung transplantation: preliminary results of a comparative study.,Simon AR,Germany,2,True,,simon ar|germany,OA,bronze,https://academic.oup.com/icvts/article-pdf/23/3/351/6899457/ivw135.pdf,Oxford University Press (OUP)
27215505,10.1016/j.rmed.2016.04.007,2016,pre,Respiratory medicine,Journal Article,Lung transplantation for non-cystic fibrosis bronchiectasis.,Gottlieb J,Germany,1,False,,gottlieb j|germany,OA,bronze,http://www.resmedjournal.com/article/S0954611116300646/pdf,Elsevier BV
27215188,10.1038/srep26274,2016,pre,Scientific reports,Journal Article,Soluble CD59 is a Novel Biomarker for the Prediction of Obstructive Chronic Lung Allograft Dysfunction After Lung Transplantation.,Otten HG,Netherlands,1,False,,otten hg|netherlands,OA,gold,https://www.nature.com/articles/srep26274.pdf,Springer Science and Business Media LLC
27212563,10.1016/j.healun.2016.03.022,2016,pre,The Journal of heart and lung transplantation : the official publication of the International Society for Heart Transplantation,Journal Article,Predictors of survival in restrictive chronic lung allograft dysfunction after lung transplantation.,Vos R,Belgium,2,True,,vos r|belgium,OA,bronze,http://www.jhltonline.org/article/S1053249816300961/pdf,Elsevier BV
27197771,10.1016/j.healun.2016.03.018,2016,pre,The Journal of heart and lung transplantation : the official publication of the International Society for Heart Transplantation,Journal Article,The potential role of microRNAs in lung allograft rejection.,Ali S,,0,False,,ali s|,Elsevier,closed,,Elsevier BV
27163544,10.1097/tp.0000000000001263,2017,pre,Transplantation,"Journal Article; Research Support, Non-U.S. Gov't",The Lymphatic Phenotype of Lung Allografts in Patients With Bronchiolitis Obliterans Syndrome and Restrictive Allograft Syndrome.,Hoetzenecker K,Austria,1,False,,hoetzenecker k|austria,WoltersKluwer,closed,,Ovid Technologies (Wolters Kluwer Health)
27146340,10.1111/ctr.12758,2016,pre,Clinical transplantation,"Journal Article; Research Support, Non-U.S. Gov't; Research Support, N.I.H., Extramural",Mast cell phenotypes in the allograft after lung transplantation.,Hsieh FH,United States,1,True,registry,hsieh fh|united states,OA,green,https://www.ncbi.nlm.nih.gov/pmc/articles/5735837,Wiley
27144793,10.1513/annalsats.201510-719oc,2016,pre,Annals of the American Thoracic Society,Journal Article; Multicenter Study; Validation Study,Validation and Refinement of Chronic Lung Allograft Dysfunction Phenotypes in Bilateral and Single Lung Recipients.,Weigt SS,,0,True,,weigt ss|,OA,green,https://www.ncbi.nlm.nih.gov/pmc/articles/5018895,Oxford University Press (OUP)
27129023,10.1002/ppul.23432,2016,pre,Pediatric pulmonology,Journal Article,Influence of graft ischemic time on survival in children with cystic fibrosis after lung transplantation.,Kirkby SE,,0,True,registry,kirkby se|,Wiley,closed,,Wiley
27095000,10.1016/j.trim.2016.04.001,2016,pre,Transplant immunology,Journal Article,Clinical utility of CD4+ function assessment (ViraCor-IBT ImmuKnow test) in lung recipients.,Meloni F,Italy,1,True,registry,meloni f|italy,Elsevier,closed,,Elsevier BV
27078625,10.1513/annalsats.201512-806oc,2016,pre,Annals of the American Thoracic Society,Journal Article,Lung Transplant Outcomes in Systemic Sclerosis with Significant Esophageal Dysfunction. A Comprehensive Single-Center Experience.,Saggar R,,0,False,,saggar r|,Other-paywall,closed,,Oxford University Press (OUP)
27062199,10.1111/ajt.13819,2016,pre,American journal of transplantation : official journal of the American Society of Transplantation and the American Society of Transplant Surgeons,"Journal Article; Research Support, N.I.H., Extramural; Research Support, Non-U.S. Gov't",Long-Term Persistence of Donor Alveolar Macrophages in Human Lung Transplant Recipients That Influences Donor-Specific Immune Responses.,Mohanakumar T,,0,False,,mohanakumar t|,OA,hybrid,https://onlinelibrary.wiley.com/doi/pdfdirect/10.1111/ajt.13819,Elsevier BV
27061510,10.1111/tid.12541,2016,pre,Transplant infectious disease : an official journal of the Transplantation Society,Journal Article,Detection of Epstein-Barr virus DNAemia after lung transplantation and its potential relationship with the development of post-transplant complications.,Aguado JM,Spain,1,True,registry,aguado jm|spain,Wiley,closed,,Wiley
27052747,10.1093/icvts/ivw078,2016,pre,Interactive cardiovascular and thoracic surgery,Journal Article,25-year follow-up after lung transplantation at Lund University Hospital in Sweden: superior results obtained for patients with cystic fibrosis.,Lindstedt S,Sweden,1,False,,lindstedt s|sweden,OA,bronze,https://academic.oup.com/icvts/article-pdf/23/1/65/6761424/ivw078.pdf,Oxford University Press (OUP)
27002311,10.1111/ajt.13798,2016,pre,American journal of transplantation : official journal of the American Society of Transplantation and the American Society of Transplant Surgeons,Journal Article,HLA Matching at the Eplet Level Protects Against Chronic Lung Allograft Dysfunction.,Westall GP,Australia,1,False,,westall gp|australia,OA,hybrid,https://onlinelibrary.wiley.com/doi/pdfdirect/10.1111/ajt.13798,Elsevier BV
26967790,10.1164/rccm.201509-1857oc,2016,pre,American journal of respiratory and critical care medicine,"Journal Article; Research Support, Non-U.S. Gov't",De Novo DQ Donor-Specific Antibodies Are Associated with Chronic Lung Allograft Dysfunction after Lung Transplantation.,Tinckam K,Canada,1,True,registry,tinckam k|canada,Other-paywall,closed,,Oxford University Press (OUP)
26888742,10.1093/icvts/ivw008,2016,pre,Interactive cardiovascular and thoracic surgery,Journal Article,Lung transplantation for diffuse panbronchiolitis: 5 cases from a single centre.,Oto T,Japan,1,False,,oto t|japan,OA,bronze,https://academic.oup.com/icvts/article-pdf/22/5/679/8262836/ivw008.pdf,Oxford University Press (OUP)
26887344,10.1111/ajt.13750,2016,pre,American journal of transplantation : official journal of the American Society of Transplantation and the American Society of Transplant Surgeons,"Journal Article; Research Support, N.I.H., Extramural; Research Support, Non-U.S. Gov't",Proteomic Characterization Reveals That MMP-3 Correlates With Bronchiolitis Obliterans Syndrome Following Allogeneic Hematopoietic Cell and Lung Transplantation.,Paczesny S,India,2,True,registry,paczesny s|india,OA,hybrid,https://onlinelibrary.wiley.com/doi/pdfdirect/10.1111/ajt.13750,Elsevier BV
26845386,10.1111/ajt.13589,2016,pre,American journal of transplantation : official journal of the American Society of Transplantation and the American Society of Transplant Surgeons,"Journal Article; Research Support, Non-U.S. Gov't",Antibody-Mediated Rejection in Lung Transplantation: Clinical Outcomes and Donor-Specific Antibody Characteristics.,,France,1,False,,,OA,hybrid,https://onlinelibrary.wiley.com/doi/pdfdirect/10.1111/ajt.13589,Elsevier BV
26844425,10.1111/ajt.13595,2016,pre,American journal of transplantation : official journal of the American Society of Transplantation and the American Society of Transplant Surgeons,"Journal Article; Research Support, N.I.H., Extramural; Research Support, Non-U.S. Gov't",B Cell-Activating Transcription Factor Plays a Critical Role in the Pathogenesis of Anti-Major Histocompatibility Complex-Induced Obliterative Airway Disease.,Mohanakumar T,,0,False,,mohanakumar t|,OA,hybrid,https://doi.org/10.1111/ajt.13595,Elsevier BV
26840975,10.1111/ctr.12704,2016,pre,Clinical transplantation,Journal Article,Effect of donor cardiac arrest and arrest duration on outcomes of lung transplantation.,Simon AR,,0,False,,simon ar|,Wiley,closed,,Wiley
26833657,10.1111/ajt.13739,2016,pre,American journal of transplantation : official journal of the American Society of Transplantation and the American Society of Transplant Surgeons,Journal Article,The Impact of Alemtuzumab and Basiliximab Induction on Patient Survival and Time to Bronchiolitis Obliterans Syndrome in Double Lung Transplantation Recipients.,Toyoda Y,,0,False,registry,toyoda y|,OA,hybrid,https://onlinelibrary.wiley.com/doi/pdfdirect/10.1111/ajt.13739,Elsevier BV
26829054,10.3109/15412555.2015.1127340,2016,pre,COPD,Journal Article,Induction Therapy for Lung Transplantation in COPD: Analysis of the UNOS Registry.,Hayes D,United States,1,True,registry,hayes d|united states,OA,bronze,https://www.tandfonline.com/doi/pdf/10.3109/15412555.2015.1127340?needAccess=true&role=button,Informa UK Limited
26820489,10.1111/tri.12715,2016,pre,Transplant international : official journal of the European Society for Organ Transplantation,"Journal Article; Research Support, Non-U.S. Gov't",The role of soluble and insoluble gastric fluid components in the pathogenesis of obliterative bronchiolitis in rat lung allografts.,Lin SS,United States,1,False,,lin ss|united states,OA,bronze,https://onlinelibrary.wiley.com/doi/pdfdirect/10.1111/tri.12715?download=true,Frontiers Media SA
26787621,10.1016/j.healun.2015.12.003,2016,pre,The Journal of heart and lung transplantation : the official publication of the International Society for Heart Transplantation,"Journal Article; Research Support, Non-U.S. Gov't",Halofuginone treatment reduces interleukin-17A and ameliorates features of chronic lung allograft dysfunction in a mouse orthotopic lung transplant model.,Keshavjee S,Canada,2,True,,keshavjee s|canada,Elsevier,closed,,Elsevier BV
26755732,10.1074/jbc.m115.672170,2016,pre,The Journal of biological chemistry,"Journal Article; Research Support, N.I.H., Extramural",Mechanistic Target of Rapamycin Complex 1 (mTORC1) and mTORC2 as Key Signaling Intermediates in Mesenchymal Cell Activation.,Lama VN,,0,False,,lama vn|,OA,hybrid,http://www.jbc.org/article/S0021925820443212/pdf,Elsevier BV
26718747,10.12659/aot.894785,2015,pre,Annals of transplantation,"Journal Article; Research Support, Non-U.S. Gov't",Higher Risk of Acute Cellular Rejection in Lung Transplant Recipients with Cystic Fibrosis.,Rea F,Italy,1,False,,rea f|italy,OA,hybrid,https://doi.org/10.12659/aot.894785,"International Scientific Information, Inc."
26714197,10.1111/ajt.13690,2016,pre,American journal of transplantation : official journal of the American Society of Transplantation and the American Society of Transplant Surgeons,Journal Article,Pseudomonas aeruginosa Induced Airway Epithelial Injury Drives Fibroblast Activation: A Mechanism in Chronic Lung Allograft Dysfunction.,Fisher AJ,,0,False,,fisher aj|,OA,hybrid,http://www.amjtransplant.org/article/S1600613522009996/pdf,Elsevier BV
26707547,10.14670/hh-11-712,2016,pre,Histology and histopathology,Journal Article,Protective function of pirfenidone and everolimus on the development of chronic allograft rejection after experimental lung transplantation.,Lehle K,Germany,1,True,,lehle k|germany,unresolved,,,
26697265,10.1089/ped.2015.0564,2015,pre,"Pediatric allergy, immunology, and pulmonology",Journal Article,Lung Transplantation in Cystic Fibrosis: Trends and Controversies.,Sweet S,,0,False,,sweet s|,OA,green,https://digitalcommons.wustl.edu/open_access_pubs/5129,SAGE Publications
26669584,10.1513/annalsats.201503-177oc,2016,pre,Annals of the American Thoracic Society,Comparative Study; Journal Article,Lung Transplant in Patients with Scleroderma Compared with Pulmonary Fibrosis. Short- and Long-Term Outcomes.,Pilewski JM,,0,False,,pilewski jm|,Other-paywall,closed,,Oxford University Press (OUP)
26657575,10.1016/j.jcf.2015.11.004,2016,pre,Journal of cystic fibrosis : official journal of the European Cystic Fibrosis Society,Journal Article,Epidemic Pseudomonas aeruginosa infection in patients with cystic fibrosis is not a risk factor for poor clinical Outcomes following lung transplantation.,Parkins MD,Canada,1,False,,parkins md|canada,OA,bronze,http://www.cysticfibrosisjournal.com/article/S1569199315002623/pdf,Elsevier BV
26565010,10.1093/cid/civ871,2016,pre,Clinical infectious diseases : an official publication of the Infectious Diseases Society of America,"Journal Article; Research Support, N.I.H., Extramural",Symptomatic Respiratory Virus Infection and Chronic Lung Allograft Dysfunction.,Limaye AP,,0,False,,limaye ap|,OA,bronze,https://academic.oup.com/cid/article-pdf/62/3/313/16789346/civ871.pdf,Oxford University Press (OUP)
26530270,10.1093/ejcts/ezv377,2016,pre,European journal of cardio-thoracic surgery : official journal of the European Association for Cardio-thoracic Surgery,Journal Article,Lung transplantation for cystic fibrosis: differential characteristics and outcomes between children and adults.,Salvatierra A,Spain,1,False,,salvatierra a|spain,OA,bronze,https://academic.oup.com/ejcts/article-pdf/49/5/1334/7912685/ezv377.pdf,Oxford University Press (OUP)
26517734,10.1111/ajt.13497,2016,pre,American journal of transplantation : official journal of the American Society of Transplantation and the American Society of Transplant Surgeons,"Journal Article; Research Support, Non-U.S. Gov't",A Promoter Polymorphism in the CD59 Complement Regulatory Protein Gene in Donor Lungs Correlates With a Higher Risk for Chronic Rejection After Lung Transplantation.,Otten HG,Netherlands,1,False,,otten hg|netherlands,OA,hybrid,https://onlinelibrary.wiley.com/doi/pdfdirect/10.1111/ajt.13497,Elsevier BV
26508727,10.1016/j.healun.2015.08.010,2016,pre,The Journal of heart and lung transplantation : the official publication of the International Society for Heart Transplantation,Journal Article,Bronchial artery revascularization and en bloc lung transplant in children.,McKenzie ED,,0,False,,mckenzie ed|,Elsevier,closed,,Elsevier BV
26496787,10.1016/j.healun.2015.08.022,2016,pre,The Journal of heart and lung transplantation : the official publication of the International Society for Heart Transplantation,Journal Article,Influence of human leukocyte antigen mismatching on bronchiolitis obliterans syndrome in lung transplantation.,Whitson BA,,0,True,registry,whitson ba|,OA,bronze,http://www.jhltonline.org/article/S1053249815014163/pdf,Elsevier BV
26493975,10.1007/s11605-015-2983-0,2016,pre,Journal of gastrointestinal surgery : official journal of the Society for Surgery of the Alimentary Tract,Journal Article,Both Pre-Transplant and Early Post-Transplant Antireflux Surgery Prevent Development of Early Allograft Injury After Lung Transplantation.,Chan WW,,0,False,,chan ww|,Elsevier,closed,,Elsevier BV
26476349,10.1016/j.ajpath.2015.08.016,2015,pre,The American journal of pathology,"Evaluation Study; Journal Article; Research Support, Non-U.S. Gov't",Molecular Profiling in Lung Biopsies of Human Pulmonary Allografts to Predict Chronic Lung Allograft Dysfunction.,Laenger F,Germany,1,False,,laenger f|germany,OA,bronze,http://ajp.amjpathol.org/article/S0002944015005337/pdf,Elsevier BV
26461171,10.1111/ajt.13475,2016,pre,American journal of transplantation : official journal of the American Society of Transplantation and the American Society of Transplant Surgeons,"Clinical Trial; Journal Article; Research Support, N.I.H., Extramural",The Role of TGF-β in the Association Between Primary Graft Dysfunction and Bronchiolitis Obliterans Syndrome.,Belperio JA,,0,False,,belperio ja|,OA,bronze,https://onlinelibrary.wiley.com/doi/pdfdirect/10.1111/ajt.13475,Elsevier BV
26452996,10.1016/j.healun.2015.08.012,2016,pre,The Journal of heart and lung transplantation : the official publication of the International Society for Heart Transplantation,"Clinical Trial, Phase II; Journal Article; Randomized Controlled Trial",ALN-RSV01 for prevention of bronchiolitis obliterans syndrome after respiratory syncytial virus infection in lung transplant recipients.,Glanville AR,United Kingdom,4,True,rct,glanville ar|united kingdom,Elsevier,closed,,Elsevier BV
26451527,10.1097/tp.0000000000000881,2015,pre,Transplantation,"Journal Article; Research Support, N.I.H., Extramural",Epithelial and Erythrocyte Microvesicles From Bronchoalveolar Lavage Fluid Are Elevated and Associated With Outcome in Chronic Lung Allograft Dysfunction.,Trummer A,Germany,1,False,,trummer a|germany,WoltersKluwer,closed,,Ovid Technologies (Wolters Kluwer Health)
26429328,10.1016/j.humimm.2015.09.025,2015,pre,Human immunology,"Comparative Study; Journal Article; Research Support, Non-U.S. Gov't",Comparative analysis of how immune sensitization is defined prior to lung transplantation.,Westall G,Australia,1,False,,westall g|australia,Elsevier,closed,,Elsevier BV
26383085,10.1111/ctr.12638,2015,pre,Clinical transplantation,"Journal Article; Research Support, Non-U.S. Gov't",Prognostic role of FEV1 for survival in bronchiolitis obliterans syndrome after allogeneic hematopoietic stem cell transplantation.,Lee KH,South Korea,1,False,,lee kh|south korea,Wiley,closed,,Wiley
26372850,10.1164/rccm.201504-0733oc,2016,pre,American journal of respiratory and critical care medicine,"Journal Article; Research Support, N.I.H., Extramural",Polyfunctional T-Cell Signatures to Predict Protection from Cytomegalovirus after Lung Transplantation.,Weinhold KJ,,0,False,,weinhold kj|,Other-paywall,closed,,Oxford University Press (OUP)
26372728,10.1111/ajt.13417,2016,pre,American journal of transplantation : official journal of the American Society of Transplantation and the American Society of Transplant Surgeons,"Journal Article; Randomized Controlled Trial; Research Support, Non-U.S. Gov't",Prophylactic Azithromycin Therapy After Lung Transplantation: Post hoc Analysis of a Randomized Controlled Trial.,Vos R,Belgium,1,False,rct,vos r|belgium,OA,hybrid,http://www.amjtransplant.org/article/S1600613522005305/pdf,Elsevier BV
26342441,10.1016/j.healun.2015.07.005,2016,pre,The Journal of heart and lung transplantation : the official publication of the International Society for Heart Transplantation,"Journal Article; Research Support, Non-U.S. Gov't",Low-dose computed tomography volumetry for subtyping chronic lung allograft dysfunction.,Keshavjee S,Canada,1,False,,keshavjee s|canada,OA,bronze,http://www.jhltonline.org/article/S1053249815013674/pdf,Elsevier BV
26339864,10.1111/tri.12679,2016,pre,Transplant international : official journal of the European Society for Organ Transplantation,Journal Article; Observational Study,10 years of prophylaxis with nebulized liposomal amphotericin B and the changing epidemiology of Aspergillus spp. infection in lung transplantation.,Roman A,Spain,1,False,,roman a|spain,Other-paywall,closed,,Frontiers Media SA
26308930,10.1164/rccm.201503-0558oc,2015,pre,American journal of respiratory and critical care medicine,"Journal Article; Research Support, N.I.H., Extramural; Research Support, Non-U.S. Gov't",Altered Exosomal RNA Profiles in Bronchoalveolar Lavage from Lung Transplants with Acute Rejection.,Belperio JA,,0,False,,belperio ja|,Other-paywall,closed,,Oxford University Press (OUP)
26308240,10.1111/ajt.13442,2016,pre,American journal of transplantation : official journal of the American Society of Transplantation and the American Society of Transplant Surgeons,"Journal Article; Research Support, Non-U.S. Gov't",Spleen Tyrosine Kinase Modulates Fibrous Airway Obliteration and Associated Lymphoid Neogenesis After Transplantation.,Chow CW,Canada,1,False,,chow cw|canada,OA,hybrid,https://www.amjtransplant.org/article/S1600-6135(22)00541-X/pdf,Elsevier BV
26302084,10.1371/journal.pone.0135972,2015,pre,PloS one,"Journal Article; Research Support, Non-U.S. Gov't","The Presence of HLA-E-Restricted, CMV-Specific CD8+ T Cells in the Blood of Lung Transplant Recipients Correlates with Chronic Allograft Rejection.",Brooks AG,Australia,1,False,,brooks ag|australia,OA,gold,https://journals.plos.org/plosone/article/file?id=10.1371/journal.pone.0135972&type=printable,Public Library of Science (PLoS)
26261607,,2015,pre,International journal of clinical and experimental pathology,"Journal Article; Research Support, Non-U.S. Gov't",Protein-DNA array-based identification of transcription factor activities differentially regulated in obliterative bronchiolitis.,Li G,China,1,False,,li g|china,no-doi,,,
26261598,,2015,pre,International journal of clinical and experimental pathology,"Comparative Study; Journal Article; Research Support, Non-U.S. Gov't","Integrated analysis of transcription factor, microRNA and LncRNA in an animal model of obliterative bronchiolitis.",Li G,China,1,False,,li g|china,no-doi,,,
26224473,10.1016/j.rmed.2015.07.005,2015,pre,Respiratory medicine,Evaluation Study; Journal Article,Exhaled nitric oxide and carbon monoxide in lung transplanted patients.,Rottoli P,Italy,1,False,,rottoli p|italy,OA,bronze,https://www.resmedjournal.com/article/S0954-6111(15)30018-4/pdf,Elsevier BV
26204790,10.1111/tan.12626,2015,pre,Tissue antigens,Journal Article,Bronchiolitis obliterans syndrome due to donor-specific HLA-antibodies.,Winter H,Germany,1,False,,winter h|germany,Wiley,closed,,Wiley
26186804,10.1016/j.healun.2015.05.028,2015,pre,The Journal of heart and lung transplantation : the official publication of the International Society for Heart Transplantation,Journal Article,"Erratic tacrolimus exposure, assessed using the standard deviation of trough blood levels, predicts chronic lung allograft dysfunction and survival.",Chambers DC,Australia,1,True,registry,chambers dc|australia,Elsevier,closed,,Elsevier BV
26177087,10.1097/tp.0000000000000824,2016,pre,Transplantation,"Journal Article; Research Support, N.I.H., Extramural",Psychiatric Predictors of Long-term Transplant-Related Outcomes in Lung Transplant Recipients.,Dew MA,,0,False,,dew ma|,OA,green,https://www.ncbi.nlm.nih.gov/pmc/articles/4684444,Ovid Technologies (Wolters Kluwer Health)
26174800,10.1111/tri.12639,2015,pre,Transplant international : official journal of the European Society for Organ Transplantation,"Journal Article; Research Support, Non-U.S. Gov't",Systemic overexpression of matricellular protein CCN1 exacerbates obliterative bronchiolitis in mouse tracheal allografts.,Lemström KB,Germany,1,False,,lemström kb|germany,Other-paywall,closed,,Frontiers Media SA
26169666,10.1016/j.healun.2015.06.003,2015,pre,The Journal of heart and lung transplantation : the official publication of the International Society for Heart Transplantation,"Journal Article; Research Support, N.I.H., Extramural",The impact of pre-transplant allosensitization on outcomes after lung transplantation.,Hachem RR,,0,False,,hachem rr|,Elsevier,closed,,Elsevier BV
26169663,10.1016/j.healun.2015.05.002,2015,pre,The Journal of heart and lung transplantation : the official publication of the International Society for Heart Transplantation,"Journal Article; Multicenter Study; Research Support, N.I.H., Extramural; Research Support, Non-U.S. Gov't",Clinical outcomes of lung transplant recipients with telomerase mutations.,Hays SR,Australia,3,True,,hays sr|australia,OA,green,https://www.ncbi.nlm.nih.gov/pmc/articles/5382798,Elsevier BV
26168736,10.1016/j.trim.2015.07.001,2015,pre,Transplant immunology,"Comparative Study; Journal Article; Randomized Controlled Trial; Research Support, Non-U.S. Gov't",BAL neutrophilia in azithromycin-treated lung transplant recipients: Clinical significance.,Vanaudenaerde BM,Belgium,1,False,rct,vanaudenaerde bm|belgium,OA,green,http://linkinghub.elsevier.com/retrieve/pii/S0966-3274(15)30006-X,Elsevier BV
26113688,10.1183/09031936.00010615,2015,pre,The European respiratory journal,"Journal Article; Research Support, Non-U.S. Gov't",Linking clinical phenotypes of chronic lung allograft dysfunction to changes in lung structure.,Vanaudenaerde BM,Belgium,3,True,,vanaudenaerde bm|belgium,OA,bronze,https://erj.ersjournals.com/content/erj/46/5/1430.full.pdf,European Respiratory Society (ERS)
26112178,10.1159/000431382,2015,pre,Respiration; international review of thoracic diseases,Journal Article; Observational Study,Long-Term Off-Line Extracorporeal Photochemotherapy in Patients with Chronic Lung Allograft Rejection Not Responsive to Conventional Treatment: A 10-Year Single-Centre Analysis.,Perotti C,Italy,1,False,,perotti c|italy,OA,bronze,https://www.karger.com/Article/Pdf/431382,S. Karger AG
25989360,10.1111/ajt.13305,2015,pre,American journal of transplantation : official journal of the American Society of Transplantation and the American Society of Transplant Surgeons,Clinical Trial; Journal Article,HLA-G*01:04∼UTR3 Recipient Correlates With Lower Survival and Higher Frequency of Chronic Rejection After Lung Transplantation.,Picard C,France,1,False,,picard c|france,OA,bronze,https://onlinelibrary.wiley.com/doi/pdfdirect/10.1111/ajt.13305,Elsevier BV
25981891,10.1016/j.resp.2015.05.003,2015,pre,Respiratory physiology & neurobiology,"Journal Article; Research Support, N.I.H., Extramural; Research Support, Non-U.S. Gov't",Early bronchiolitis obliterans syndrome shows an abnormality of perfusion not ventilation in lung transplant recipients.,Prisk GK,United States,2,True,,prisk gk|united states,Elsevier,closed,,Elsevier BV
25979626,10.1016/j.healun.2015.03.010,2015,pre,The Journal of heart and lung transplantation : the official publication of the International Society for Heart Transplantation,Journal Article,Impact of lung function interpretation approach on pediatric bronchiolitis obliterans syndrome diagnosis after lung transplantation.,Aurora P,United Kingdom,1,False,,aurora p|united kingdom,Elsevier,closed,,Elsevier BV
25979625,10.1016/j.healun.2015.03.021,2015,pre,The Journal of heart and lung transplantation : the official publication of the International Society for Heart Transplantation,"Journal Article; Research Support, N.I.H., Extramural",MicroRNA-144 dysregulates the transforming growth factor-β signaling cascade and contributes to the development of bronchiolitis obliterans syndrome after human lung transplantation.,Mohanakumar T,,0,False,,mohanakumar t|,OA,green,https://www.ncbi.nlm.nih.gov/pmc/articles/4536097,Elsevier BV
25975883,10.1111/vox.12293,2015,pre,Vox sanguinis,Comparative Study; Journal Article,Quality control on mononuclear cells collected for extracorporeal photochemotherapy: comparison between two UV-A irradiation devices.,Perotti C,Italy,1,False,,perotti c|italy,Wiley,closed,,Wiley
25941328,10.4049/jimmunol.1401848,2015,pre,"Journal of immunology (Baltimore, Md. : 1950)","Journal Article; Research Support, N.I.H., Extramural; Research Support, Non-U.S. Gov't",De novo-developed antibodies to donor MHC antigens lead to dysregulation of microRNAs and induction of MHC class II.,Mohanakumar T,,0,False,,mohanakumar t|,OA,bronze,https://www.jimmunol.org/content/jimmunol/194/12/6133.full.pdf,Oxford University Press (OUP)
25940517,10.1111/ajt.13281,2015,pre,American journal of transplantation : official journal of the American Society of Transplantation and the American Society of Transplant Surgeons,"Journal Article; Multicenter Study; Research Support, N.I.H., Extramural; Research Support, Non-U.S. Gov't",Impact of CLAD Phenotype on Survival After Lung Retransplantation: A Multicenter Study.,Haverich A,Germany,3,True,,haverich a|germany,OA,green,https://lirias.kuleuven.be/handle/123456789/498261,Elsevier BV
25935436,10.1016/j.healun.2015.03.009,2015,pre,The Journal of heart and lung transplantation : the official publication of the International Society for Heart Transplantation,"Journal Article; Research Support, Non-U.S. Gov't",Interleukin-17 receptor polymorphism predisposes to primary graft dysfunction after lung transplantation.,van Raemdonck DE,Belgium,1,False,,van raemdonck de|belgium,OA,bronze,http://www.jhltonline.org/article/S1053249815011055/pdf,Elsevier BV
25922973,10.1164/rccm.201501-0174oc,2015,pre,American journal of respiratory and critical care medicine,"Journal Article; Research Support, N.I.H., Extramural; Research Support, Non-U.S. Gov't",Longitudinal Forced Vital Capacity Monitoring as a Prognostic Adjunct after Lung Transplantation.,Lama VN,,0,False,,lama vn|,Other-paywall,closed,,Oxford University Press (OUP)
25904524,10.1111/ajt.13274,2015,pre,American journal of transplantation : official journal of the American Society of Transplantation and the American Society of Transplant Surgeons,"Journal Article; Research Support, N.I.H., Extramural; Research Support, Non-U.S. Gov't",Tolerance of Lung Allografts Achieved in Nonhuman Primates via Mixed Hematopoietic Chimerism.,Allan JS,,0,True,registry,allan js|,OA,hybrid,http://www.amjtransplant.org/article/S1600613522270075/pdf,Elsevier BV
25881588,10.1093/ejcts/ezv108,2016,pre,European journal of cardio-thoracic surgery : official journal of the European Association for Cardio-thoracic Surgery,Evaluation Study; Journal Article,Retrograde in situ versus antegrade pulmonary preservation in clinical lung transplantation: a single-centre experience.,Strueber M,Germany,2,True,,strueber m|germany,OA,bronze,https://academic.oup.com/ejcts/article-pdf/49/1/55/8067339/ezv108.pdf,Oxford University Press (OUP)
25851200,10.1016/j.jvir.2015.02.017,2015,pre,Journal of vascular and interventional radiology : JVIR,Journal Article,Endovascular management of early lung transplant-related anastomotic pulmonary artery stenosis.,Davies MG,United States,1,False,,davies mg|united states,Elsevier,closed,,Elsevier BV
25848314,10.2147/jir.s78259,2015,pre,Journal of inflammation research,Journal Article,Respiratory metapneumoviral infection without co-infection in association with acute and chronic lung allograft dysfunction.,Dosanjh A,United States,1,False,,dosanjh a|united states,OA,gold,https://www.dovepress.com/getfile.php?fileID=24228,Informa UK Limited
25841614,10.1016/j.trim.2015.03.003,2015,pre,Transplant immunology,Journal Article,Profiling of peripheral blood mononuclear cells does not accurately predict the bronchiolitis obliterans syndrome after lung transplantation.,Otten HG,Netherlands,1,False,,otten hg|netherlands,Elsevier,closed,,Elsevier BV
25827676,10.1016/j.athoracsur.2015.01.052,2015,pre,The Annals of thoracic surgery,"Journal Article; Research Support, Non-U.S. Gov't",Pulmonary retransplantation in the Nordic countries.,,Denmark,3,True,,,OA,bronze,https://www.annalsthoracicsurgery.org/article/S0003-4975(15)00195-2/pdf,Elsevier BV
25819270,10.1016/j.arcmed.2015.03.004,2015,pre,Archives of medical research,Journal Article,Could Ex Vivo Lung Perfusion Be a Platform to Decrease the Incidence of Chronic Lung Allograft Dysfunction?,Mohamed MS,Germany,1,False,,mohamed ms|germany,Elsevier,closed,,Elsevier BV
25816104,10.1148/radiol.15141486,2015,pre,Radiology,Journal Article,Chronic Lung Allograft Dysfunction: Oxygen-enhanced T1-Mapping MR Imaging of the Lung.,Vogel-Claussen J,Germany,1,False,,vogel-claussen j|germany,Other-paywall,closed,,Radiological Society of North America (RSNA)
25777057,10.1093/ejcts/ezv051,2016,pre,European journal of cardio-thoracic surgery : official journal of the European Association for Cardio-thoracic Surgery,Comparative Study; Journal Article,Long-term results after lung transplantation using organs from circulatory death donors: a propensity score-matched analysis†.,Simon AR,Germany,2,True,,simon ar|germany,OA,bronze,https://academic.oup.com/ejcts/article-pdf/49/1/46/8067215/ezv051.pdf,Oxford University Press (OUP)
25773063,10.1111/ajt.13215,2015,pre,American journal of transplantation : official journal of the American Society of Transplantation and the American Society of Transplant Surgeons,"Journal Article; Research Support, N.I.H., Extramural",CD4 T Cells but Not Th17 Cells Are Required for Mouse Lung Transplant Obliterative Bronchiolitis.,Shilling RA,United States,1,False,,shilling ra|united states,OA,bronze,https://onlinelibrary.wiley.com/doi/pdfdirect/10.1111/ajt.13215,Elsevier BV
25769073,10.1097/tp.0000000000000687,2015,pre,Transplantation,Comparative Study; Journal Article,Evaluation of Alemtuzumab Versus Basiliximab Induction: A Retrospective Cohort Study in Lung Transplant Recipients.,Hage CA,India,1,True,registry,hage ca|india,WoltersKluwer,closed,,Ovid Technologies (Wolters Kluwer Health)
25753833,10.1016/j.healun.2015.01.009,2015,pre,The Journal of heart and lung transplantation : the official publication of the International Society for Heart Transplantation,Journal Article,Oral ribavirin for respiratory syncytial virus infection after lung transplantation: Efficacy and cost-efficiency.,Glanville AR,United Kingdom,1,False,,glanville ar|united kingdom,Elsevier,closed,,Elsevier BV
25732447,10.1378/chest.14-1049,2015,pre,Chest,Journal Article,Aspiration-related pulmonary syndromes.,Ryu JH,China,1,False,,ryu jh|china,Elsevier,closed,,Elsevier BV
25727073,10.1111/ajt.13189,2015,pre,American journal of transplantation : official journal of the American Society of Transplantation and the American Society of Transplant Surgeons,"Comparative Study; Journal Article; Research Support, N.I.H., Extramural; Research Support, U.S. Gov't, Non-P.H.S.","Cyclosporine Does Not Prevent Microvascular Loss in Transplantation but Can Synergize With a Neutrophil Elastase Inhibitor, Elafin, to Maintain Graft Perfusion During Acute Rejection.",Nicolls MR,France,1,True,registry,nicolls mr|france,OA,green,https://www.ncbi.nlm.nih.gov/pmc/articles/4474772,Elsevier BV
25714615,10.1136/thoraxjnl-2014-205998,2015,pre,Thorax,"Journal Article; Randomized Controlled Trial; Research Support, Non-U.S. Gov't",A randomised controlled trial of azithromycin therapy in bronchiolitis obliterans syndrome (BOS) post lung transplantation.,Ward C,United Kingdom,1,False,rct,ward c|united kingdom,OA,hybrid,https://thorax.bmj.com/content/thoraxjnl/70/5/442.full.pdf,BMJ
25707585,10.1016/j.athoracsur.2014.12.008,2015,pre,The Annals of thoracic surgery,Evaluation Study; Journal Article,Outcomes in pediatric lung transplant recipients receiving adult allografts.,Black SM,,0,True,registry,black sm|,OA,bronze,http://www.annalsthoracicsurgery.org/article/S0003497514022504/pdf,Elsevier BV
25695787,10.1097/tp.0000000000000632,2015,pre,Transplantation,"Journal Article; Research Support, Non-U.S. Gov't",Allogeneic CD4+CD25high T cells regulate obliterative bronchiolitis of heterotopic bronchus allografts in both porcinized and humanized mouse models.,Warnecke G,Germany,1,False,,warnecke g|germany,WoltersKluwer,closed,,Ovid Technologies (Wolters Kluwer Health)
25687798,10.1016/j.bbmt.2015.02.006,2015,pre,Biology of blood and marrow transplantation : journal of the American Society for Blood and Marrow Transplantation,Journal Article,Predictive value of bronchiolitis obliterans syndrome stage 0p in chronic graft-versus-host disease of the lung.,Couriel DR,,0,False,,couriel dr|,OA,hybrid,https://doi.org/10.1016/j.bbmt.2015.02.006,Elsevier BV
25683785,10.1111/ajt.13029,2015,pre,American journal of transplantation : official journal of the American Society of Transplantation and the American Society of Transplant Surgeons,"Journal Article; Research Support, N.I.H., Extramural",Staphylococcus via an interaction with the ELR+ CXC chemokine ENA-78 is associated with BOS.,Belperio JA,,0,False,,belperio ja|,OA,green,https://escholarship.org/uc/item/4w93742b,Elsevier BV
25662904,10.1007/s11899-014-0244-z,2015,pre,Current hematologic malignancy reports,Journal Article,A call to arms: a critical need for interventions to limit pulmonary toxicity in the stem cell transplantation patient population.,Hildebrandt GC,United States,1,True,registry,hildebrandt gc|united states,Springer,closed,,Springer Science and Business Media LLC
25659973,10.1111/ctr.12528,2015,pre,Clinical transplantation,Journal Article,"Lung transplantation in chronic obstructive pulmonary disease: long-term survival, freedom from bronchiolitis obliterans syndrome, and factors influencing outcome.",Simon AR,Germany,1,False,,simon ar|germany,Wiley,closed,,Wiley
25651312,10.1097/tp.0000000000000602,2015,pre,Transplantation,"Journal Article; Research Support, Non-U.S. Gov't",Metalloproteinase Profiling in Lung Transplant Recipients With Good Outcome and Bronchiolitis Obliterans Syndrome.,van der Toorn M,Netherlands,1,False,,van der toorn m|netherlands,OA,green,https://research.rug.nl/en/publications/4f02875d-5709-411d-b581-5effe47eaf00,Ovid Technologies (Wolters Kluwer Health)
25651311,10.1097/tp.0000000000000578,2015,pre,Transplantation,Comparative Study; Journal Article,Lung Preservation With Perfadex or Celsior in Clinical Transplantation: A Retrospective Single-Center Analysis of Outcomes.,Strueber M,United Kingdom,1,False,,strueber m|united kingdom,WoltersKluwer,closed,,Ovid Technologies (Wolters Kluwer Health)
25649290,10.1111/ajt.13185,2015,pre,American journal of transplantation : official journal of the American Society of Transplantation and the American Society of Transplant Surgeons,"Journal Article; Research Support, N.I.H., Extramural",Dysregulated MicroRNA Expression and Chronic Lung Allograft Rejection in Recipients With Antibodies to Donor HLA.,Mohanakumar T,,0,False,,mohanakumar t|,OA,hybrid,http://www.amjtransplant.org/article/S1600613522003409/pdf,Elsevier BV
25628788,,2014,pre,American journal of translational research,Journal Article,Inducible costimulatory molecule deficiency induced imbalance of Treg and Th17/Th2 delays rejection reaction in mice undergoing allogeneic tracheal transplantation.,Shen Q,China,1,False,,shen q|china,no-doi,,,
28514585,,2015,pre,Clinical transplants,Journal Article,Advancing Lung Transplantation.,Hachem RR,,0,True,,hachem rr|,no-doi,,,
25533723,10.1111/ctr.12502,2015,pre,Clinical transplantation,Journal Article,The number of FoxP3+ cells in transbronchial lung allograft biopsies does not predict bronchiolitis obliterans syndrome within the first five years after transplantation.,Andersen CB,Denmark,1,False,,andersen cb|denmark,OA,bronze,https://onlinelibrary.wiley.com/doi/pdfdirect/10.1111/ctr.12502,Wiley
25524280,10.14814/phy2.12244,2014,pre,Physiological reports,Journal Article,Noninvasive assessment for acute allograft rejection in a rat lung transplantation model.,Date H,Japan,1,False,,date h|japan,OA,gold,https://physoc.onlinelibrary.wiley.com/doi/pdfdirect/10.14814/phy2.12244,Wiley
25499141,10.1016/j.healun.2014.10.004,2015,pre,The Journal of heart and lung transplantation : the official publication of the International Society for Heart Transplantation,"Journal Article; Research Support, N.I.H., Extramural",Bronchiolitis obliterans syndrome is not specific for bronchiolitis obliterans in pediatric lung transplant.,Faro A,,0,False,,faro a|,OA,bronze,http://www.jhltonline.org/article/S1053249814014259/pdf,Elsevier BV
25489125,10.4103/0971-3026.143894,2014,pre,The Indian journal of radiology & imaging,Journal Article,Imaging in lung transplants: Checklist for the radiologist.,Goldberg HJ,United States,1,False,,goldberg hj|united states,OA,gold,http://www.thieme-connect.de/products/ejournals/pdf/10.4103/0971-3026.143894.pdf,Georg Thieme Verlag KG
25488753,10.1111/ajt.12977,2015,pre,American journal of transplantation : official journal of the American Society of Transplantation and the American Society of Transplant Surgeons,"Journal Article; Research Support, Non-U.S. Gov't",Role of HLA-G as a predictive marker of low risk of chronic rejection in lung transplant recipients: a clinical prospective study.,Rouas-Freiss N,France,1,True,registry,rouas-freiss n|france,OA,hybrid,http://www.amjtransplant.org/article/S1600613522000326/pdf,Elsevier BV
25479016,10.1371/journal.pone.0114001,2014,pre,PloS one,"Journal Article; Research Support, Non-U.S. Gov't",Cardiac mass and function decrease in bronchiolitis obliterans syndrome after lung transplantation: relationship to physical activity?,Vogel-Claussen J,Germany,1,False,,vogel-claussen j|germany,OA,gold,https://journals.plos.org/plosone/article/file?id=10.1371/journal.pone.0114001&type=printable,Public Library of Science (PLoS)
25478178,10.1136/bmjresp-2014-000027,2014,pre,BMJ open respiratory research,Journal Article,Primary mesenchymal stem cells in human transplanted lungs are CD90/CD105 perivascularly located tissue-resident cells.,Westergren-Thorsson G,Sweden,2,True,,westergren-thorsson g|sweden,OA,gold,https://bmjopenrespres.bmj.com/content/bmjresp/1/1/e000027.full.pdf,BMJ
25476845,10.1016/j.healun.2014.09.044,2015,pre,The Journal of heart and lung transplantation : the official publication of the International Society for Heart Transplantation,"Clinical Study; Journal Article; Research Support, Non-U.S. Gov't",Functional outcomes and quality of life after normothermic ex vivo lung perfusion lung transplantation.,Singer LG,Canada,1,False,,singer lg|canada,Elsevier,closed,,Elsevier BV
25468952,10.1093/ejcts/ezu463,2015,pre,European journal of cardio-thoracic surgery : official journal of the European Association for Cardio-thoracic Surgery,Journal Article,Unilateral chronic lung allograft dysfunction is a characteristic of bilateral living-donor lobar lung transplantation.,Date H,Japan,1,False,,date h|japan,OA,bronze,https://academic.oup.com/ejcts/article-pdf/48/3/463/26177555/ezu463.pdf,Oxford University Press (OUP)
25447585,10.1016/j.healun.2014.09.029,2015,pre,The Journal of heart and lung transplantation : the official publication of the International Society for Heart Transplantation,Journal Article; Randomized Controlled Trial,Reliability of diagnostic criteria for bronchiolitis obliterans syndrome after lung transplantation: a survey.,,India,1,True,rct,,Elsevier,closed,,Elsevier BV
25447582,10.1016/j.healun.2014.09.026,2015,pre,The Journal of heart and lung transplantation : the official publication of the International Society for Heart Transplantation,"Clinical Study; Journal Article; Research Support, N.I.H., Extramural; Research Support, Non-U.S. Gov't",Serial monitoring of exhaled nitric oxide in lung transplant recipients.,Girgis RE,,0,False,,girgis re|,OA,green,https://www.ncbi.nlm.nih.gov/pmc/articles/4402107,Elsevier BV
25447575,10.1016/j.healun.2014.09.019,2015,pre,The Journal of heart and lung transplantation : the official publication of the International Society for Heart Transplantation,Journal Article; Randomized Controlled Trial,Preemptive treatment with therapeutic plasma exchange and rituximab for early donor-specific antibodies after lung transplantation.,Warnecke G,Germany,1,False,rct,warnecke g|germany,OA,bronze,http://www.jhltonline.org/article/S1053249814013540/pdf,Elsevier BV
25444368,10.1016/j.healun.2014.09.005,2015,pre,The Journal of heart and lung transplantation : the official publication of the International Society for Heart Transplantation,Journal Article,Pre-transplant impedance measures of reflux are associated with early allograft injury after lung transplantation.,Chan WW,,0,False,,chan ww|,OA,bronze,http://www.jhltonline.org/article/S1053249814013138/pdf,Elsevier BV
25443870,10.1016/j.healun.2014.07.018,2014,pre,The Journal of heart and lung transplantation : the official publication of the International Society for Heart Transplantation,Journal Article; Observational Study,De novo donor-specific HLA antibodies are associated with early and high-grade bronchiolitis obliterans syndrome and death after lung transplantation.,Zeevi A,,0,True,registry,zeevi a|,Elsevier,closed,,Elsevier BV
25443001,10.1016/j.athoracsur.2014.07.030,2014,pre,The Annals of thoracic surgery,"Journal Article; Multicenter Study; Research Support, Non-U.S. Gov't",Survival benefit of lung transplantation for chronic obstructive pulmonary disease in Sweden.,Piitulainen E,Sweden,1,False,,piitulainen e|sweden,Elsevier,closed,,Elsevier BV
25420847,10.1016/j.transproceed.2014.09.168,2014,pre,Transplantation proceedings,"Journal Article; Research Support, Non-U.S. Gov't",Lobar lung transplantation from deceased donors: a valid option for small-sized patients with cystic fibrosis.,Van Raemdonck D,Belgium,1,False,,van raemdonck d|belgium,Elsevier,closed,,Elsevier BV
25420846,10.1016/j.transproceed.2014.09.163,2014,pre,Transplantation proceedings,"Journal Article; Research Support, Non-U.S. Gov't",Is lung transplantation a valuable therapeutic option for patients with pulmonary polymyositis? Experiences from the Leuven transplant cohort.,Wuyts WA,Belgium,2,True,,wuyts wa|belgium,Elsevier,closed,,Elsevier BV
25412223,10.1097/hcr.0000000000000096,2015,pre,Journal of cardiopulmonary rehabilitation and prevention,Journal Article,Cigarette smoking following lung transplantation: effects on allograft function and recipient functional performance.,Nunley DR,,0,False,,nunley dr|,WoltersKluwer,closed,,Ovid Technologies (Wolters Kluwer Health)
25412059,10.1378/chest.14-1543,2015,pre,Chest,"Comparative Study; Journal Article; Research Support, N.I.H., Extramural; Research Support, Non-U.S. Gov't; Research Support, U.S. Gov't, P.H.S.",Lung transplantation for hypersensitivity pneumonitis.,Blanc PD,,0,False,,blanc pd|,OA,bronze,http://journal.chestnet.org/article/S0012369215372111/pdf,Elsevier BV
25394537,10.1111/ajt.12942,2014,pre,American journal of transplantation : official journal of the American Society of Transplantation and the American Society of Transplant Surgeons,"Journal Article; Research Support, Non-U.S. Gov't",Azithromycin and the treatment of lymphocytic airway inflammation after lung transplantation.,Vanaudenaerde BM,Belgium,1,False,,vanaudenaerde bm|belgium,OA,hybrid,http://www.amjtransplant.org/article/S1600613522256962/pdf,Elsevier BV
25387861,10.1111/tri.12486,2015,pre,Transplant international : official journal of the European Society for Organ Transplantation,Journal Article,Extracorporeal CO2 removal as bridge to lung transplantation in life-threatening hypercapnia.,Lang G,Austria,1,False,,lang g|austria,Other-paywall,closed,,Frontiers Media SA
25358842,10.1111/ajt.12909,2014,pre,American journal of transplantation : official journal of the American Society of Transplantation and the American Society of Transplant Surgeons,"Journal Article; Research Support, Non-U.S. Gov't",Air pollution and the development of posttransplant chronic lung allograft dysfunction.,Singer LG,Canada,1,False,,singer lg|canada,OA,hybrid,http://www.amjtransplant.org/article/S1600613522256974/pdf,Elsevier BV
25266074,10.1111/tri.12470,2015,pre,Transplant international : official journal of the European Society for Organ Transplantation,"Journal Article; Research Support, Non-U.S. Gov't",A decade of extended-criteria lung donors in a single center: was it justified?,Van Raemdonck DE,Belgium,1,False,,van raemdonck de|belgium,OA,green,https://lirias.kuleuven.be/handle/123456789/487326,Frontiers Media SA
25260894,10.1093/icvts/ivu320,2015,pre,Interactive cardiovascular and thoracic surgery,Comparative Study; Journal Article; Observational Study,Early and mid-term results of lung transplantation with donors 60 years and older.,Canela M,Spain,1,False,,canela m|spain,OA,bronze,https://academic.oup.com/icvts/article-pdf/20/1/47/23300106/ivu320.pdf,Oxford University Press (OUP)
25220332,10.1111/ajt.12908,2014,pre,American journal of transplantation : official journal of the American Society of Transplantation and the American Society of Transplant Surgeons,"Journal Article; Research Support, N.I.H., Extramural; Research Support, Non-U.S. Gov't",Immune response to tissue-restricted self-antigens induces airway inflammation and fibrosis following murine lung transplantation.,Mohanakumar T,,0,False,,mohanakumar t|,OA,hybrid,http://www.amjtransplant.org/article/S1600613522256342/pdf,Elsevier BV
25186813,10.1111/resp.12370,2014,pre,"Respirology (Carlton, Vic.)","Journal Article; Research Support, Non-U.S. Gov't",Lung transplantation in adults and children: putting lung function into perspective.,Snell GI,Australia,1,False,,snell gi|australia,OA,bronze,https://onlinelibrary.wiley.com/doi/pdfdirect/10.1111/resp.12370,Wiley
25179441,10.1186/s13019-014-0151-3,2014,pre,Journal of cardiothoracic surgery,"Evaluation Study; Journal Article; Research Support, Non-U.S. Gov't",Mesenchymal stem cell pretreatment of non-heart-beating-donors in experimental lung transplantation.,Wahlers T,Germany,1,False,,wahlers t|germany,OA,gold,https://cardiothoracicsurgery.biomedcentral.com/counter/pdf/10.1186/s13019-014-0151-3,Springer Science and Business Media LLC
25179205,10.1111/tri.12444,2015,pre,Transplant international : official journal of the European Society for Organ Transplantation,"Journal Article; Research Support, Non-U.S. Gov't",Adaptive and innate immune responses in a rat orthotopic lung transplant model of chronic lung allograft dysfunction.,Grau V,Germany,1,False,,grau v|germany,Other-paywall,closed,,Frontiers Media SA
27833787,10.1007/s13665-014-0080-6,2014,pre,Current respiratory care reports,Journal Article,Lung Transplantation for Scleroderma-related Lung Disease.,Singer JP,,0,False,,singer jp|,OA,green,https://www.ncbi.nlm.nih.gov/pmc/articles/5100815,Springer Science and Business Media LLC
25169957,10.1016/j.healun.2014.07.009,2014,pre,The Journal of heart and lung transplantation : the official publication of the International Society for Heart Transplantation,Comparative Study; Journal Article,Awake extracorporeal membrane oxygenation bridging for pulmonary retransplantation provides comparable results to elective retransplantation.,Klepetko W,Austria,2,True,,klepetko w|austria,Elsevier,closed,,Elsevier BV
25162457,10.1089/jpm.2014.0167,2015,pre,Journal of palliative medicine,Journal Article,"Characteristics, interventions, and outcomes of lung transplant recipients co-managed with palliative care.",Downar J,Canada,1,False,,downar j|canada,Other-paywall,closed,,SAGE Publications
25151535,10.1016/j.arbres.2014.06.012,2015,pre,Archivos de bronconeumologia,Journal Article,Functional outcomes after lung transplant in chronic obstructive pulmonary disease.,Padilla Alarcón J,Spain,1,False,,padilla alarcón j|spain,Elsevier,closed,,Elsevier BV
25130554,10.1016/j.healun.2014.07.012,2014,pre,The Journal of heart and lung transplantation : the official publication of the International Society for Heart Transplantation,Journal Article,De novo donor HLA-specific antibodies predict development of bronchiolitis obliterans syndrome after lung transplantation.,Smith JD,,0,False,,smith jd|,OA,green,https://figshare.com/articles/journal_contribution/De_novo_donor_HLA-specific_antibodies_predict_development_of_bronchiolitis_obliterans_syndrome_after_lung_transplantation/23421485,Elsevier BV
25121476,10.1097/tp.0000000000000363,2014,pre,Transplantation,Journal Article,Outcomes after pregnancy in living lobar lung transplantation.,McFadden PM,,0,False,,mcfadden pm|,WoltersKluwer,closed,,Ovid Technologies (Wolters Kluwer Health)
25118847,10.1513/annalsats.201404-137oc,2014,pre,Annals of the American Thoracic Society,Journal Article; Multicenter Study,Lung transplantation for advanced cystic lung disease due to nonamyloid kappa light chain deposits.,Mal H,,0,True,,mal h|,Other-paywall,closed,,Oxford University Press (OUP)
25106683,10.1016/j.athoracsur.2014.05.037,2014,pre,The Annals of thoracic surgery,Journal Article,Examining ABO compatible donors in double lung transplants during the era of lung allocation score.,Toyoda Y,,0,False,registry,toyoda y|,OA,bronze,http://www.annalsthoracicsurgery.org/article/S0003497514010893/pdf,Elsevier BV
25099705,10.1097/tp.0000000000000339,2015,pre,Transplantation,"Journal Article; Research Support, Non-U.S. Gov't",Nonspecific immunoglobulin replacement in lung transplantation recipients with hypogammaglobulinemia: a cohort study taking into account propensity score and immortal time bias.,,France,1,False,,,WoltersKluwer,closed,,Ovid Technologies (Wolters Kluwer Health)
25096855,10.1016/j.jcf.2014.07.007,2015,pre,Journal of cystic fibrosis : official journal of the European Cystic Fibrosis Society,Comparative Study; Journal Article,Anti-ETAR and anti-AT1R autoantibodies are elevated in patients with endstage cystic fibrosis.,Otten HG,Netherlands,2,True,,otten hg|netherlands,OA,bronze,https://www.sciencedirect.com/science/article/pii/S1569199314001684/pdf,Elsevier BV
25070908,10.1016/j.healun.2014.06.015,2014,pre,The Journal of heart and lung transplantation : the official publication of the International Society for Heart Transplantation,Comparative Study; Journal Article,Early donor-specific antibodies in lung transplantation: risk factors and impact on survival.,Warnecke G,Germany,1,False,,warnecke g|germany,Elsevier,closed,,Elsevier BV
25070600,10.1111/tri.12410,2014,pre,Transplant international : official journal of the European Society for Organ Transplantation,Journal Article,Lung transplantation from donors outside standard acceptability criteria--are they really marginal?,Simon AR,,0,False,,simon ar|,Other-paywall,closed,,Frontiers Media SA
25068264,10.1371/journal.pone.0103643,2014,pre,PloS one,"Journal Article; Research Support, N.I.H., Extramural",Association of soluble HLA-G with acute rejection episodes and early development of bronchiolitis obliterans in lung transplantation.,Bhorade SM,United States,1,False,,bhorade sm|united states,OA,gold,https://journals.plos.org/plosone/article/file?id=10.1371/journal.pone.0103643&type=printable,Public Library of Science (PLoS)
25050473,10.1097/tp.0000000000000269,2015,pre,Transplantation,"Comparative Study; Journal Article; Research Support, Non-U.S. Gov't","Differential cytokine, chemokine and growth factor expression in phenotypes of chronic lung allograft dysfunction.",Vanaudenaerde BM,Belgium,1,True,registry,vanaudenaerde bm|belgium,WoltersKluwer,closed,,Ovid Technologies (Wolters Kluwer Health)
25049068,10.1016/j.healun.2014.06.001,2015,pre,The Journal of heart and lung transplantation : the official publication of the International Society for Heart Transplantation,"Journal Article; Multicenter Study; Randomized Controlled Trial; Research Support, Non-U.S. Gov't","Three-year results of an investigator-driven multicenter, international, randomized open-label de novo trial to prevent BOS after lung transplantation.",,Australia,6,True,rct,,Elsevier,closed,,Elsevier BV
25043624,10.1016/j.healun.2014.05.012,2014,pre,The Journal of heart and lung transplantation : the official publication of the International Society for Heart Transplantation,Evaluation Study; Journal Article,No-clamp technique for pulmonary artery and venous anastomoses in lung transplantation.,Amrani M,,0,False,,amrani m|,Elsevier,closed,,Elsevier BV
25039364,10.1111/ajt.12824,2014,pre,American journal of transplantation : official journal of the American Society of Transplantation and the American Society of Transplant Surgeons,"Journal Article; Randomized Controlled Trial; Research Support, Non-U.S. Gov't","Alemtuzumab in lung transplantation: an open-label, randomized, prospective single center study.",Lang G,Austria,1,True,rct,lang g|austria,Elsevier,closed,,Elsevier BV
25004453,10.1016/j.trim.2014.06.004,2014,pre,Transplant immunology,"Journal Article; Research Support, Non-U.S. Gov't",Evolving experience of treating antibody-mediated rejection following lung transplantation.,Westall GP,Australia,1,False,,westall gp|australia,Elsevier,closed,,Elsevier BV
25002389,10.1532/hsf98.2014332,2014,pre,The heart surgery forum,Controlled Clinical Trial; Journal Article,Normothermic ex vivo allograft blood perfusion in clinical heart transplantation.,Tenderich G,Germany,2,True,,tenderich g|germany,OA,gold,https://doi.org/10.1532/hsf98.2014332,IMR Press
24995808,,2014,pre,Minerva medica,Journal Article,Viral Infections in lung transplant recipients: devils or trolls?,Boffini M,Italy,1,True,registry,boffini m|italy,no-doi,,,
24983218,10.1164/rccm.201402-0384up,2014,pre,American journal of respiratory and critical care medicine,Journal Article,Update in lung transplantation 2013.,Palmer SM,,0,True,,palmer sm|,OA,green,https://www.ncbi.nlm.nih.gov/pmc/articles/4226029,Oxford University Press (OUP)
26425619,10.1177/2324709614546866,2014,pre,Journal of investigative medicine high impact case reports,Journal Article,Belatacept for Maintenance Immunosuppression in Lung Transplantation.,Singer JP,United States,1,True,registry,singer jp|united states,OA,gold,https://journals.sagepub.com/doi/pdf/10.1177/2324709614546866,SAGE Publications
24906794,10.1016/j.healun.2014.04.020,2014,pre,The Journal of heart and lung transplantation : the official publication of the International Society for Heart Transplantation,"Journal Article; Research Support, N.I.H., Extramural; Research Support, Non-U.S. Gov't",Efficacy of extracorporeal photopheresis in clearance of antibodies to donor-specific and lung-specific antigens in lung transplant recipients.,Mohanakumar T,,0,False,,mohanakumar t|,Elsevier,closed,,Elsevier BV
24866539,10.1111/ajt.12741,2014,pre,American journal of transplantation : official journal of the American Society of Transplantation and the American Society of Transplant Surgeons,"Journal Article; Research Support, N.I.H., Extramural; Research Support, Non-U.S. Gov't",Differential requirement for P2X7R function in IL-17 dependent vs. IL-17 independent cellular immune responses.,Burlingham WJ,,0,False,,burlingham wj|,OA,hybrid,http://www.amjtransplant.org/article/S1600613522255130/pdf,Elsevier BV
24842125,10.1007/s11748-014-0418-6,2014,pre,General thoracic and cardiovascular surgery,Journal Article,"Registry of the Japanese Society of Lung and Heart-Lung Transplantation: official Japanese lung transplantation report, 2014.",,Japan,1,True,,,Springer,closed,,Springer Science and Business Media LLC
24832379,10.1378/chest.14-0191,2014,pre,Chest,Journal Article; Observational Study,Characteristics and outcomes of patients with lung transplantation requiring admission to the medical ICU.,Sasidhar M,,0,True,,sasidhar m|,Elsevier,closed,,Elsevier BV
24831685,10.1371/journal.pone.0097214,2014,pre,PloS one,"Journal Article; Research Support, N.I.H., Extramural; Research Support, U.S. Gov't, Non-P.H.S.",Changes in the lung microbiome following lung transplantation include the emergence of two distinct Pseudomonas species with distinct clinical associations.,Huffnagle GB,United States,1,False,,huffnagle gb|united states,OA,gold,https://journals.plos.org/plosone/article/file?id=10.1371/journal.pone.0097214&type=printable,Public Library of Science (PLoS)
24810480,10.1111/tid.12228,2014,pre,Transplant infectious disease : an official journal of the Transplantation Society,"Journal Article; Research Support, Non-U.S. Gov't",Clinical features and outcomes of influenza infections in lung transplant recipients: a single-season cohort study.,Benden C,Switzerland,1,False,,benden c|switzerland,Wiley,closed,,Wiley
24802006,10.1111/ajt.12745,2014,pre,American journal of transplantation : official journal of the American Society of Transplantation and the American Society of Transplant Surgeons,"Journal Article; Research Support, Non-U.S. Gov't",Genetic variation in immunoglobulin G receptor affects survival after lung transplantation.,Verleden GM,Belgium,1,False,,verleden gm|belgium,OA,bronze,https://onlinelibrary.wiley.com/doi/pdfdirect/10.1111/ajt.12745,Elsevier BV
24792713,10.1007/s10735-014-9573-4,2014,pre,Journal of molecular histology,"Journal Article; Research Support, Non-U.S. Gov't",De novo expression of fetal ED-A(+) fibronectin and B (+) tenascin-C splicing variants in human cardiac allografts: potential impact for targeted therapy of rejection.,Renner A,Germany,1,True,,renner a|germany,OA,green,https://zenodo.org/record/3412843,Springer Science and Business Media LLC
24787265,10.1111/ajt.12718,2014,pre,American journal of transplantation : official journal of the American Society of Transplantation and the American Society of Transplant Surgeons,"Journal Article; Research Support, Non-U.S. Gov't","Distinct expression patterns of alveolar ""alarmins"" in subtypes of chronic lung allograft dysfunction.",Keshavjee S,Canada,1,False,,keshavjee s|canada,OA,hybrid,http://www.amjtransplant.org/article/S1600613522254926/pdf,Elsevier BV
24778446,10.4049/jimmunol.1303147,2014,pre,"Journal of immunology (Baltimore, Md. : 1950)","Clinical Trial; Journal Article; Research Support, Non-U.S. Gov't",Recognition of distinct cross-reactive virus-specific CD8+ T cells reveals a unique TCR signature in a clinical setting.,Mifsud NA,Australia,1,False,,mifsud na|australia,Other-paywall,closed,,Oxford University Press (OUP)
24750386,10.1111/tri.12341,2014,pre,Transplant international : official journal of the European Society for Organ Transplantation,"Journal Article; Research Support, Non-U.S. Gov't",Mechanistic differences between phenotypes of chronic lung allograft dysfunction after lung transplantation.,Fisher AJ,,0,False,,fisher aj|,OA,hybrid,https://onlinelibrary.wiley.com/doi/pdfdirect/10.1111/tri.12341,Frontiers Media SA
24750288,10.1111/ctr.12301,2014,pre,Clinical transplantation,"Clinical Trial; Journal Article; Research Support, N.I.H., Extramural; Research Support, Non-U.S. Gov't",Predictors of post-traumatic psychological growth in the late years after lung transplantation.,Dew MA,United States,1,False,,dew ma|united states,OA,green,https://www.ncbi.nlm.nih.gov/pmc/articles/4063086,Wiley
24748604,10.1152/ajplung.00353.2013,2014,pre,American journal of physiology. Lung cellular and molecular physiology,"Journal Article; Research Support, N.I.H., Extramural; Research Support, N.I.H., Intramural",Bronchial epithelial injury in the context of alloimmunity promotes lymphocytic bronchiolitis through hyaluronan expression.,Garantziotis S,,0,False,,garantziotis s|,Other-paywall,closed,,American Physiological Society
24727334,10.1016/j.bbmt.2014.04.008,2014,pre,Biology of blood and marrow transplantation : journal of the American Society for Blood and Marrow Transplantation,Journal Article,Outcomes of lung transplantation after allogeneic hematopoietic stem cell transplantation.,Flowers ME,,0,True,registry,flowers me|,OA,hybrid,http://www.astctjournal.org/article/S1083879114002250/pdf,Elsevier BV
24725092,10.1111/tid.12209,2014,pre,Transplant infectious disease : an official journal of the Transplantation Society,Journal Article,Significance of new lung infiltrates in outpatients after lung and heart-lung transplantation.,Gottlieb J,Spain,1,False,,gottlieb j|spain,OA,green,https://www.ncbi.nlm.nih.gov/pmc/articles/7169667,Wiley
24713820,10.1371/journal.pone.0093783,2014,pre,PloS one,"Journal Article; Research Support, Non-U.S. Gov't",Bronchial wall measurements in patients after lung transplantation: evaluation of the diagnostic value for the diagnosis of bronchiolitis obliterans syndrome.,Shin HO,Germany,2,True,,shin ho|germany,OA,gold,https://journals.plos.org/plosone/article/file?id=10.1371/journal.pone.0093783&type=printable,Public Library of Science (PLoS)
24685381,10.1016/j.jtcvs.2014.02.059,2014,pre,The Journal of thoracic and cardiovascular surgery,"Journal Article; Research Support, Non-U.S. Gov't",Pretransplant serum human chitinase-like glycoprotein YKL-40 concentrations independently predict bronchiolitis obliterans development in lung transplant recipients.,Salama M,Austria,1,True,registry,salama m|austria,Elsevier,closed,,Elsevier BV
24621537,10.1097/tp.0000000000000058,2014,pre,Transplantation,Journal Article,Genetic variation in caveolin-1 affects survival after lung transplantation.,Vanaudenaerde BM,Netherlands,1,False,,vanaudenaerde bm|netherlands,WoltersKluwer,closed,,Ovid Technologies (Wolters Kluwer Health)
24598562,10.7182/pit2014823,2014,pre,"Progress in transplantation (Aliso Viejo, Calif.)",Journal Article,Domperidone for delayed gastric emptying in lung transplant recipients with and without gastroesophageal reflux.,McDyer JF,,0,False,,mcdyer jf|,Other-paywall,closed,,SAGE Publications
24559038,10.2217/nnm.13.208,2015,pre,"Nanomedicine (London, England)","Journal Article; Research Support, Non-U.S. Gov't",Antibody-engineered nanoparticles selectively inhibit mesenchymal cells isolated from patients with chronic lung allograft dysfunction.,Meloni F,Italy,1,False,,meloni f|italy,Other-paywall,closed,,Informa UK Limited
24512389,10.1111/ajt.12630,2014,pre,American journal of transplantation : official journal of the American Society of Transplantation and the American Society of Transplant Surgeons,"Journal Article; Research Support, N.I.H., Extramural",Bronchoalveolar lavage cell immunophenotyping facilitates diagnosis of lung allograft rejection.,Caughey GH,,0,False,,caughey gh|,OA,hybrid,https://doi.org/10.1111/ajt.12630,Elsevier BV
24471427,10.1164/rccm.201308-1481oc,2014,pre,American journal of respiratory and critical care medicine,"Evaluation Study; Journal Article; Research Support, N.I.H., Extramural",Hyaluronan contributes to bronchiolitis obliterans syndrome and stimulates lung allograft rejection through activation of innate immunity.,Gelman AE,,0,False,,gelman ae|,Other-paywall,closed,,Oxford University Press (OUP)
24462412,10.1016/j.athoracsur.2013.11.020,2014,pre,The Annals of thoracic surgery,Journal Article,Influence of donor smoking on midterm outcomes after lung transplantation.,Simon AR,United Kingdom,2,True,,simon ar|united kingdom,Elsevier,closed,,Elsevier BV
24461432,10.1016/j.healun.2013.12.011,2014,pre,The Journal of heart and lung transplantation : the official publication of the International Society for Heart Transplantation,"Journal Article; Research Support, Non-U.S. Gov't",Functional and computed tomographic evolution and survival of restrictive allograft syndrome after lung transplantation.,Vos R,Belgium,2,True,,vos r|belgium,OA,green,https://lirias.kuleuven.be/handle/123456789/447811,Elsevier BV
24445061,10.1016/j.rmed.2013.12.016,2014,pre,Respiratory medicine,"Evaluation Study; Journal Article; Research Support, Non-U.S. Gov't",Home spirometry as early detector of azithromycin refractory bronchiolitis obliterans syndrome in lung transplant recipients.,Jens G,Germany,1,False,,jens g|germany,OA,bronze,http://www.resmedjournal.com/article/S095461111400002X/pdf,Elsevier BV
24416715,10.1186/2213-0802-1-12,2013,pre,Translational respiratory medicine,Journal Article,MicroRNAs Implicated in Dysregulation of Gene Expression Following Human Lung Transplantation.,Garcia JG,,0,False,,garcia jg|,OA,hybrid,https://link.springer.com/content/pdf/10.1186/2213-0802-1-12.pdf,Springer Science and Business Media LLC
24414458,10.1007/s00464-013-3388-3,2014,pre,Surgical endoscopy,"Evaluation Study; Journal Article; Research Support, N.I.H., Extramural; Research Support, Non-U.S. Gov't",The diagnostic value of gastroesophageal reflux disease (GERD) symptoms and detection of pepsin and bile acids in bronchoalveolar lavage fluid and exhaled breath condensate for identifying lung transplantation patients with GERD-induced aspiration.,Fisichella PM,United States,1,False,,fisichella pm|united states,OA,green,https://www.ncbi.nlm.nih.gov/pmc/articles/6607894,Springer Science and Business Media LLC
24401019,10.1111/ajt.12561,2014,pre,American journal of transplantation : official journal of the American Society of Transplantation and the American Society of Transplant Surgeons,"Journal Article; Research Support, Non-U.S. Gov't",Diabetes is a major risk factor for mortality after lung transplantation.,Bach LA,Australia,1,False,,bach la|australia,OA,hybrid,http://www.amjtransplant.org/article/S1600613522253477/pdf,Elsevier BV
24392140,10.1371/journal.pone.0084471,2014,pre,PloS one,"Journal Article; Research Support, N.I.H., Extramural; Research Support, Non-U.S. Gov't; Research Support, U.S. Gov't, Non-P.H.S.",Elevated peptides in lung lavage fluid associated with bronchiolitis obliterans syndrome.,Wendt CH,United States,1,False,,wendt ch|united states,OA,gold,https://journals.plos.org/plosone/article/file?id=10.1371/journal.pone.0084471&type=printable,Public Library of Science (PLoS)
24380698,10.1016/j.humimm.2013.12.014,2014,pre,Human immunology,"Journal Article; Research Support, N.I.H., Extramural; Research Support, Non-U.S. Gov't",Role of defensins in the pathogenesis of chronic lung allograft rejection.,Thalachallour M,United States,1,False,,thalachallour m|united states,Elsevier,closed,,Elsevier BV
24354907,10.1164/rccm.201310-1894oc,2014,pre,American journal of respiratory and critical care medicine,"Evaluation Study; Journal Article; Research Support, Non-U.S. Gov't",The site and nature of airway obstruction after lung transplantation.,Vanaudenaerde BM,Belgium,1,False,,vanaudenaerde bm|belgium,Other-paywall,closed,,Oxford University Press (OUP)
24327002,,2013,pre,Minerva medica,Journal Article,New life for macrolides.,Corsico AG,Italy,1,True,registry,corsico ag|italy,no-doi,,,
24325429,10.1164/rccm.201306-1155oc,2014,pre,American journal of respiratory and critical care medicine,Journal Article,Impact of forced vital capacity loss on survival after the onset of chronic lung allograft dysfunction.,Palmer SM,,0,False,,palmer sm|,Other-paywall,closed,,Oxford University Press (OUP)
24325216,10.1186/1471-2334-13-582,2013,pre,BMC infectious diseases,"Journal Article; Research Support, Non-U.S. Gov't",Lower incidence of CMV infection and acute rejections with valganciclovir prophylaxis in lung transplant recipients.,Andersson R,Sweden,1,False,,andersson r|sweden,OA,gold,https://bmcinfectdis.biomedcentral.com/counter/pdf/10.1186/1471-2334-13-582,Springer Science and Business Media LLC
24309319,10.12659/aot.884031,2013,pre,Annals of transplantation,Journal Article,Heterotopic tracheal transplantation animal model of bronchiolitis obliterans: a reproducible model.,Varela de Ugarte A,Spain,1,False,,varela de ugarte a|spain,OA,green,https://doi.org/10.12659/AOT.884031,"International Scientific Information, Inc."
24265781,10.1371/journal.pone.0079601,2013,pre,PloS one,"Journal Article; Research Support, N.I.H., Extramural",Epitope analysis of the collagen type V-specific T cell response in lung transplantation reveals an HLA-DRB1*15 bias in both recipient and donor.,Burlingham WJ,United States,1,False,,burlingham wj|united states,OA,gold,https://journals.plos.org/plosone/article/file?id=10.1371/journal.pone.0079601&type=printable,Public Library of Science (PLoS)
24263024,10.1016/j.healun.2013.09.008,2013,pre,The Journal of heart and lung transplantation : the official publication of the International Society for Heart Transplantation,Journal Article,Genetic variation in interleukin-17 receptor A is functionally associated with chronic rejection after lung transplantation.,Vanaudenaerde BM,Belgium,1,False,,vanaudenaerde bm|belgium,OA,green,https://lirias.kuleuven.be/handle/123456789/435116,Elsevier BV
24217238,10.1532/hsf98.2013160,2013,pre,The heart surgery forum,Controlled Clinical Trial; Journal Article,Long-term outcomes following alemtuzumab induction in lung transplantation.,Iacono A,United States,1,True,registry,iacono a|united states,OA,gold,https://journal.hsforum.com/index.php/HSF/article/download/219/218,IMR Press
24199758,10.1016/j.jtcvs.2013.09.041,2014,pre,The Journal of thoracic and cardiovascular surgery,"Journal Article; Research Support, N.I.H., Extramural; Research Support, Non-U.S. Gov't",Treatment with placenta-derived mesenchymal stem cells mitigates development of bronchiolitis obliterans in a murine model.,Lau CL,India,1,False,,lau cl|india,OA,bronze,http://www.jtcvs.org/article/S0022522313011380/pdf,Elsevier BV
24164971,10.1111/ajt.12492,2013,pre,American journal of transplantation : official journal of the American Society of Transplantation and the American Society of Transplant Surgeons,"Journal Article; Research Support, Non-U.S. Gov't",Impact of cytokine expression in the pre-implanted donor lung on the development of chronic lung allograft dysfunction subtypes.,Keshavjee S,Canada,1,False,,keshavjee s|canada,OA,hybrid,http://www.amjtransplant.org/article/S1600613522262285/pdf,Elsevier BV
24157472,10.1097/tp.0b013e3182a6bae2,2014,pre,Transplantation,"Journal Article; Research Support, Non-U.S. Gov't",Elevated bronchoalveolar lavage eosinophilia correlates with poor outcome after lung transplantation.,Vos R,Belgium,1,False,,vos r|belgium,WoltersKluwer,closed,,Ovid Technologies (Wolters Kluwer Health)
24146959,10.1371/journal.pone.0077123,2013,pre,PloS one,"Journal Article; Research Support, N.I.H., Extramural; Research Support, Non-U.S. Gov't",Ischemia-reperfusion lung injury is attenuated in MyD88-deficient mice.,Glenny RW,United States,1,False,,glenny rw|united states,OA,gold,https://journals.plos.org/plosone/article/file?id=10.1371/journal.pone.0077123&type=printable,Public Library of Science (PLoS)
24119986,10.1016/j.athoracsur.2013.07.072,2014,pre,The Annals of thoracic surgery,Comparative Study; Journal Article,Effects of prophylactic use of sirolimus on bronchiolitis obliterans syndrome development in lung transplant recipients.,Pham SM,,0,True,registry,pham sm|,Elsevier,closed,,Elsevier BV
24076039,10.1016/j.trim.2013.09.007,2013,pre,Transplant immunology,"Clinical Trial; Journal Article; Multicenter Study; Research Support, Non-U.S. Gov't",Immune reconstitution syndrome-like entity in lung transplant recipients with invasive aspergillosis.,Montoya JG,United States,1,False,,montoya jg|united states,Elsevier,closed,,Elsevier BV
24063316,10.1164/rccm.201305-0861oc,2013,pre,American journal of respiratory and critical care medicine,"Journal Article; Research Support, N.I.H., Extramural",CXCR3 ligands are associated with the continuum of diffuse alveolar damage to chronic lung allograft dysfunction.,Belperio JA,,0,False,,belperio ja|,OA,green,https://www.ncbi.nlm.nih.gov/pmc/articles/3863740,Oxford University Press (OUP)
24054808,10.1016/j.healun.2013.05.018,2013,pre,The Journal of heart and lung transplantation : the official publication of the International Society for Heart Transplantation,Journal Article,Single-lung transplantation can be performed with acceptable outcomes using selected donors with heavy smoking history.,Toyoda Y,,0,False,,toyoda y|,OA,bronze,http://www.jhltonline.org/article/S1053249813012916/pdf,Elsevier BV
24050896,10.1016/j.healun.2013.07.016,2013,pre,The Journal of heart and lung transplantation : the official publication of the International Society for Heart Transplantation,"Comparative Study; Journal Article; Research Support, Non-U.S. Gov't",A relevant experimental model for human bronchiolitis obliterans syndrome.,Grau V,,0,False,,grau v|,Elsevier,closed,,Elsevier BV
24028302,10.1111/tid.12132,2013,pre,Transplant infectious disease : an official journal of the Transplantation Society,Journal Article,Analysis of plasma surfactant protein D levels in lung transplant recipients.,Puchhammer-Stöckl E,Austria,1,True,registry,puchhammer-stöckl e|austria,OA,bronze,https://onlinelibrary.wiley.com/doi/pdfdirect/10.1111/tid.12132,Wiley
24021943,10.1016/j.healun.2013.07.017,2013,pre,The Journal of heart and lung transplantation : the official publication of the International Society for Heart Transplantation,Journal Article,Targeting peripheral blood pro-inflammatory CD28null T cells and natural killer T-like cells by inhibiting CD137 expression: possible relevance to treatment of bronchiolitis obliterans syndrome.,Holmes M,Australia,1,False,,holmes m|australia,Elsevier,closed,,Elsevier BV
24007361,10.1111/ajt.12407,2013,pre,American journal of transplantation : official journal of the American Society of Transplantation and the American Society of Transplant Surgeons,"Journal Article; Research Support, N.I.H., Extramural",Pilot study exploring lung allograft surfactant protein A (SP-A) expression in association with lung transplant outcome.,Keshavjee S,,0,False,,keshavjee s|,OA,hybrid,http://www.amjtransplant.org/article/S1600613522270038/pdf,Elsevier BV
24003532,,2013,pre,"Sarcoidosis, vasculitis, and diffuse lung diseases : official journal of WASOG","Journal Article; Research Support, Non-U.S. Gov't",YKL-40 and matrix metalloproteinases as potential biomarkers of inflammation and fibrosis in the development of bronchiolitis obliterans syndrome.,Grutters JC,Netherlands,1,False,,grutters jc|netherlands,no-doi,,,
23953920,10.1016/j.healun.2013.07.004,2013,pre,The Journal of heart and lung transplantation : the official publication of the International Society for Heart Transplantation,"Journal Article; Research Support, N.I.H., Extramural",Acute antibody-mediated rejection after lung transplantation.,Hachem RR,,0,True,,hachem rr|,OA,green,https://www.ncbi.nlm.nih.gov/pmc/articles/3822761,Elsevier BV
23953819,10.1016/j.healun.2013.06.017,2013,pre,The Journal of heart and lung transplantation : the official publication of the International Society for Heart Transplantation,"Journal Article; Research Support, N.I.H., Extramural",Prevention of airway allograft tolerance by polyinosinic:polycytidylic acid requires type I interferon responsiveness for mouse airway obliteration.,McDyer JF,United States,1,False,,mcdyer jf|united states,OA,green,https://www.ncbi.nlm.nih.gov/pmc/articles/4203313,Elsevier BV
23952051,10.1111/tri.12163,2013,pre,Transplant international : official journal of the European Society for Organ Transplantation,"Journal Article; Research Support, Non-U.S. Gov't",Clopidogrel reduces post-transplant obliterative bronchiolitis.,Ensminger SM,Germany,1,False,,ensminger sm|germany,Other-paywall,closed,,Frontiers Media SA
23856218,10.1016/j.healun.2013.06.003,2013,pre,The Journal of heart and lung transplantation : the official publication of the International Society for Heart Transplantation,"Journal Article; Research Support, N.I.H., Extramural",Pre-transplant antibodies to Kα1 tubulin and collagen-V in lung transplantation: clinical correlations.,Mohanakumar T,United States,1,True,registry,mohanakumar t|united states,OA,green,https://www.ncbi.nlm.nih.gov/pmc/articles/3763944,Elsevier BV
23845868,10.1016/j.jss.2013.06.011,2013,pre,The Journal of surgical research,"Journal Article; Research Support, Non-U.S. Gov't",Pepsin concentrations are elevated in the bronchoalveolar lavage fluid of patients with idiopathic pulmonary fibrosis after lung transplantation.,Fisichella PM,,0,False,,fisichella pm|,OA,green,https://www.ncbi.nlm.nih.gov/pmc/articles/4306555,Elsevier BV
23841811,10.1111/ajt.12326,2013,pre,American journal of transplantation : official journal of the American Society of Transplantation and the American Society of Transplant Surgeons,"Journal Article; Research Support, N.I.H., Extramural",Donor surfactant protein D (SP-D) polymorphisms are associated with lung transplant outcome.,D'Ovidio F,United States,1,False,,d'ovidio f|united states,OA,green,http://hdl.handle.net/11380/1154286,Elsevier BV
23828676,,2013,pre,Advances in clinical and experimental medicine : official organ Wroclaw Medical University,"Journal Article; Research Support, Non-U.S. Gov't",Everolimus's influence on persistent acute rejection after experimental lung transplantation.,von Suesskind-Schwendi M,Germany,1,False,,von suesskind-schwendi m|germany,no-doi,,,
23806229,10.1016/j.athoracsur.2013.04.068,2013,pre,The Annals of thoracic surgery,"Journal Article; Research Support, N.I.H., Extramural; Research Support, Non-U.S. Gov't",Short-course rapamycin treatment preserves airway epithelium and protects against bronchiolitis obliterans.,Lau CL,United States,1,True,registry,lau cl|united states,OA,green,https://www.ncbi.nlm.nih.gov/pmc/articles/3886804,Elsevier BV
23797537,10.1007/s00109-013-1063-8,2013,pre,"Journal of molecular medicine (Berlin, Germany)","Journal Article; Research Support, N.I.H., Extramural; Research Support, U.S. Gov't, Non-P.H.S.",Tie2-dependent VHL knockdown promotes airway microvascular regeneration and attenuates invasive growth of Aspergillus fumigatus.,Nicolls MR,United States,1,False,,nicolls mr|united states,OA,hybrid,https://link.springer.com/content/pdf/10.1007/s00109-013-1063-8.pdf,Springer Science and Business Media LLC
23715594,10.1378/chest.12-0354,2013,pre,Chest,"Journal Article; Research Support, N.I.H., Extramural; Research Support, Non-U.S. Gov't",Interstitial pneumonitis and the risk of chronic allograft rejection in lung transplant recipients.,Goldberg HJ,,0,False,,goldberg hj|,OA,bronze,http://journal.chestnet.org/article/S0012369213603438/pdf,Elsevier BV
23710330,10.12703/p5-16,2013,pre,F1000prime reports,Journal Article,Lung transplantation.,Meyer KC,United States,1,False,,meyer kc|united states,OA,bronze,https://facultyopinions.com/prime/reports/m/5/16/pdf,Faculty Opinions Ltd
23664760,10.1016/j.healun.2013.04.012,2013,pre,The Journal of heart and lung transplantation : the official publication of the International Society for Heart Transplantation,Journal Article,The use of lung donors older than 55 years: a review of the United Network of Organ Sharing database.,Griffith BP,United States,1,True,registry,griffith bp|united states,Elsevier,closed,,Elsevier BV
23642186,10.1186/1471-2180-13-97,2013,pre,BMC microbiology,Journal Article,"Phenotypic and genotypic properties of Microbacterium yannicii, a recently described multidrug resistant bacterium isolated from a lung transplanted patient with cystic fibrosis in France.",Rolain JM,,0,False,,rolain jm|,OA,gold,https://bmcmicrobiol.biomedcentral.com/counter/pdf/10.1186/1471-2180-13-97,Springer Science and Business Media LLC
23628225,10.1016/j.jamcollsurg.2013.03.008,2013,pre,Journal of the American College of Surgeons,"Clinical Trial; Journal Article; Research Support, N.I.H., Extramural; Research Support, Non-U.S. Gov't","Aspiration, localized pulmonary inflammation, and predictors of early-onset bronchiolitis obliterans syndrome after lung transplantation.",Kovacs EJ,United States,1,False,,kovacs ej|united states,OA,green,https://www.ncbi.nlm.nih.gov/pmc/articles/4135482,Ovid Technologies (Wolters Kluwer Health)
23623543,10.1016/j.athoracsur.2012.11.079,2013,pre,The Annals of thoracic surgery,Comparative Study; Journal Article,Double-lung transplantation can be safely performed using donors with heavy smoking history.,Toyoda Y,United States,1,True,registry,toyoda y|united states,Elsevier,closed,,Elsevier BV
23619376,10.1016/j.trim.2013.04.006,2013,pre,Transplant immunology,"Journal Article; Research Support, Non-U.S. Gov't",Orthotopic and heterotopic tracheal transplantation model in studying obliterative bronchiolitis.,Jiang K,China,1,True,registry,jiang k|china,OA,hybrid,https://www.sciencedirect.com/science/article/pii/S0966327413000312/pdf,Elsevier BV
23614642,10.1164/rccm.201210-1831oc,2013,pre,American journal of respiratory and critical care medicine,Journal Article,Acute fibrinoid organizing pneumonia after lung transplantation.,Westall GP,Australia,1,False,,westall gp|australia,Other-paywall,closed,,Oxford University Press (OUP)
23607447,10.1111/cei.12081,2013,pre,Clinical and experimental immunology,"Journal Article; Research Support, Non-U.S. Gov't",Up-regulation of alternate co-stimulatory molecules on proinflammatory CD28null T cells in bronchiolitis obliterans syndrome.,Holmes M,Australia,1,True,registry,holmes m|australia,OA,green,https://www.ncbi.nlm.nih.gov/pmc/articles/3694545,Oxford University Press (OUP)
23605986,10.1007/s40272-013-0026-4,2013,pre,Paediatric drugs,"Journal Article; Research Support, Non-U.S. Gov't",Managing bronchiolitis obliterans syndrome (BOS) and chronic lung allograft dysfunction (CLAD) in children: what does the future hold?,Westall GP,Australia,1,True,registry,westall gp|australia,Springer,closed,,Springer Science and Business Media LLC
23594384,10.1111/nmo.12135,2013,pre,Neurogastroenterology and motility,Journal Article,Esophageal motor disease and reflux patterns in patients with advanced pulmonary disease undergoing lung transplant evaluation.,Gyawali CP,United States,1,False,,gyawali cp|united states,Wiley,closed,,Wiley
23591728,10.1097/tp.0b013e31828555d0,2013,pre,Transplantation,"Journal Article; Research Support, Non-U.S. Gov't",Low exercise tolerance correlates with reduced inspiratory capacity and respiratory muscle function in recipients with advanced chronic lung allograft dysfunction.,Gottlieb J,Germany,1,False,,gottlieb j|germany,WoltersKluwer,closed,,Ovid Technologies (Wolters Kluwer Health)
23570741,10.1016/j.healun.2013.01.1046,2013,pre,The Journal of heart and lung transplantation : the official publication of the International Society for Heart Transplantation,"Journal Article; Research Support, N.I.H., Extramural; Research Support, Non-U.S. Gov't",Nature and correlates of post-traumatic stress symptomatology in lung transplant recipients.,White DB,United States,1,False,,white db|united states,Elsevier,closed,,Elsevier BV
23545509,10.1097/tp.0b013e3182845f23,2013,pre,Transplantation,"Journal Article; Research Support, N.I.H., Extramural; Research Support, Non-U.S. Gov't",Outcomes in systemic sclerosis-related lung disease after lung transplantation.,Singer JP,United States,1,False,,singer jp|united states,WoltersKluwer,closed,,Ovid Technologies (Wolters Kluwer Health)
23540400,10.1016/j.healun.2013.02.009,2013,pre,The Journal of heart and lung transplantation : the official publication of the International Society for Heart Transplantation,Journal Article,Anti-reflux surgery for lung transplant recipients in the presence of impedance-detected duodenogastroesophageal reflux and bronchiolitis obliterans syndrome: a study of efficacy and safety.,Hanna GB,United Kingdom,1,False,,hanna gb|united kingdom,Elsevier,closed,,Elsevier BV
23536885,10.1371/journal.pone.0059634,2013,pre,PloS one,"Journal Article; Research Support, Non-U.S. Gov't",Expression of calcineurin activity after lung transplantation: a 2-year follow-up.,Stern M,France,1,False,,stern m|france,OA,gold,https://journals.plos.org/plosone/article/file?id=10.1371/journal.pone.0059634&type=printable,Public Library of Science (PLoS)
23530912,10.6002/ect.2012.0207,2013,pre,Experimental and clinical transplantation : official journal of the Middle East Society for Organ Transplantation,Journal Article; Observational Study,Gastroesophageal reflux disease and its association with bronchiolitis obliterans syndrome in allogeneic hematopoietic stem cell transplant recipients.,Chaudhri N,,0,False,,chaudhri n|,Other-paywall,closed,,Baskent University
23527908,10.1111/tid.12071,2013,pre,Transplant infectious disease : an official journal of the Transplantation Society,"Journal Article; Research Support, Non-U.S. Gov't",Preemptive treatment with voriconazole in lung transplant recipients.,Kong DC,Australia,1,False,,kong dc|australia,Wiley,closed,,Wiley
23527783,10.3109/01902148.2013.781720,2013,pre,Experimental lung research,"Journal Article; Research Support, Non-U.S. Gov't",Isolation of fibroblasts and epithelial cells in bronchoalveolar lavage (BAL).,Hubel A,United States,1,True,registry,hubel a|united states,Other-paywall,closed,,Informa UK Limited
23498820,10.1016/j.transproceed.2012.03.066,2013,pre,Transplantation proceedings,"Journal Article; Research Support, Non-U.S. Gov't",Early administration of FTY720 prevents chronic airway as well as vascular destruction in experimental rat lung transplantation.,Lehle K,Germany,1,True,registry,lehle k|germany,Elsevier,closed,,Elsevier BV
23471704,10.14670/hh-28.1273,2013,pre,Histology and histopathology,"Journal Article; Research Support, Non-U.S. Gov't",Synergism of imatinib mesylate and everolimus in attenuation of bronchiolitis obliterans after rat LTX.,Lehle K,Germany,1,False,,lehle k|germany,unresolved,,,
23444472,10.1097/tp.0b013e318271d7f0,2013,pre,Transplantation,"Journal Article; Research Support, Non-U.S. Gov't",The impact of viral respiratory tract infections on long-term morbidity and mortality following lung transplantation: a retrospective cohort study using a multiplex PCR panel.,Riise GC,Sweden,1,False,,riise gc|sweden,WoltersKluwer,closed,,Ovid Technologies (Wolters Kluwer Health)
23433813,10.1016/j.healun.2013.01.1054,2013,pre,The Journal of heart and lung transplantation : the official publication of the International Society for Heart Transplantation,Journal Article,Time-dependent changes in the risk of death in pure bronchiolitis obliterans syndrome (BOS).,Keshavjee S,Canada,1,True,,keshavjee s|canada,OA,bronze,http://www.jhltonline.org/article/S1053249813010991/pdf,Elsevier BV
23425818,10.1097/tp.0b013e318286e076,2013,pre,Transplantation,"Journal Article; Research Support, Non-U.S. Gov't",Bronchiolitis obliterans syndrome and restrictive allograft syndrome: do risk factors differ?,Vos R,Belgium,1,False,,vos r|belgium,WoltersKluwer,closed,,Ovid Technologies (Wolters Kluwer Health)
23425678,10.1093/ejcts/ezt033,2013,pre,European journal of cardio-thoracic surgery : official journal of the European Association for Cardio-thoracic Surgery,Journal Article,Early lung retrieval from traumatic brain-dead donors does not compromise outcomes following lung transplantation.,Salvatierra A,Spain,1,False,,salvatierra a|spain,OA,bronze,https://academic.oup.com/ejcts/article-pdf/43/6/e190/1004959/ezt033.pdf,Oxford University Press (OUP)
23417393,10.1007/s00705-013-1607-9,2013,pre,Archives of virology,"Comparative Study; Evaluation Study; Journal Article; Research Support, Non-U.S. Gov't",Detection of human cytomegalovirus in transbronchial biopsies from lung transplant recipients.,Cavallo R,Italy,1,False,,cavallo r|italy,Springer,closed,,Springer Science and Business Media LLC
23415729,10.1016/j.healun.2012.12.016,2013,pre,The Journal of heart and lung transplantation : the official publication of the International Society for Heart Transplantation,"Journal Article; Research Support, Non-U.S. Gov't",Involvement of interleukin-17 during lymphocytic bronchiolitis in lung transplant patients.,Vanaudenaerde BM,Belgium,1,False,,vanaudenaerde bm|belgium,OA,green,https://lirias.kuleuven.be/retrieve/e3fa3732-02e0-4892-bfb7-20b332df44b7,Elsevier BV
23406373,10.1111/ajt.12155,2013,pre,American journal of transplantation : official journal of the American Society of Transplantation and the American Society of Transplant Surgeons,Journal Article,Phenotyping established chronic lung allograft dysfunction predicts extracorporeal photopheresis response in lung transplant patients.,Fuehner T,Germany,1,False,,fuehner t|germany,OA,hybrid,http://www.amjtransplant.org/article/S1600613522258948/pdf,Elsevier BV
23398785,10.1111/ajt.12131,2013,pre,American journal of transplantation : official journal of the American Society of Transplantation and the American Society of Transplant Surgeons,"Journal Article; Multicenter Study; Research Support, N.I.H., Extramural; Validation Study",Colonization with small conidia Aspergillus species is associated with bronchiolitis obliterans syndrome: a two-center validation study.,Belperio JA,,0,False,,belperio ja|,OA,hybrid,http://www.amjtransplant.org/article/S160061352225895X/pdf,Elsevier BV
23396843,10.1093/intimm/dxs158,2013,pre,International immunology,"Journal Article; Research Support, Non-U.S. Gov't",IL-6 amplifier activation in epithelial regions of bronchi after allogeneic lung transplantation.,Okumura M,Japan,1,False,,okumura m|japan,OA,bronze,https://academic.oup.com/intimm/article-pdf/25/5/319/45727497/intimm_25_5_319.pdf,Oxford University Press (OUP)
23375322,10.1016/j.transproceed.2012.02.045,2013,pre,Transplantation proceedings,"Journal Article; Research Support, Non-U.S. Gov't",Initial experience of lung transplantation at a single center in China.,Zhu Y,China,1,False,,zhu y|china,Elsevier,closed,,Elsevier BV
23237700,10.1111/ajt.12024,2013,pre,American journal of transplantation : official journal of the American Society of Transplantation and the American Society of Transplant Surgeons,Journal Article,OPTN/SRTR 2011 Annual Data Report: lung.,Kasiske BL,United States,1,True,registry,kasiske bl|united states,OA,hybrid,http://www.amjtransplant.org/article/S1600613522263047/pdf,Elsevier BV
23331973,10.1111/ajt.12067,2013,pre,American journal of transplantation : official journal of the American Society of Transplantation and the American Society of Transplant Surgeons,"Journal Article; Research Support, Non-U.S. Gov't",Cyclosporine A drives a Th17- and Th2-mediated posttransplant obliterative airway disease.,Le Moine A,Belgium,1,False,,le moine a|belgium,OA,green,https://zotero.org/groups/5435545/items/T8RUEEFC,Elsevier BV
23331756,10.1111/ajt.12062,2013,pre,American journal of transplantation : official journal of the American Society of Transplantation and the American Society of Transplant Surgeons,"Journal Article; Research Support, N.I.H., Extramural",Early plasma soluble receptor for advanced glycation end-product levels are associated with bronchiolitis obliterans syndrome.,Christie JD,United States,1,True,,christie jd|united states,OA,hybrid,http://www.amjtransplant.org/article/S1600613522258651/pdf,Elsevier BV
23328795,10.1378/chest.12-0587,2013,pre,Chest,"Journal Article; Research Support, N.I.H., Extramural",Implications for human leukocyte antigen antibodies after lung transplantation: a 10-year experience in 441 patients.,Palmer SM,,0,False,,palmer sm|,OA,bronze,http://journal.chestnet.org/article/S0012369213604717/pdf,Elsevier BV
23328531,10.1164/rccm.201207-1228oc,2013,pre,American journal of respiratory and critical care medicine,"Journal Article; Research Support, N.I.H., Extramural; Research Support, Non-U.S. Gov't",Interaction between Pseudomonas and CXC chemokines increases risk of bronchiolitis obliterans syndrome and death in lung transplantation.,Belperio JA,United States,1,False,,belperio ja|united states,OA,green,https://www.ncbi.nlm.nih.gov/pmc/articles/3733405,Oxford University Press (OUP)
23328523,10.1164/rccm.201209-1680oc,2013,pre,American journal of respiratory and critical care medicine,"Journal Article; Research Support, Non-U.S. Gov't",Reestablishment of recipient-associated microbiota in the lung allograft is linked to reduced risk of bronchiolitis obliterans syndrome.,Chambers DC,Australia,1,False,,chambers dc|australia,Other-paywall,closed,,Oxford University Press (OUP)
23325004,10.1097/tp.0b013e3182772244,2013,pre,Transplantation,"Journal Article; Research Support, N.I.H., Extramural; Research Support, Non-U.S. Gov't",Critical role for IL-17A/F in the immunopathogenesis of obliterative airway disease induced by Anti-MHC I antibodies.,Mohanakumar T,United States,1,False,,mohanakumar t|united states,WoltersKluwer,closed,,Ovid Technologies (Wolters Kluwer Health)
23322094,10.1093/icvts/ivs570,2013,pre,Interactive cardiovascular and thoracic surgery,Comparative Study; Journal Article,Influence of donor-recipient gender mismatch on graft function and survival following lung transplantation.,Salvatierra A,Spain,1,False,,salvatierra a|spain,OA,bronze,https://academic.oup.com/icvts/article-pdf/16/4/426/17745345/ivs570.pdf,Oxford University Press (OUP)
23313559,10.1016/j.healun.2012.11.018,2013,pre,The Journal of heart and lung transplantation : the official publication of the International Society for Heart Transplantation,Journal Article,Pathologic findings in lung allografts with anti-HLA antibodies.,Wallace WD,United States,1,False,,wallace wd|united states,OA,green,https://www.ncbi.nlm.nih.gov/pmc/articles/3878303,Elsevier BV
23305183,10.1111/trf.12065,2013,pre,Transfusion,Journal Article; Randomized Controlled Trial,Mononuclear cell collection for extracorporeal photochemotherapy: a study comparing an automatic and a semiautomatic apheresis device.,Perotti C,Italy,1,False,rct,perotti c|italy,Wiley,closed,,Wiley
23296148,10.1097/tp.0b013e31827afb0f,2013,pre,Transplantation,Journal Article,Lung transplantation in patients with pretransplantation donor-specific antibodies detected by Luminex assay.,Stern M,France,1,False,,stern m|france,WoltersKluwer,closed,,Ovid Technologies (Wolters Kluwer Health)
23284981,10.1371/journal.pone.0052309,2012,pre,PloS one,"Journal Article; Research Support, Non-U.S. Gov't",Regional differences in susceptibiity of bronchial epithelium to mesenchymal transition and inhibition by the macrolide antibiotic azithromycin.,Chambers DC,Australia,1,False,,chambers dc|australia,OA,gold,https://journals.plos.org/plosone/article/file?id=10.1371/journal.pone.0052309&type=printable,Public Library of Science (PLoS)
23279590,10.1111/ajt.12017,2013,pre,American journal of transplantation : official journal of the American Society of Transplantation and the American Society of Transplant Surgeons,"Journal Article; Research Support, N.I.H., Extramural; Research Support, Non-U.S. Gov't",Significance of and risk factors for the development of central airway stenosis after lung transplantation.,Snyder LD,United States,1,False,,snyder ld|united states,OA,hybrid,http://www.amjtransplant.org/article/S1600613522258134/pdf,Elsevier BV
23278569,10.1111/ctr.12054,2013,pre,Clinical transplantation,"Journal Article; Research Support, N.I.H., Extramural",Rhinovirus and other respiratory viruses exert different effects on lung allograft function that are not mediated through acute rejection.,Singer JP,United States,1,False,,singer jp|united states,OA,green,https://www.ncbi.nlm.nih.gov/pmc/articles/3558613,Wiley
25095525,,2013,pre,Clinical transplants,"Journal Article; Research Support, N.I.H., Extramural; Research Support, Non-U.S. Gov't",Role of alloimmunity and autoimmunity in allograft rejection.,Mohanakumar T,,0,False,,mohanakumar t|,no-doi,,,
23274967,10.1097/tp.0b013e318277e29e,2013,pre,Transplantation,Journal Article,Lung transplantation for bronchiolitis obliterans after allogeneic hematopoietic stem cell transplantation: a single-center experience.,Rabitsch W,Austria,1,True,registry,rabitsch w|austria,WoltersKluwer,closed,,Ovid Technologies (Wolters Kluwer Health)
23260706,10.1016/j.healun.2012.10.007,2013,pre,The Journal of heart and lung transplantation : the official publication of the International Society for Heart Transplantation,Journal Article,"Donor-specific antibodies are associated with antibody-mediated rejection, acute cellular rejection, bronchiolitis obliterans syndrome, and cystic fibrosis after lung transplantation.",Neuringer IP,United States,1,False,,neuringer ip|united states,OA,bronze,http://www.jhltonline.org/article/S1053249812013642/pdf,Elsevier BV
23260704,10.1016/j.healun.2012.10.006,2013,pre,The Journal of heart and lung transplantation : the official publication of the International Society for Heart Transplantation,Journal Article,"Bronchiolitis obliterans syndrome, hypogammaglobulinemia, and infectious complications of lung transplantation.",Hopkins PM,Australia,1,False,,hopkins pm|australia,Elsevier,closed,,Elsevier BV
23239157,10.1164/rccm.201206-1025oc,2013,pre,American journal of respiratory and critical care medicine,"Journal Article; Multicenter Study; Research Support, N.I.H., Extramural; Research Support, U.S. Gov't, Non-P.H.S.",Association of large-airway lymphocytic bronchitis with bronchiolitis obliterans syndrome.,Trivedi NN,United States,1,True,,trivedi nn|united states,Other-paywall,closed,,Oxford University Press (OUP)
23225511,10.1055/s-0032-1322619,2013,pre,The Thoracic and cardiovascular surgeon,"Comparative Study; Journal Article; Research Support, Non-U.S. Gov't",Gram-negative infection and bronchiectasis in lung transplant recipients with bronchiolitis obliterans syndrome.,Tobias JD,United States,1,False,,tobias jd|united states,Other-paywall,closed,,Georg Thieme Verlag KG
23205765,10.1111/j.1600-6143.2012.04337.x,2013,pre,American journal of transplantation : official journal of the American Society of Transplantation and the American Society of Transplant Surgeons,"Journal Article; Research Support, N.I.H., Extramural; Research Support, Non-U.S. Gov't",Ferret lung transplant: an orthotopic model of obliterative bronchiolitis.,Parekh KR,United States,1,True,registry,parekh kr|united states,OA,hybrid,http://www.amjtransplant.org/article/S1600613522258237/pdf,Elsevier BV
23187053,10.7182/pit2012582,2012,pre,"Progress in transplantation (Aliso Viejo, Calif.)",Journal Article,Negative effects of pretransplant body mass index on physical health-related quality of life after lung transplant.,Pinson CW,United States,1,False,,pinson cw|united states,Other-paywall,closed,,SAGE Publications
23173619,10.1111/1574-6968.12053,2013,pre,FEMS microbiology letters,"Journal Article; Research Support, N.I.H., Extramural",Longitudinal analysis of the lung microbiome in lung transplantation.,Isaacson RE,United States,1,False,,isaacson re|united states,OA,bronze,https://academic.oup.com/femsle/article-pdf/339/1/57/19125092/339-1-57.pdf,Oxford University Press (OUP)
23102913,10.1016/j.healun.2012.09.010,2012,pre,The Journal of heart and lung transplantation : the official publication of the International Society for Heart Transplantation,Journal Article,Decline in 25% to 75% forced expiratory flow as an early predictor of chronic airway rejection in pediatric lung transplant recipients.,Elidemir O,United States,1,False,,elidemir o|united states,Elsevier,closed,,Elsevier BV
23097371,10.1093/icvts/ivs433,2013,pre,Interactive cardiovascular and thoracic surgery,Comparative Study; Journal Article,Extracorporeal membrane oxygenation with spontaneous breathing as a bridge to lung transplantation.,Tarsia P,Italy,1,False,,tarsia p|italy,OA,green,https://www.ncbi.nlm.nih.gov/pmc/articles/3523633,Oxford University Press (OUP)
23091227,10.1093/ejcts/ezs541,2013,pre,European journal of cardio-thoracic surgery : official journal of the European Association for Cardio-thoracic Surgery,Journal Article,Long-term outcomes of bilateral lobar lung transplantation.,Weder W,Switzerland,1,False,,weder w|switzerland,OA,bronze,https://academic.oup.com/ejcts/article-pdf/43/6/1220/17765157/ezs541.pdf,Oxford University Press (OUP)
23064037,10.1038/bmt.2012.197,2013,pre,Bone marrow transplantation,Journal Article,Lung transplantation for bronchiolitis obliterans syndrome after allo-SCT.,Fløisand Y,Norway,1,True,,fløisand y|norway,Springer,closed,,Springer Science and Business Media LLC
23025532,10.1111/tid.12015,2013,pre,Transplant infectious disease : an official journal of the Transplantation Society,Journal Article,Clinical significance of quantitative cytomegalovirus detection in bronchoalveolar lavage fluid in lung transplant recipients.,Gottlieb J,Germany,1,False,,gottlieb j|germany,Wiley,closed,,Wiley
23018877,10.1038/modpathol.2012.171,2013,pre,"Modern pathology : an official journal of the United States and Canadian Academy of Pathology, Inc",Journal Article,Restrictive allograft syndrome post lung transplantation is characterized by pleuroparenchymal fibroelastosis.,Hwang DM,Canada,1,False,,hwang dm|canada,OA,bronze,https://www.nature.com/articles/modpathol2012171.pdf,Elsevier BV
23002428,10.1007/s13665-012-0019-8,2012,pre,Current respiratory care reports,Journal Article,Antibody-Mediated Lung Transplant Rejection.,Hachem R,United States,1,False,,hachem r|united states,OA,bronze,https://link.springer.com/content/pdf/10.1007/s13665-012-0019-8.pdf,Springer Science and Business Media LLC
23002078,10.1152/ajplung.00162.2012,2012,pre,American journal of physiology. Lung cellular and molecular physiology,"Clinical Trial; Journal Article; Research Support, N.I.H., Extramural; Research Support, U.S. Gov't, Non-P.H.S.",New methods for monitoring dynamic airway tissue oxygenation and perfusion in experimental and clinical transplantation.,Nicolls MR,United States,1,True,registry,nicolls mr|united states,Other-paywall,closed,,American Physiological Society
22998935,10.1016/j.jcf.2012.08.013,2013,pre,Journal of cystic fibrosis : official journal of the European Cystic Fibrosis Society,Journal Article,Nasal polyposis in lung transplant recipients with cystic fibrosis.,Hofer M,Switzerland,1,False,,hofer m|switzerland,Elsevier,closed,,Elsevier BV
22986156,10.1016/j.healun.2012.08.012,2012,pre,The Journal of heart and lung transplantation : the official publication of the International Society for Heart Transplantation,"Journal Article; Research Support, N.I.H., Extramural","Staphylococcus aureus infections in the early period after lung transplantation: epidemiology, risk factors, and outcomes.",Hong Nguyen M,United States,1,False,,hong nguyen m|united states,Elsevier,closed,,Elsevier BV
22980951,10.1016/j.healun.2012.08.011,2012,pre,The Journal of heart and lung transplantation : the official publication of the International Society for Heart Transplantation,"Journal Article; Research Support, N.I.H., Extramural; Research Support, Non-U.S. Gov't",Complement activation is not required for obliterative airway disease induced by antibodies to major histocompatibility complex class I: Implications for chronic lung rejection.,Mohanakumar T,United States,1,True,registry,mohanakumar t|united states,OA,green,https://www.ncbi.nlm.nih.gov/pmc/articles/3472127,Elsevier BV
22974905,10.1016/j.transproceed.2012.07.092,2012,pre,Transplantation proceedings,Journal Article,Development of a non-heart-beating donor program and results after the first year.,de Nicolás JL,Spain,1,False,,de nicolás jl|spain,Elsevier,closed,,Elsevier BV
22922656,10.1159/000339627,2013,pre,Respiration; international review of thoracic diseases,Journal Article; Observational Study,"Impact of sinus surgery on pseudomonal airway colonization, bronchiolitis obliterans syndrome and survival in cystic fibrosis lung transplant recipients.",Boehler A,Switzerland,1,False,,boehler a|switzerland,OA,bronze,https://www.karger.com/Article/Pdf/339627,S. Karger AG
22921151,10.1016/j.amjsurg.2012.07.019,2012,pre,American journal of surgery,Evaluation Study; Journal Article,Gastroesophageal reflux disease in lung transplant patients with cystic fibrosis.,Fisichella PM,United States,1,False,,fisichella pm|united states,Elsevier,closed,,Elsevier BV
22902791,10.1097/tp.0b013e31825ffca6,2012,pre,Transplantation,"Journal Article; Research Support, Non-U.S. Gov't",Donor clara cell secretory protein polymorphism is a risk factor for bronchiolitis obliterans syndrome after lung transplantation.,Kotsimbos TC,Australia,1,False,,kotsimbos tc|australia,WoltersKluwer,closed,,Ovid Technologies (Wolters Kluwer Health)
22884382,10.1016/j.healun.2012.05.002,2012,pre,The Journal of heart and lung transplantation : the official publication of the International Society for Heart Transplantation,"Clinical Trial; Journal Article; Research Support, Non-U.S. Gov't",A prospective interventional study on the use of extracorporeal photopheresis in patients with bronchiolitis obliterans syndrome after lung transplantation.,Knobler R,Austria,1,False,,knobler r|austria,Elsevier,closed,,Elsevier BV
22883104,10.1111/j.1600-6143.2012.04201.x,2012,pre,American journal of transplantation : official journal of the American Society of Transplantation and the American Society of Transplant Surgeons,"Journal Article; Research Support, N.I.H., Extramural; Research Support, Non-U.S. Gov't",Epithelial clara cell injury occurs in bronchiolitis obliterans syndrome after human lung transplantation.,Palmer SM,United States,1,False,,palmer sm|united states,OA,hybrid,http://www.amjtransplant.org/article/S1600613522276965/pdf,Elsevier BV
22822907,10.1111/j.1600-6143.2012.04191.x,2012,pre,American journal of transplantation : official journal of the American Society of Transplantation and the American Society of Transplant Surgeons,"Journal Article; Research Support, N.I.H., Extramural; Research Support, Non-U.S. Gov't",T regulatory cells play a significant role in modulating MHC class I antibody-induced obliterative airway disease.,Mohanakumar T,United States,1,False,,mohanakumar t|united states,OA,bronze,https://onlinelibrary.wiley.com/doi/pdfdirect/10.1111/j.1600-6143.2012.04191.x,Elsevier BV
22815323,10.1093/icvts/ivs330,2012,pre,Interactive cardiovascular and thoracic surgery,"Journal Article; Research Support, N.I.H., Extramural",Immediate postoperative inflammatory response predicts long-term outcome in lung-transplant recipients.,Beaver TM,United States,1,False,,beaver tm|united states,OA,bronze,https://academic.oup.com/icvts/article-pdf/15/4/603/1833086/ivs330.pdf,Oxford University Press (OUP)
22798321,10.1164/rccm.201204-0693oc,2012,pre,American journal of respiratory and critical care medicine,"Comparative Study; Journal Article; Research Support, N.I.H., Extramural; Research Support, Non-U.S. Gov't",Lung-enriched organisms and aberrant bacterial and fungal respiratory microbiota after lung transplant.,Collman RG,United States,1,False,,collman rg|united states,Other-paywall,closed,,Oxford University Press (OUP)
22762710,10.1186/1465-9921-13-56,2012,pre,Respiratory research,Journal Article,Increased plasma mannose binding lectin levels are associated with bronchiolitis obliterans after lung transplantation.,Neuringer IP,United States,1,False,,neuringer ip|united states,OA,gold,https://respiratory-research.biomedcentral.com/counter/pdf/10.1186/1465-9921-13-56,Springer Science and Business Media LLC
22759800,10.1016/j.healun.2012.04.007,2012,pre,The Journal of heart and lung transplantation : the official publication of the International Society for Heart Transplantation,"Journal Article; Research Support, Non-U.S. Gov't","Bronchiolitis obliterans syndrome is associated with increased peripheral blood natural killer and natural killer T-like granzymes, perforin, and T-helper-type 1 pro-inflammatory cytokines.",Holmes M,Australia,1,True,registry,holmes m|australia,Elsevier,closed,,Elsevier BV
22754663,10.3978/j.issn.2072-1439.2012.06.02,2012,pre,Journal of thoracic disease,Journal Article,"Five-year update on the mouse model of orthotopic lung transplantation: Scientific uses, tricks of the trade, and tips for success.",Krupnick AS,,0,False,,krupnick as|,unresolved,,,
22724524,10.1111/j.1399-0012.2012.01665.x,2012,pre,Clinical transplantation,Journal Article,The impact of fluoroquinolone resistance of Gram-negative bacteria in respiratory secretions on the outcome of lung transplant (non-cystic fibrosis) recipients.,Kramer MR,Israel,1,False,,kramer mr|israel,Wiley,closed,,Wiley
22682332,10.1111/j.1600-6143.2012.04134.x,2012,pre,American journal of transplantation : official journal of the American Society of Transplantation and the American Society of Transplant Surgeons,"Journal Article; Research Support, Non-U.S. Gov't",Lymphocytic bronchiolitis after lung transplantation is associated with daily changes in air pollution.,Vanaudenaerde BM,Belgium,1,False,,vanaudenaerde bm|belgium,Elsevier,closed,,Elsevier BV
22676701,10.1111/j.1399-3062.2012.00751.x,2012,pre,Transplant infectious disease : an official journal of the Transplantation Society,"Journal Article; Research Support, Non-U.S. Gov't",Relevance of maintenance triple-drug immunosuppression to bridle the amplification of rat cytomegalovirus infection after experimental lung transplantation.,Hirt SW,Germany,1,True,registry,hirt sw|germany,OA,bronze,https://onlinelibrary.wiley.com/doi/pdfdirect/10.1111/j.1399-3062.2012.00751.x,Wiley
22621746,10.1016/j.healun.2012.04.002,2012,pre,The Journal of heart and lung transplantation : the official publication of the International Society for Heart Transplantation,Comparative Study; Journal Article,Oral versus inhaled ribavirin therapy for respiratory syncytial virus infection after lung transplantation.,Danziger-Isakov L,United States,1,True,,danziger-isakov l|united states,Elsevier,closed,,Elsevier BV
22608715,10.1016/j.athoracsur.2012.03.059,2012,pre,The Annals of thoracic surgery,Journal Article,Growing single-center experience with lung transplantation using donation after cardiac death.,Pettersson GB,United States,1,False,,pettersson gb|united states,OA,bronze,http://www.annalsthoracicsurgery.org/article/S0003497512006777/pdf,Elsevier BV
22568593,10.1111/j.1600-6143.2012.04079.x,2012,pre,American journal of transplantation : official journal of the American Society of Transplantation and the American Society of Transplant Surgeons,"Journal Article; Research Support, N.I.H., Extramural; Research Support, Non-U.S. Gov't",Antibodies to K-α 1 tubulin and collagen V are associated with chronic rejection after lung transplantation.,Mohanakumar T,United States,1,False,,mohanakumar t|united states,OA,green,https://www.ncbi.nlm.nih.gov/pmc/articles/3409301,Elsevier BV
22554673,10.1016/j.healun.2012.03.008,2012,pre,The Journal of heart and lung transplantation : the official publication of the International Society for Heart Transplantation,"Journal Article; Multicenter Study; Randomized Controlled Trial; Research Support, Non-U.S. Gov't","Tacrolimus and cyclosporine have differential effects on the risk of development of bronchiolitis obliterans syndrome: results of a prospective, randomized international trial in lung transplantation.",,Germany,1,True,rct,,Elsevier,closed,,Elsevier BV
22537841,10.1016/j.jss.2012.03.066,2012,pre,The Journal of surgical research,"Journal Article; Research Support, Non-U.S. Gov't; Validation Study",Pulmonary immune changes early after laparoscopic antireflux surgery in lung transplant patients with gastroesophageal reflux disease.,Kovacs EJ,United States,1,False,,kovacs ej|united states,Elsevier,closed,,Elsevier BV
22503816,10.1016/j.resp.2012.02.003,2012,pre,Respiratory physiology & neurobiology,"Journal Article; Research Support, Non-U.S. Gov't",Exercise testing parameters associated with post lung transplant mortality.,Bartels MN,United States,1,False,,bartels mn|united states,Elsevier,closed,,Elsevier BV
22460525,10.1007/s00405-012-2002-y,2013,pre,European archives of oto-rhino-laryngology : official journal of the European Federation of Oto-Rhino-Laryngological Societies (EUFOS) : affiliated with the German Society for Oto-Rhino-Laryngology - Head and Neck Surgery,Journal Article,Posttransplant sinus surgery in lung transplant recipients with cystic fibrosis: a single institutional experience.,Holzmann D,Switzerland,1,False,,holzmann d|switzerland,Springer,green,,Springer Science and Business Media LLC
22425236,10.1016/j.healun.2012.02.022,2012,pre,The Journal of heart and lung transplantation : the official publication of the International Society for Heart Transplantation,Journal Article,Bronchial carcinoma after lung transplantation: a single-center experience.,Dooms C,Belgium,1,False,,dooms c|belgium,Elsevier,closed,,Elsevier BV
22418078,10.1016/j.healun.2012.02.004,2012,pre,The Journal of heart and lung transplantation : the official publication of the International Society for Heart Transplantation,"Comparative Study; Journal Article; Research Support, Non-U.S. Gov't",Increased expression of graft intraepithelial T-cell pro-inflammatory cytokines compared with native lung during episodes of acute rejection.,Holmes M,Australia,1,False,,holmes m|australia,Elsevier,closed,,Elsevier BV
22398468,10.1093/ejcts/ezr277,2012,pre,European journal of cardio-thoracic surgery : official journal of the European Association for Cardio-thoracic Surgery,"Evaluation Study; Journal Article; Research Support, Non-U.S. Gov't",Impact of the severity of acute rejection in the early phase after rat lung transplantation on the effectiveness of mycophenolate mofetil to treat chronic allograft rejection.,Lehle K,Germany,1,True,registry,lehle k|germany,OA,bronze,https://academic.oup.com/ejcts/article-pdf/42/1/142/1020399/ezr277.pdf,Oxford University Press (OUP)
22394285,10.3109/01902148.2012.656820,2012,pre,Experimental lung research,"Journal Article; Research Support, Non-U.S. Gov't",Lung transplantation in the fischer 344-wistar kyoto strain combination is a relevant experimental model to study the development of bronchiolitis obliterans in the rat.,Lehle K,Germany,1,True,registry,lehle k|germany,Other-paywall,closed,,Informa UK Limited
22386692,10.1016/j.humimm.2012.02.010,2012,pre,Human immunology,"Journal Article; Research Support, N.I.H., Extramural; Research Support, Non-U.S. Gov't",Immune responses to self-antigens in asthma patients: clinical and immunopathological implications.,Mohanakumar T,United States,1,True,registry,mohanakumar t|united states,Elsevier,closed,,Elsevier BV
22371518,10.1093/ejcts/ezs096,2012,pre,European journal of cardio-thoracic surgery : official journal of the European Association for Cardio-thoracic Surgery,Comparative Study; Journal Article,Lungs from donation after circulatory death donors: an alternative source to brain-dead donors? Midterm results at a single institution.,Simon AR,United Kingdom,1,False,,simon ar|united kingdom,OA,bronze,https://academic.oup.com/ejcts/article-pdf/42/3/542/1130964/ezs096.pdf,Oxford University Press (OUP)
22362858,10.1183/09031936.00092211,2012,pre,The European respiratory journal,Journal Article,Lung transplantation in children and young adults: a 20-year single-centre experience.,Szépfalusi Z,Austria,1,True,registry,szépfalusi z|austria,OA,bronze,https://erj.ersjournals.com/content/erj/40/2/462.full.pdf,European Respiratory Society (ERS)
22330935,10.1016/j.healun.2011.12.015,2012,pre,The Journal of heart and lung transplantation : the official publication of the International Society for Heart Transplantation,Journal Article,Revisiting the pathologic finding of diffuse alveolar damage after lung transplantation.,Keshavjee S,Canada,1,False,,keshavjee s|canada,Elsevier,closed,,Elsevier BV
22320224,10.1111/j.1399-0012.2011.01588.x,2012,pre,Clinical transplantation,Comparative Study; Journal Article,Pulmonary hypertension before first and second lung transplantation.,Akindipe O,United States,1,False,,akindipe o|united states,Wiley,closed,,Wiley
22313020,10.1111/j.1399-0012.2011.01434.x,2012,pre,Clinical transplantation,"Comparative Study; Journal Article; Research Support, Non-U.S. Gov't",Prevalence of gastroparesis before and after lung transplantation and its association with lung allograft outcomes.,Singer LG,Canada,1,False,,singer lg|canada,Wiley,closed,,Wiley
22306439,10.1016/j.healun.2011.12.007,2012,pre,The Journal of heart and lung transplantation : the official publication of the International Society for Heart Transplantation,Journal Article,Clinical lung transplantation from uncontrolled non-heart-beating donors revisited.,Varela A,Spain,1,False,,varela a|spain,OA,bronze,http://www.jhltonline.org/article/S1053249811012563/pdf,Elsevier BV
22305385,10.1016/j.healun.2011.11.012,2012,pre,The Journal of heart and lung transplantation : the official publication of the International Society for Heart Transplantation,"Journal Article; Research Support, Non-U.S. Gov't",Altered progenitor cell and cytokine profiles in bronchiolitis obliterans syndrome.,Waddell TK,Canada,1,False,,waddell tk|canada,Elsevier,closed,,Elsevier BV
22305384,10.1016/j.healun.2011.11.011,2012,pre,The Journal of heart and lung transplantation : the official publication of the International Society for Heart Transplantation,"Journal Article; Research Support, Non-U.S. Gov't",Searching for novel molecular targets of chronic rejection in an orthotopic experimental lung transplantation model.,Fernández-Pérez L,Spain,1,False,,fernández-pérez l|spain,Elsevier,closed,,Elsevier BV
22284335,10.1016/j.etp.2011.12.002,2013,pre,Experimental and toxicologic pathology : official journal of the Gesellschaft fur Toxikologische Pathologie,"Journal Article; Research Support, Non-U.S. Gov't",Suppression of bronchiolitis obliterans in allogeneic rat lung transplantation--effectiveness of everolimus.,Lehle K,Germany,1,True,registry,lehle k|germany,Elsevier,closed,,Elsevier BV
22283768,10.2174/138161212799315902,2012,pre,Current pharmaceutical design,Journal Article,New developments in treatment after lung transplantation.,Faro A,Switzerland,1,True,registry,faro a|switzerland,Other-paywall,closed,,Bentham Science Publishers Ltd.
22244946,10.1016/j.arbres.2011.11.006,2012,pre,Archivos de bronconeumologia,Journal Article,"Development of a non-heart-beating lung donor program with «Bithermia Preservation», and results after one year of clinical experience.",,Spain,1,False,,,Elsevier,closed,,Elsevier BV
22238655,10.1371/journal.pone.0029802,2012,pre,PloS one,"Evaluation Study; Journal Article; Research Support, Non-U.S. Gov't",Chronic rejection pathology after orthotopic lung transplantation in mice: the development of a murine BOS model and its drawbacks.,Vanaudenaerde B,Belgium,1,True,registry,vanaudenaerde b|belgium,OA,gold,https://journals.plos.org/plosone/article/file?id=10.1371/journal.pone.0029802&type=printable,Public Library of Science (PLoS)
22233464,10.1111/j.1600-6143.2011.03917.x,2012,pre,American journal of transplantation : official journal of the American Society of Transplantation and the American Society of Transplant Surgeons,"Journal Article; Research Support, N.I.H., Extramural; Research Support, Non-U.S. Gov't",An obligatory role for lung infiltrating B cells in the immunopathogenesis of obliterative airway disease induced by antibodies to MHC class I molecules.,Mohanakumar T,United States,1,False,,mohanakumar t|united states,OA,hybrid,http://www.amjtransplant.org/article/S1600613522273924/pdf,Elsevier BV
22217532,10.1097/tp.0b013e318240e984,2012,pre,Transplantation,Journal Article,Chronic kidney disease after nonrenal solid organ transplantation: a histological assessment and utility of chronic allograft damage index scoring.,Neil D,United Kingdom,1,False,,neil d|united kingdom,WoltersKluwer,closed,,Ovid Technologies (Wolters Kluwer Health)
23721031,,2012,pre,Clinical transplants,"Journal Article; Research Support, N.I.H., Extramural; Research Support, Non-U.S. Gov't",Immune responses to self-antigens (autoimmunity) in allograft rejection.,Mohanakumar T,United States,1,False,,mohanakumar t|united states,no-doi,,,
23721028,,2012,pre,Clinical transplants,Journal Article,Pre-transplant presence of antibodies to MICA and HLA class I or II are associated with an earlier onset of bronchiolitis obliterans syndrome in lung transplant recipients.,Zamora MR,United States,1,False,,zamora mr|united states,no-doi,,,
22203528,,2011,pre,Schweizer Monatsschrift fur Zahnmedizin = Revue mensuelle suisse d'odonto-stomatologie = Rivista mensile svizzera di odontologia e stomatologia,Journal Article,Evidence for graft colonization with periodontal pathogens in lung transplant recipients. A pilot study.,Boehler A,Switzerland,1,False,,boehler a|switzerland,no-doi,,,
22192476,10.1016/j.cellimm.2011.11.006,2012,pre,Cellular immunology,"Journal Article; Research Support, N.I.H., Extramural; Research Support, Non-U.S. Gov't",HIF-1α signaling by airway epithelial cell K-α1-tubulin: role in fibrosis and chronic rejection of human lung allografts.,Mohanakumar T,United States,1,False,,mohanakumar t|united states,OA,green,https://www.ncbi.nlm.nih.gov/pmc/articles/3264699,Elsevier BV
22188413,10.1111/j.1399-0012.2011.01573.x,2012,pre,Clinical transplantation,Journal Article,The Munich-LTX-Score: predictor for survival after lung transplantation.,,Germany,1,False,,,Wiley,closed,,Wiley
22173646,10.1007/s00595-011-0087-3,2012,pre,Surgery today,Journal Article,Lung function early after lung transplantation is correlated with the frequency of regulatory T cells.,Strüber M,Germany,1,False,,strüber m|germany,Springer,closed,,Springer Science and Business Media LLC
22152000,10.1111/j.1600-6143.2011.03859.x,2012,pre,American journal of transplantation : official journal of the American Society of Transplantation and the American Society of Transplant Surgeons,"Comparative Study; Journal Article; Research Support, N.I.H., Extramural",CXCR3 chemokine ligands during respiratory viral infections predict lung allograft dysfunction.,Belperio JA,United States,1,False,,belperio ja|united states,Elsevier,closed,,Elsevier BV
22151926,10.1111/j.1600-6143.2011.03857.x,2012,pre,American journal of transplantation : official journal of the American Society of Transplantation and the American Society of Transplant Surgeons,"Comparative Study; Journal Article; Research Support, N.I.H., Extramural; Research Support, Non-U.S. Gov't",Cumulative exposure to gamma interferon-dependent chemokines CXCL9 and CXCL10 correlates with worse outcome after lung transplant.,Kirk AD,United States,1,True,registry,kirk ad|united states,OA,hybrid,http://www.amjtransplant.org/article/S1600613522273213/pdf,Elsevier BV
22132895,10.1111/j.1365-2249.2011.04486.x,2012,pre,Clinical and experimental immunology,"Journal Article; Research Support, N.I.H., Extramural; Research Support, U.S. Gov't, Non-P.H.S.",A shift in the collagen V antigenic epitope leads to T helper phenotype switch and immune response to self-antigen leading to chronic lung allograft rejection.,Mohanakumar T,United States,1,False,,mohanakumar t|united states,OA,bronze,https://academic.oup.com/cei/article-pdf/167/1/158/41908243/j.1365-2249.2011.04486.x.pdf,Oxford University Press (OUP)
22129764,10.1097/tp.0b013e31823dd670,2012,pre,Transplantation,Journal Article,Spirometric obstructive lung function pattern early after lung transplantation.,Gottlieb J,Germany,1,False,,gottlieb j|germany,WoltersKluwer,closed,,Ovid Technologies (Wolters Kluwer Health)
22123337,10.1111/j.1600-6143.2011.03849.x,2012,pre,American journal of transplantation : official journal of the American Society of Transplantation and the American Society of Transplant Surgeons,"Journal Article; Research Support, N.I.H., Extramural; Research Support, U.S. Gov't, Non-P.H.S.",Spirometrically significant acute rejection increases the risk for BOS and death after lung transplantation.,Palmer SM,United States,1,False,,palmer sm|united states,OA,green,https://www.ncbi.nlm.nih.gov/pmc/articles/3753790,Elsevier BV
22118771,10.1186/1756-0500-4-515,2011,pre,BMC research notes,Journal Article,Prediction of BOS by the single-breath nitrogen test in double lung transplant recipients.,Bake B,Sweden,1,False,,bake b|sweden,OA,gold,https://bmcresnotes.biomedcentral.com/track/pdf/10.1186/1756-0500-4-515,Springer Science and Business Media LLC
22112935,10.1016/j.jcf.2011.10.005,2012,pre,Journal of cystic fibrosis : official journal of the European Cystic Fibrosis Society,Journal Article,Diabetes mellitus and survival in cystic fibrosis patients after lung transplantation.,Boehler A,Switzerland,1,False,,boehler a|switzerland,OA,bronze,http://www.cysticfibrosisjournal.com/article/S1569199311001779/pdf,Elsevier BV
22051280,10.1016/j.athoracsur.2011.06.086,2011,pre,The Annals of thoracic surgery,"Journal Article; Research Support, U.S. Gov't, P.H.S.",Geographic distance between donor and recipient does not influence outcomes after lung transplantation.,Lau CL,United States,1,False,registry,lau cl|united states,OA,bronze,http://www.annalsthoracicsurgery.org/article/S0003497511015979/pdf,Elsevier BV
22040717,10.1186/1755-1536-4-24,2011,pre,Fibrogenesis & tissue repair,Journal Article,A genetic polymorphism in the CAV1 gene associates with the development of bronchiolitis obliterans syndrome after lung transplantation.,Grutters JC,Netherlands,1,False,,grutters jc|netherlands,OA,hybrid,https://fibrogenesis.biomedcentral.com/counter/pdf/10.1186/1755-1536-4-24,Springer Science and Business Media LLC
22000170,10.1016/j.surg.2011.07.053,2011,pre,Surgery,"Journal Article; Research Support, Non-U.S. Gov't",The protective role of laparoscopic antireflux surgery against aspiration of pepsin after lung transplantation.,Kovacs EJ,United States,1,True,registry,kovacs ej|united states,OA,green,https://www.ncbi.nlm.nih.gov/pmc/articles/3694415,Elsevier BV
21988113,10.3109/1354750x.2011.623789,2011,pre,"Biomarkers : biochemical indicators of exposure, response, and susceptibility to chemicals","Journal Article; Research Support, N.I.H., Extramural",Human neutrophil peptide in lung chronic allograft dysfunction.,Wendt CH,United States,1,False,,wendt ch|united states,Other-paywall,closed,,Informa UK Limited
21962264,10.1016/j.athoracsur.2011.05.017,2012,pre,The Annals of thoracic surgery,Journal Article,Improved survival but marginal allograft function in patients treated with extracorporeal membrane oxygenation after lung transplantation.,Davis RD,United States,1,False,,davis rd|united states,Elsevier,closed,,Elsevier BV
21940790,10.1164/rccm.201105-0834oc,2012,pre,American journal of respiratory and critical care medicine,"Journal Article; Research Support, N.I.H., Extramural; Research Support, Non-U.S. Gov't",Prostaglandin E2 as an inhibitory modulator of fibrogenesis in human lung allografts.,Lama VN,United States,1,False,,lama vn|united states,OA,green,https://www.ncbi.nlm.nih.gov/pmc/articles/3262036,Oxford University Press (OUP)
21911148,10.1016/j.transproceed.2011.06.028,2011,pre,Transplantation proceedings,Journal Article; Multicenter Study,A retrospective 12-month study of conversion to everolimus in lung transplant recipients.,Santos F,Spain,1,True,registry,santos f|spain,OA,green,http://hdl.handle.net/20.500.11940/3122,Elsevier BV
21910727,10.1111/j.1365-2249.2011.04450.x,2011,pre,Clinical and experimental immunology,Journal Article,Lung transplantation affects expression of the chemokine receptor type 4 on specific T cell subsets.,Otten HG,Netherlands,1,False,,otten hg|netherlands,OA,green,https://www.ncbi.nlm.nih.gov/pmc/articles/3193925,Oxford University Press (OUP)
21904675,10.1155/2011/432169,2011,pre,Pulmonary medicine,Journal Article,The Induction of IgM and IgG Antibodies against HLA or MICA after Lung Transplantation.,Otten HG,Netherlands,1,False,,otten hg|netherlands,OA,gold,https://downloads.hindawi.com/journals/pm/2011/432169.pdf,Hindawi Limited
21876780,10.1155/2011/754383,2011,pre,Journal of transplantation,Journal Article,How to recondition ex vivo initially rejected donor lungs for clinical transplantation: clinical experience from lund university hospital.,Ingemansson R,Sweden,1,True,registry,ingemansson r|sweden,OA,gold,https://downloads.hindawi.com/journals/jtrans/2011/754383.pdf,Wiley
21871820,10.1016/j.healun.2011.07.010,2011,pre,The Journal of heart and lung transplantation : the official publication of the International Society for Heart Transplantation,"Comparative Study; Journal Article; Research Support, Non-U.S. Gov't",Comparison of serum KL-6 versus bronchoalveolar lavage neutrophilia for the diagnosis of bronchiolitis obliterans in lung transplantation.,Costabel U,Germany,1,False,,costabel u|germany,Elsevier,closed,,Elsevier BV
21839261,10.1016/j.transproceed.2011.06.010,2011,pre,Transplantation proceedings,Journal Article,Long-term use of everolimus in lung transplant patients.,Melo J,,0,False,,melo j|,Elsevier,closed,,Elsevier BV
21836537,10.1097/tp.0b013e31822bf790,2011,pre,Transplantation,"Journal Article; Research Support, Non-U.S. Gov't",Survival determinants in lung transplant patients with chronic allograft dysfunction.,Vanaudenaerde BM,Belgium,1,False,,vanaudenaerde bm|belgium,WoltersKluwer,closed,,Ovid Technologies (Wolters Kluwer Health)
21817195,10.3851/imp1811,2011,pre,Antiviral therapy,"Clinical Trial; Journal Article; Research Support, Non-U.S. Gov't",Single-centre experience with oral ribavirin in lung transplant recipients with paramyxovirus infections.,Gottlieb J,Germany,1,False,,gottlieb j|germany,Other-paywall,closed,,SAGE Publications
21811747,,2011,pre,The new microbiologica,"Journal Article; Research Support, Non-U.S. Gov't",Quantitative detection of HHV-6 and HHV-7 in transbronchial biopsies from lung transplant recipients.,Cavallo R,Italy,1,False,,cavallo r|italy,no-doi,,,
21801908,10.1016/j.athoracsur.2011.04.065,2011,pre,The Annals of thoracic surgery,"Journal Article; Research Support, N.I.H., Extramural; Research Support, Non-U.S. Gov't",Circulating fibrocytes correlate with bronchiolitis obliterans syndrome development after lung transplantation: a novel clinical biomarker.,Lau CL,United States,1,False,,lau cl|united states,OA,green,https://www.ncbi.nlm.nih.gov/pmc/articles/3169386,Elsevier BV
21799025,10.1378/chest.11-0767,2012,pre,Chest,Journal Article; Multicenter Study,Lung size mismatch in bilateral lung transplantation is associated with allograft function and bronchiolitis obliterans syndrome.,Brower RG,Germany,1,False,,brower rg|germany,Elsevier,closed,,Elsevier BV
21794087,10.1111/j.1600-6143.2011.03663.x,2011,pre,American journal of transplantation : official journal of the American Society of Transplantation and the American Society of Transplant Surgeons,Journal Article,Cytomegalovirus replication within the lung allograft is associated with bronchiolitis obliterans syndrome.,Westall G,Australia,1,False,,westall g|australia,OA,hybrid,http://www.amjtransplant.org/article/S1600613522281222/pdf,Elsevier BV
21792614,10.1007/s00330-011-2224-1,2011,pre,European radiology,"Journal Article; Research Support, Non-U.S. Gov't",Thin-section computed tomography findings before and after azithromycin treatment of neutrophilic reversible lung allograft dysfunction.,Verschakelen JA,Belgium,1,False,,verschakelen ja|belgium,OA,hybrid,https://link.springer.com/content/pdf/10.1007/s00330-011-2224-1.pdf,Springer Science and Business Media LLC
21787235,10.3109/01902148.2011.584359,2011,pre,Experimental lung research,Journal Article,Green tea epigallo-catechin-galleate ameliorates the development of obliterative airway disease.,Subramaniam M,United States,1,False,,subramaniam m|united states,Other-paywall,closed,,Informa UK Limited
21784664,10.1016/j.healun.2011.06.007,2011,pre,The Journal of heart and lung transplantation : the official publication of the International Society for Heart Transplantation,"Journal Article; Research Support, Non-U.S. Gov't",The airway epithelium is a direct source of matrix degrading enzymes in bronchiolitis obliterans syndrome.,Chambers DC,Australia,1,True,registry,chambers dc|australia,Elsevier,closed,,Elsevier BV
21764603,10.1016/j.healun.2011.05.009,2011,pre,The Journal of heart and lung transplantation : the official publication of the International Society for Heart Transplantation,Comparative Study; Journal Article,Timing of basiliximab induction and development of acute rejection in lung transplant patients.,Betensley AD,United States,1,False,,betensley ad|united states,Elsevier,closed,,Elsevier BV
21724418,10.1016/j.healun.2011.05.007,2011,pre,The Journal of heart and lung transplantation : the official publication of the International Society for Heart Transplantation,"Comparative Study; Journal Article; Research Support, Non-U.S. Gov't",Adherence to immunosuppression in adult lung transplant recipients: prevalence and risk factors.,van der Bij W,Netherlands,1,True,registry,van der bij w|netherlands,Elsevier,closed,,Elsevier BV
21716170,10.1097/tp.0b013e318224c109,2011,pre,Transplantation,"Journal Article; Research Support, Non-U.S. Gov't; Validation Study",Proteomic bronchiolitis obliterans syndrome risk monitoring in lung transplant recipients.,von Neuhoff N,Germany,1,False,,von neuhoff n|germany,WoltersKluwer,closed,,Ovid Technologies (Wolters Kluwer Health)
21707593,10.1111/j.1365-2249.2011.04436.x,2011,pre,Clinical and experimental immunology,Journal Article,Mannose-binding lectin deficiency linked to cytomegalovirus (CMV) reactivation and survival in lung transplantation.,Otten HG,Netherlands,1,True,registry,otten hg|netherlands,OA,green,https://www.ncbi.nlm.nih.gov/pmc/articles/3170990,Oxford University Press (OUP)
21701423,10.1097/tp.0b013e318222c9ea,2011,pre,Transplantation,"Comparative Study; Journal Article; Research Support, Non-U.S. Gov't",Endothelin-1 governs proliferation and migration of bronchoalveolar lavage-derived lung mesenchymal stem cells in bronchiolitis obliterans syndrome.,Aharinejad S,Austria,1,True,registry,aharinejad s|austria,WoltersKluwer,closed,,Ovid Technologies (Wolters Kluwer Health)
21693294,10.1016/j.transproceed.2011.01.163,2011,pre,Transplantation proceedings,Journal Article,Effect of pulmonary hypertension in patients with end-stage lung disease on posttransplantation outcomes.,Kaza V,United States,1,True,,kaza v|united states,Elsevier,closed,,Elsevier BV
21683838,10.1016/j.jtcvs.2011.04.028,2011,pre,The Journal of thoracic and cardiovascular surgery,"Journal Article; Research Support, Non-U.S. Gov't",Pretransplant gastroesophageal reflux compromises early outcomes after lung transplantation.,Blackstone EH,United States,1,False,,blackstone eh|united states,OA,bronze,http://www.jtcvs.org/article/S0022522311004703/pdf,Elsevier BV
21665490,10.1016/j.healun.2011.04.014,2011,pre,The Journal of heart and lung transplantation : the official publication of the International Society for Heart Transplantation,"Comparative Study; Journal Article; Research Support, Non-U.S. Gov't",Medium-term outcome after lung transplantation is comparable between brain-dead and cardiac-dead donors.,Van Raemdonck DE,Belgium,1,False,,van raemdonck de|belgium,Elsevier,closed,,Elsevier BV
21641374,10.1016/j.ajpath.2011.01.058,2011,pre,The American journal of pathology,"Journal Article; Research Support, N.I.H., Extramural; Research Support, Non-U.S. Gov't",Resident tissue-specific mesenchymal progenitor cells contribute to fibrogenesis in human lung allografts.,Lama VN,United States,1,False,,lama vn|united states,OA,bronze,http://ajp.amjpathol.org/article/S0002944011002513/pdf,Elsevier BV
21634032,10.1002/ppul.21484,2011,pre,Pediatric pulmonology,Journal Article,Bilateral lung transplantation for pediatric idiopathic pulmonary arterial hypertension: a multi-center experience.,Benden C,Switzerland,1,True,,benden c|switzerland,Wiley,closed,,Wiley
21624839,10.1016/j.healun.2011.04.006,2011,pre,The Journal of heart and lung transplantation : the official publication of the International Society for Heart Transplantation,"Comparative Study; Journal Article; Research Support, Non-U.S. Gov't",Fibroblast phenotypes and their activity are changed in the wound healing process after lung transplantation.,Westergren-Thorsson G,Sweden,1,False,,westergren-thorsson g|sweden,Elsevier,closed,,Elsevier BV
21620077,10.1016/j.transproceed.2011.03.024,2011,pre,Transplantation proceedings,Journal Article,Evaluation and significance of cytomegalovirus-specific cellular immune response in lung transplant recipients.,Cavallo R,Italy,1,False,,cavallo r|italy,Elsevier,closed,,Elsevier BV
21606594,10.1172/jci46192,2011,pre,The Journal of clinical investigation,"Journal Article; Research Support, N.I.H., Extramural; Research Support, Non-U.S. Gov't",Adenovirus-mediated HIF-1α gene transfer promotes repair of mouse airway allograft microvasculature and attenuates chronic rejection.,Nicolls MR,United States,1,False,,nicolls mr|united states,OA,green,https://www.ncbi.nlm.nih.gov/pmc/articles/3104770,American Society for Clinical Investigation
21568692,10.1089/hum.2010.225,2011,pre,Human gene therapy,"Journal Article; Research Support, Non-U.S. Gov't",Local long-term expression of lentivirally delivered IL-10 in the lung attenuates obliteration of intrapulmonary allograft airways.,Keshavjee S,Canada,1,False,,keshavjee s|canada,Other-paywall,closed,,SAGE Publications
21542953,,2011,pre,Chinese medical journal,"Journal Article; Research Support, Non-U.S. Gov't",Lung transplantation in a Chinese single center: 7 years of experience.,Liu M,China,1,False,,liu m|china,no-doi,,,
21512432,10.1097/tp.0b013e31821b2f7a,2011,pre,Transplantation,"Journal Article; Research Support, Non-U.S. Gov't",Stromal activation and formation of lymphoid-like stroma in chronic lung allograft dysfunction.,Keshavjee S,Canada,1,False,,keshavjee s|canada,WoltersKluwer,closed,,Ovid Technologies (Wolters Kluwer Health)
21497108,10.1016/j.ejcts.2011.03.011,2011,pre,European journal of cardio-thoracic surgery : official journal of the European Association for Cardio-thoracic Surgery,"Comparative Study; Journal Article; Research Support, Non-U.S. Gov't",Single-lung transplantation: does side matter?,Van Raemdonck D,Italy,1,False,,van raemdonck d|italy,Other-paywall,closed,,Oxford University Press (OUP)
21489819,10.1016/j.healun.2011.02.006,2011,pre,The Journal of heart and lung transplantation : the official publication of the International Society for Heart Transplantation,Journal Article; Randomized Controlled Trial,"Effect of inpatient rehabilitation on quality of life and exercise capacity in long-term lung transplant survivors: a prospective, randomized study.",,Germany,1,False,rct,,Elsevier,closed,,Elsevier BV
21482148,10.1016/j.healun.2011.02.007,2011,pre,The Journal of heart and lung transplantation : the official publication of the International Society for Heart Transplantation,"Journal Article; Research Support, N.I.H., Extramural",Non-tuberculous mycobacterium infection after lung transplantation is associated with increased mortality.,Belperio JA,United States,1,False,,belperio ja|united states,OA,green,https://www.ncbi.nlm.nih.gov/pmc/articles/3942162,Elsevier BV
21481686,10.1016/j.healun.2011.01.710,2011,pre,The Journal of heart and lung transplantation : the official publication of the International Society for Heart Transplantation,"Journal Article; Research Support, Non-U.S. Gov't",Decreased efferocytosis and mannose binding lectin in the airway in bronchiolitis obliterans syndrome.,Reynolds PN,Australia,1,True,registry,reynolds pn|australia,OA,bronze,http://www.jhltonline.org/article/S1053249811007418/pdf,Elsevier BV
21477368,10.1186/1465-9921-12-44,2011,pre,Respiratory research,"Journal Article; Research Support, N.I.H., Extramural",Differentiated transplant derived airway epithelial cell cytokine secretion is not regulated by cyclosporine.,White SR,United States,1,True,registry,white sr|united states,OA,gold,https://respiratory-research.biomedcentral.com/counter/pdf/10.1186/1465-9921-12-44,Springer Science and Business Media LLC
21476863,10.1089/jamp.2010.0863,2011,pre,Journal of aerosol medicine and pulmonary drug delivery,Journal Article,Safety and toxicology of cyclosporine in propylene glycol after 9-month aerosol exposure to beagle dogs.,Raff H,,0,False,,raff h|,Other-paywall,closed,,SAGE Publications
21429899,10.1136/thx.2010.155192,2011,pre,Thorax,"Comparative Study; Journal Article; Research Support, Non-U.S. Gov't",The impact of traffic air pollution on bronchiolitis obliterans syndrome and mortality after lung transplantation.,Vanaudenaerde BM,Belgium,1,False,,vanaudenaerde bm|belgium,OA,bronze,https://thorax.bmj.com/content/thoraxjnl/66/9/748.full.pdf,BMJ
21420318,10.1016/j.healun.2011.01.714,2011,pre,The Journal of heart and lung transplantation : the official publication of the International Society for Heart Transplantation,"Journal Article; Research Support, N.I.H., Extramural; Research Support, Non-U.S. Gov't",Five-year outcomes with alemtuzumab induction after lung transplantation.,McCurry KR,United States,1,True,registry,mccurry kr|united states,OA,green,https://www.ncbi.nlm.nih.gov/pmc/articles/3110582,Elsevier BV
21419659,10.1016/j.healun.2011.01.712,2011,pre,The Journal of heart and lung transplantation : the official publication of the International Society for Heart Transplantation,"Journal Article; Research Support, Non-U.S. Gov't",Restrictive allograft syndrome (RAS): a novel form of chronic lung allograft dysfunction.,Keshavjee S,Canada,1,False,,keshavjee s|canada,Elsevier,closed,,Elsevier BV
21418327,10.1111/j.1399-0012.2011.01435.x,2011,pre,Clinical transplantation,"Journal Article; Research Support, Non-U.S. Gov't",Clinical and immunological evaluation of 12-month azithromycin therapy in chronic lung allograft rejection.,Maria FA,Italy,1,False,,maria fa|italy,Wiley,closed,,Wiley
21414808,10.1016/j.healun.2011.01.708,2011,pre,The Journal of heart and lung transplantation : the official publication of the International Society for Heart Transplantation,"Journal Article; Research Support, N.I.H., Extramural",Alloimmunity-induced autoimmunity as a potential mechanism in the pathogenesis of chronic rejection of human lung allografts.,Mohanakumar T,United States,1,False,,mohanakumar t|united states,OA,bronze,http://www.jhltonline.org/article/S105324981100739X/pdf,Elsevier BV
21401732,10.1111/j.1432-2277.2011.01248.x,2011,pre,Transplant international : official journal of the European Society for Organ Transplantation,"Journal Article; Research Support, Non-U.S. Gov't",Montelukast for bronchiolitis obliterans syndrome after lung transplantation: a pilot study.,Vanaudenaerde BM,Belgium,1,True,registry,vanaudenaerde bm|belgium,Other-paywall,closed,,Frontiers Media SA
21394075,10.1097/tp.0b013e318212c7d6,2011,pre,Transplantation,"Journal Article; Research Support, Non-U.S. Gov't",High levels of mannose-binding lectin are associated with poor outcomes after lung transplantation.,Westall GP,Australia,1,False,,westall gp|australia,WoltersKluwer,closed,,Ovid Technologies (Wolters Kluwer Health)
21384308,10.1055/s-0030-1250668,2011,pre,The Thoracic and cardiovascular surgeon,Journal Article,Does side matter? Effect of single lung transplant laterality on outcomes.,Fox BD,Israel,1,False,,fox bd|israel,Other-paywall,closed,,Georg Thieme Verlag KG
21376619,10.1016/j.ejcts.2011.01.035,2011,pre,European journal of cardio-thoracic surgery : official journal of the European Association for Cardio-thoracic Surgery,Evaluation Study; Journal Article,The use of non-heart-beating lung donors category III can increase the donor pool.,Erasmus ME,Netherlands,1,False,,erasmus me|netherlands,OA,bronze,https://academic.oup.com/ejcts/article-pdf/39/6/e175/23460248/39-6-e175.pdf,Oxford University Press (OUP)
21352378,10.1111/j.1399-0012.2011.01420.x,2012,pre,Clinical transplantation,"Journal Article; Research Support, N.I.H., Extramural; Research Support, U.S. Gov't, P.H.S.",Clarithromycin for prevention of bronchiolitis obliterans syndrome in lung allograft recipients.,Weill D,United States,1,False,registry,weill d|united states,Wiley,closed,,Wiley
21320711,10.1016/j.jtcvs.2010.12.025,2011,pre,The Journal of thoracic and cardiovascular surgery,Comparative Study; Journal Article,Bronchiolitis obliterans syndrome occurs earlier in the post-lung allocation score era.,Lau CL,United States,1,False,registry,lau cl|united states,OA,bronze,http://www.jtcvs.org/article/S0022522311000511/pdf,Elsevier BV
21299829,10.1111/j.1600-6143.2010.03422.x,2011,pre,American journal of transplantation : official journal of the American Society of Transplantation and the American Society of Transplant Surgeons,Journal Article,The impact of pandemic influenza A H1N1 2009 on Australian lung transplant recipients.,Hopkins PM,Australia,1,True,registry,hopkins pm|australia,Elsevier,closed,,Elsevier BV
21289593,10.1097/tp.0b013e31820d3bc3,2011,pre,Transplantation,"Journal Article; Research Support, Non-U.S. Gov't",Exhaled breath condensate pH in lung transplant recipients with bronchiolitis obliterans syndrome.,Antus B,,0,False,,antus b|,WoltersKluwer,closed,,Ovid Technologies (Wolters Kluwer Health)
21276737,10.1016/j.healun.2010.12.008,2011,pre,The Journal of heart and lung transplantation : the official publication of the International Society for Heart Transplantation,Journal Article,Heterogeneity of chronic lung allograft dysfunction: insights from protein expression in broncho alveolar lavage.,Vanaudenaerde BM,Belgium,1,True,registry,vanaudenaerde bm|belgium,OA,green,https://lirias.kuleuven.be/handle/123456789/315956,Elsevier BV
21272237,10.1111/j.1600-6143.2010.03380.x,2011,pre,American journal of transplantation : official journal of the American Society of Transplantation and the American Society of Transplant Surgeons,Journal Article,Bile acids aspiration reduces survival in lung transplant recipients with BOS despite azithromycin.,Dupont LJ,Belgium,1,False,,dupont lj|belgium,Elsevier,closed,,Elsevier BV
21272072,10.1111/j.1399-0012.2010.01395.x,2012,pre,Clinical transplantation,Comparative Study; Journal Article,Outcomes of patients with cystic fibrosis undergoing lung transplantation with and without cystic fibrosis-associated liver cirrhosis.,Chaparro C,United Kingdom,1,False,,chaparro c|united kingdom,Wiley,closed,,Wiley
21232966,10.1016/j.ejcts.2010.11.049,2011,pre,European journal of cardio-thoracic surgery : official journal of the European Association for Cardio-thoracic Surgery,Journal Article,Donor cause of brain death and related time intervals: does it affect outcome after lung transplantation?,Van Raemdonck D,Belgium,1,False,,van raemdonck d|belgium,Other-paywall,closed,,Oxford University Press (OUP)
21194972,10.1016/j.healun.2010.10.018,2011,pre,The Journal of heart and lung transplantation : the official publication of the International Society for Heart Transplantation,"Evaluation Study; Journal Article; Research Support, Non-U.S. Gov't",A novel approach to the assessment of lymphocytic bronchiolitis after lung transplantation--transbronchial brush.,Hopkins PM,Australia,1,False,,hopkins pm|australia,Elsevier,closed,,Elsevier BV
21169468,10.1164/rccm.201005-0742oc,2011,pre,American journal of respiratory and critical care medicine,"Journal Article; Research Support, N.I.H., Extramural; Research Support, Non-U.S. Gov't",Mesenchymal stromal cells in bronchoalveolar lavage as predictors of bronchiolitis obliterans syndrome.,Lama VN,United States,1,False,,lama vn|united states,Other-paywall,closed,,Oxford University Press (OUP)
21168710,10.1016/j.transproceed.2010.07.017,2010,pre,Transplantation proceedings,"Journal Article; Research Support, Non-U.S. Gov't",Diagnostic value of antibodies against Pseudomonas aeruginosa in bronchoalveolar lavage fluid after lung transplantation.,Verleden GM,Belgium,1,False,,verleden gm|belgium,Elsevier,closed,,Elsevier BV
21163500,10.1016/j.jtcvs.2010.10.006,2011,pre,The Journal of thoracic and cardiovascular surgery,"Journal Article; Research Support, Non-U.S. Gov't",Immunosuppression-induced bronchial epithelial-mesenchymal transition: a potential contributor to obliterative bronchiolitis.,Smith MA,United States,1,True,registry,smith ma|united states,OA,bronze,http://www.jtcvs.org/article/S0022522310011669/pdf,Elsevier BV
21130874,10.1016/j.ejpb.2010.11.013,2011,pre,European journal of pharmaceutics and biopharmaceutics : official journal of Arbeitsgemeinschaft fur Pharmazeutische Verfahrenstechnik e.V,"Journal Article; Research Support, Non-U.S. Gov't",Preclinical evaluation of tacrolimus colloidal dispersion for inhalation.,Williams RO,United States,1,False,,williams ro|united states,Elsevier,closed,,Elsevier BV
21094839,10.1016/j.transproceed.2010.09.002,2010,pre,Transplantation proceedings,Journal Article,Domino heart transplantation: long-term outcome of recipients and their living donors: single center experience.,Viganò M,Italy,1,False,,viganò m|italy,Elsevier,closed,,Elsevier BV
21093882,10.1016/j.jtcvs.2010.09.009,2011,pre,The Journal of thoracic and cardiovascular surgery,Journal Article,Short- and long-term outcomes of 1000 adult lung transplant recipients at a single center.,Patterson GA,United States,1,False,,patterson ga|united states,OA,bronze,http://www.jtcvs.org/article/S0022522310010524/pdf,Elsevier BV
21087415,10.1111/j.1600-6143.2010.03327.x,2011,pre,American journal of transplantation : official journal of the American Society of Transplantation and the American Society of Transplant Surgeons,Journal Article,Usefulness of exhaled nitric oxide to guide risk stratification for bronchiolitis obliterans syndrome after lung transplantation.,,Germany,1,False,,,Elsevier,closed,,Elsevier BV
21084198,10.1016/j.ejcts.2010.08.034,2011,pre,European journal of cardio-thoracic surgery : official journal of the European Association for Cardio-thoracic Surgery,"Evaluation Study; Journal Article; Research Support, Non-U.S. Gov't",Outcome of lung transplantation in elderly recipients.,Cassivi SD,United States,1,False,,cassivi sd|united states,OA,bronze,https://academic.oup.com/ejcts/article-pdf/39/5/726/22142552/39-5-726.pdf,Oxford University Press (OUP)
21078427,10.1016/j.jtcvs.2010.08.046,2010,pre,The Journal of thoracic and cardiovascular surgery,"Journal Article; Research Support, Non-U.S. Gov't",Endothelin-1 is a useful biomarker for early detection of bronchiolitis obliterans in lung transplant recipients.,Aharinejad S,Austria,1,True,registry,aharinejad s|austria,OA,bronze,http://www.jtcvs.org/article/S0022522310009785/pdf,Elsevier BV
20971279,10.1016/j.athoracsur.2010.06.048,2010,pre,The Annals of thoracic surgery,"Journal Article; Research Support, American Recovery and Reinvestment Act; Research Support, N.I.H., Extramural",Respiratory virus-induced dysregulation of T-regulatory cells leads to chronic rejection.,Mohanakumar T,United States,1,True,registry,mohanakumar t|united states,Elsevier,closed,,Elsevier BV
20971276,10.1016/j.athoracsur.2010.06.089,2010,pre,The Annals of thoracic surgery,Journal Article,Impact of oropharyngeal dysphagia on long-term outcomes of lung transplantation.,Davis RD,United States,1,False,,davis rd|united states,Elsevier,closed,,Elsevier BV
20948853,10.3410/m2-32,2010,pre,F1000 medicine reports,Journal Article,Diagnosis and treatment of constrictive bronchiolitis.,Epler GR,United States,1,False,,epler gr|united states,OA,bronze,https://facultyopinions.com/prime/reports/m/2/32/pdf,Faculty Opinions Ltd
20934887,10.1016/j.healun.2010.08.017,2011,pre,The Journal of heart and lung transplantation : the official publication of the International Society for Heart Transplantation,"Evaluation Study; Journal Article; Research Support, Non-U.S. Gov't",Usefulness of extracorporeal membrane oxygenation as a bridge to lung transplantation: a descriptive study.,Dellgren G,,0,False,,dellgren g|,Elsevier,closed,,Elsevier BV
20888787,10.1016/j.healun.2010.08.016,2011,pre,The Journal of heart and lung transplantation : the official publication of the International Society for Heart Transplantation,Journal Article,Outcome of lung transplant recipients requiring readmission to the intensive care unit.,Kramer MR,Israel,1,False,,kramer mr|israel,Elsevier,closed,,Elsevier BV
20888255,10.1016/j.healun.2010.08.014,2011,pre,The Journal of heart and lung transplantation : the official publication of the International Society for Heart Transplantation,"Comparative Study; Journal Article; Randomized Controlled Trial; Research Support, Non-U.S. Gov't",Myocardial protection in heart transplantation using blood cardioplegia: 12-year outcome of a prospective randomized trial.,Faggian G,Italy,1,False,rct,faggian g|italy,Elsevier,closed,,Elsevier BV
20868794,10.1016/j.athoracsur.2010.06.009,2010,pre,The Annals of thoracic surgery,"Journal Article; Research Support, N.I.H., Extramural",Antibodies to self-antigens predispose to primary lung allograft dysfunction and chronic rejection.,Mohanakumar T,United States,1,True,registry,mohanakumar t|united states,OA,bronze,http://www.annalsthoracicsurgery.org/article/S0003497510012956/pdf,Elsevier BV
20851929,10.1164/rccm.201003-0422oc,2011,pre,American journal of respiratory and critical care medicine,"Journal Article; Multicenter Study; Randomized Controlled Trial; Research Support, Non-U.S. Gov't",RNA interference therapy in lung transplant patients infected with respiratory syncytial virus.,Glanville AR,United States,1,False,rct,glanville ar|united states,Other-paywall,closed,,Oxford University Press (OUP)
20833822,10.1164/rccm.201005-0775oc,2011,pre,American journal of respiratory and critical care medicine,"Comparative Study; Journal Article; Multicenter Study; Randomized Controlled Trial; Research Support, Non-U.S. Gov't",Comparison of sirolimus with azathioprine in a tacrolimus-based immunosuppressive regimen in lung transplantation.,Garrity E,United States,1,True,rct,garrity e|united states,Other-paywall,closed,,Oxford University Press (OUP)
20832584,10.1016/j.transproceed.2010.05.169,2010,pre,Transplantation proceedings,"Journal Article; Research Support, Non-U.S. Gov't",An experimental approach toward chronic pulmonary allograft rejection: Orthotopic lung versus heterotopic tracheal segment transplantation in rats.,Korom S,Switzerland,1,False,,korom s|switzerland,Elsevier,closed,,Elsevier BV
20832573,10.1016/j.transproceed.2010.05.155,2010,pre,Transplantation proceedings,Journal Article,Gastroesophageal reflux disease is associated with an increased rate of acute rejection in lung transplant allografts.,Pelaez A,United States,1,False,,pelaez a|united states,Elsevier,closed,,Elsevier BV
20810293,10.1016/j.healun.2010.06.007,2010,pre,The Journal of heart and lung transplantation : the official publication of the International Society for Heart Transplantation,"Comparative Study; Journal Article; Research Support, Non-U.S. Gov't",Lung transplantation for patients with cystic fibrosis and Burkholderia cepacia complex infection: a single-center experience.,Corris PA,,0,True,registry,corris pa|,Elsevier,closed,,Elsevier BV
20727564,10.1016/j.surg.2010.07.011,2010,pre,Surgery,Journal Article,Gastroesophageal reflux disease after lung transplantation: pathophysiology and implications for treatment.,Fisichella PM,United States,1,False,,fisichella pm|united states,OA,green,https://www.ncbi.nlm.nih.gov/pmc/articles/3066258,Elsevier BV
20691611,10.1016/j.healun.2010.05.036,2010,pre,The Journal of heart and lung transplantation : the official publication of the International Society for Heart Transplantation,"Journal Article; Research Support, N.I.H., Extramural; Research Support, Non-U.S. Gov't",Synergistic effect of antibodies to human leukocyte antigens and defensins in pathogenesis of bronchiolitis obliterans syndrome after human lung transplantation.,Mohanakumar T,United States,1,True,registry,mohanakumar t|united states,OA,bronze,http://www.jhltonline.org/article/S1053249810004237/pdf,Elsevier BV
20667031,10.1111/j.1399-3046.2010.01373.x,2010,pre,Pediatric transplantation,Journal Article,Serum KL-6 level and the development of bronchiolitis obliterans syndrome in lung transplant recipients.,Elidemir O,United States,1,False,,elidemir o|united states,Wiley,closed,,Wiley
20654580,10.1016/j.bbrc.2010.07.063,2010,pre,Biochemical and biophysical research communications,"Journal Article; Research Support, N.I.H., Extramural; Research Support, Non-U.S. Gov't",Lipid raft facilitated ligation of K-alpha1-tubulin by specific antibodies on epithelial cells: Role in pathogenesis of chronic rejection following human lung transplantation.,Mohanakumar T,United States,1,False,,mohanakumar t|united states,Elsevier,closed,,Elsevier BV
20632031,10.1007/s00428-010-0949-x,2010,pre,Virchows Archiv : an international journal of pathology,"Journal Article; Research Support, Non-U.S. Gov't",Obliterative airway remodelling in transplanted and non-transplanted lungs.,Laenger F,Germany,1,False,,laenger f|germany,Springer,closed,,Springer Science and Business Media LLC
20628341,10.1097/tp.0b013e3181e8dabe,2010,pre,Transplantation,Journal Article,Decreased percentage of CD4+FoxP3+ cells in bronchoalveolar lavage from lung transplant recipients correlates with development of bronchiolitis obliterans syndrome.,Alegre ML,United States,1,True,registry,alegre ml|united states,OA,green,https://www.ncbi.nlm.nih.gov/pmc/articles/4737704,Ovid Technologies (Wolters Kluwer Health)
20627628,10.1016/j.healun.2010.04.013,2010,pre,The Journal of heart and lung transplantation : the official publication of the International Society for Heart Transplantation,Journal Article,Systemic and exhaled cytokine and chemokine profiles are associated with the development of bronchiolitis obliterans syndrome.,Van Den Bosch JM,Netherlands,1,False,,van den bosch jm|netherlands,Elsevier,closed,,Elsevier BV
20619683,10.1016/j.healun.2010.05.023,2010,pre,The Journal of heart and lung transplantation : the official publication of the International Society for Heart Transplantation,"Journal Article; Research Support, Non-U.S. Gov't",Long-term azithromycin therapy for bronchiolitis obliterans syndrome: divide and conquer?,Verleden GM,Belgium,1,False,,verleden gm|belgium,Elsevier,closed,,Elsevier BV
20613873,10.1371/journal.pone.0011354,2010,pre,PloS one,"Journal Article; Research Support, N.I.H., Extramural",Protection against bronchiolitis obliterans syndrome is associated with allograft CCR7+ CD45RA- T regulatory cells.,Belperio JA,United States,1,False,,belperio ja|united states,OA,gold,https://journals.plos.org/plosone/article/file?id=10.1371/journal.pone.0011354&type=printable,Public Library of Science (PLoS)
20609595,10.1016/j.ejcts.2010.05.012,2011,pre,European journal of cardio-thoracic surgery : official journal of the European Association for Cardio-thoracic Surgery,Journal Article,Pulmonary retransplantation in paediatric patients: a justified therapeutic option? A single-centre experience.,Hansen G,Germany,1,False,,hansen g|germany,Other-paywall,closed,,Oxford University Press (OUP)
20595181,10.1136/jcp.2010.077966,2010,pre,Journal of clinical pathology,Journal Article,"Quantitative detection of the new polyomaviruses KI, WU and Merkel cell virus in transbronchial biopsies from lung transplant recipients.",Cavallo R,Italy,1,False,,cavallo r|italy,Other-paywall,closed,,BMJ
20585963,10.1007/s00464-010-1167-y,2011,pre,Surgical endoscopy,Evaluation Study; Journal Article,Feasibility of laparoscopic Nissen fundoplication after pediatric lung or heart-lung transplantation: should this be the standard?,Morell VO,United States,1,False,,morell vo|united states,Springer,closed,,Springer Science and Business Media LLC
20580267,10.1016/j.healun.2010.05.012,2010,pre,The Journal of heart and lung transplantation : the official publication of the International Society for Heart Transplantation,Comparative Study; Journal Article,Comparison of bronchiolitis obliterans syndrome to other forms of chronic lung allograft dysfunction after lung transplantation.,Nathan SD,United States,1,False,,nathan sd|united states,Elsevier,closed,,Elsevier BV
20562124,10.1183/09031936.00068310,2011,pre,The European respiratory journal,"Journal Article; Randomized Controlled Trial; Research Support, Non-U.S. Gov't",A randomised controlled trial of azithromycin to prevent chronic rejection after lung transplantation.,Verleden GM,Belgium,1,False,rct,verleden gm|belgium,OA,bronze,https://erj.ersjournals.com/content/erj/37/1/164.full.pdf,European Respiratory Society (ERS)
20558084,10.1016/j.healun.2010.05.006,2010,pre,The Journal of heart and lung transplantation : the official publication of the International Society for Heart Transplantation,"Journal Article; Randomized Controlled Trial; Research Support, N.I.H., Extramural",Anti-human leukocyte antigen antibodies and preemptive antibody-directed therapy after lung transplantation.,Trulock EP,United States,1,False,rct,trulock ep|united states,OA,bronze,http://www.jhltonline.org/article/S1053249810002871/pdf,Elsevier BV
20541897,10.1016/j.jpainsymman.2009.12.014,2010,pre,Journal of pain and symptom management,"Journal Article; Research Support, Non-U.S. Gov't",Exploring the meaning of chronic rejection after lung transplantation and its impact on clinical management and caregiving.,Pilewski JM,United States,1,False,,pilewski jm|united states,OA,bronze,http://www.jpsmjournal.com/article/S0885392410003106/pdf,Elsevier BV
20534274,10.1016/j.transproceed.2010.03.117,2010,pre,Transplantation proceedings,Journal Article,The use of CO2 removal devices in patients awaiting lung transplantation: an initial experience.,Rinaldi M,Italy,1,False,,rinaldi m|italy,OA,green,http://hdl.handle.net/2318/73709,Elsevier BV
20528884,10.1111/j.1365-2249.2010.04186.x,2010,pre,Clinical and experimental immunology,Journal Article,Time post-lung transplant correlates with increasing peripheral blood T cell granzyme B and proinflammatory cytokines.,Holmes M,Australia,1,True,registry,holmes m|australia,OA,bronze,https://academic.oup.com/cei/article-pdf/161/3/584/41925596/j.1365-2249.2010.04186.x.pdf,Oxford University Press (OUP)
22263028,,2010,pre,Journal of thoracic disease,Journal Article,Lung transplant in end-staged chronic obstructive pulmonary disease (COPD) patients: a concise review.,He J,United States,1,False,,he j|united states,no-doi,,,
20508211,10.1164/rccm.201002-0211oc,2010,pre,American journal of respiratory and critical care medicine,"Journal Article; Research Support, N.I.H., Extramural; Research Support, Non-U.S. Gov't",Survival after bronchiolitis obliterans syndrome among bilateral lung transplant recipients.,Palmer SM,United States,1,False,,palmer sm|united states,Other-paywall,closed,,Oxford University Press (OUP)
20499201,10.1007/s11605-010-1233-8,2010,pre,Journal of gastrointestinal surgery : official journal of the Society for Surgery of the Alimentary Tract,Comparative Study; Journal Article,Laparoscopic fundoplication with or without pyloroplasty in patients with gastroesophageal reflux disease after lung transplantation: how I do it.,Fisichella PM,United States,1,False,,fisichella pm|united states,Elsevier,closed,,Elsevier BV
20477331,10.1586/ers.09.27,2009,pre,Expert review of respiratory medicine,Journal Article,Managing complications following lung transplantation.,Aris RM,United States,1,True,registry,aris rm|united states,Other-paywall,closed,,Informa UK Limited
20471860,10.1016/j.healun.2010.03.012,2010,pre,The Journal of heart and lung transplantation : the official publication of the International Society for Heart Transplantation,"Journal Article; Research Support, Non-U.S. Gov't",Inhibition of bleomycin-induced pulmonary fibrosis through pre-treatment with collagen type V.,Love RB,United States,1,False,,love rb|united states,Elsevier,closed,,Elsevier BV
20456980,10.1016/j.healun.2010.03.004,2010,pre,The Journal of heart and lung transplantation : the official publication of the International Society for Heart Transplantation,"Journal Article; Research Support, N.I.H., Extramural; Research Support, U.S. Gov't, Non-P.H.S.",The role of heat shock protein 27 in bronchiolitis obliterans syndrome after lung transplantation.,Doseff AI,United States,1,False,,doseff ai|united states,Elsevier,closed,,Elsevier BV
20425473,10.1007/s11894-010-0106-3,2010,pre,Current gastroenterology reports,Journal Article,Relevance of GERD in lung transplant patients.,Sifrim D,Belgium,1,False,,sifrim d|belgium,Springer,closed,,Springer Science and Business Media LLC
20418369,10.1378/chest.09-2610,2010,pre,Chest,Journal Article,Reflux-induced collagen type v sensitization: potential mediator of bronchiolitis obliterans syndrome.,Maloney JD,United States,1,False,,maloney jd|united states,OA,bronze,http://journal.chestnet.org/article/S0012369210604199/pdf,Elsevier BV
20417777,10.1016/j.athoracsur.2010.01.060,2010,pre,The Annals of thoracic surgery,"Comparative Study; Journal Article; Research Support, U.S. Gov't, P.H.S.",Donor factors are associated with bronchiolitis obliterans syndrome after lung transplantation.,Lau CL,United States,1,False,registry,lau cl|united states,OA,green,https://www.ncbi.nlm.nih.gov/pmc/articles/3033807,Elsevier BV
20417130,10.1016/j.healun.2010.02.010,2010,pre,The Journal of heart and lung transplantation : the official publication of the International Society for Heart Transplantation,"Journal Article; Research Support, Non-U.S. Gov't",Increased net gelatinase but not serine protease activity in bronchiolitis obliterans syndrome.,Lindén A,Sweden,1,False,,lindén a|sweden,Elsevier,closed,,Elsevier BV
20412963,10.1016/j.jtcvs.2010.02.004,2010,pre,The Journal of thoracic and cardiovascular surgery,Journal Article,Lung transplantation with donation after cardiac death donors: long-term follow-up in a single center.,Love RB,United States,1,False,,love rb|united states,OA,bronze,http://www.jtcvs.org/article/S0022522310001248/pdf,Elsevier BV
20394831,10.1016/j.pupt.2010.04.004,2010,pre,Pulmonary pharmacology & therapeutics,Comparative Study; Journal Article,"Mycophenolate mofetil reduces alveolar inflammation, acute rejection and graft loss due to bronchiolitis obliterans syndrome after lung transplantation.",Boehler A,Switzerland,1,True,registry,boehler a|switzerland,Elsevier,closed,,Elsevier BV
20351032,10.1183/09031936.00139809,2010,pre,The European respiratory journal,"Journal Article; Research Support, N.I.H., Extramural; Research Support, Non-U.S. Gov't",Systemic sclerosis and bilateral lung transplantation: a single centre experience.,Saggar R,United States,1,False,,saggar r|united states,OA,bronze,https://erj.ersjournals.com/content/erj/36/4/893.full.pdf,European Respiratory Society (ERS)
20347338,10.1016/j.healun.2010.01.008,2010,pre,The Journal of heart and lung transplantation : the official publication of the International Society for Heart Transplantation,Journal Article,Genetic polymorphisms in MMP7 and reduced serum levels associate with the development of bronchiolitis obliterans syndrome after lung transplantation.,van den Bosch JM,Netherlands,1,False,,van den bosch jm|netherlands,Elsevier,closed,,Elsevier BV
20339145,10.1164/rccm.200910-1573oc,2010,pre,American journal of respiratory and critical care medicine,"Journal Article; Research Support, Non-U.S. Gov't",Lung transplant airway hypoxia: a diathesis to fibrosis?,Nicolls MR,United States,1,False,,nicolls mr|united states,Other-paywall,closed,,Oxford University Press (OUP)
20304665,10.1016/j.ejcts.2010.01.066,2010,pre,European journal of cardio-thoracic surgery : official journal of the European Association for Cardio-thoracic Surgery,Clinical Trial; Journal Article,"Preoperative introduction and maintenance immunosuppression therapy of oral-only tacrolimus, mycophenolate mofetil and steroids reduce acute rejection episodes after lung transplantation.",Mohr FW,Germany,1,True,registry,mohr fw|germany,OA,bronze,https://academic.oup.com/ejcts/article-pdf/38/3/268/17790846/38-3-268.pdf,Oxford University Press (OUP)
20230541,10.1111/j.1432-2277.2010.01071.x,2010,pre,Transplant international : official journal of the European Society for Organ Transplantation,Comparative Study; Journal Article,Potential functional and survival benefit of double over single lung transplantation for selected patients with idiopathic pulmonary fibrosis.,,Germany,1,False,,,Other-paywall,closed,,Frontiers Media SA
20227302,10.1016/j.healun.2009.12.013,2010,pre,The Journal of heart and lung transplantation : the official publication of the International Society for Heart Transplantation,Journal Article,Polymorphisms in innate immunity genes associated with development of bronchiolitis obliterans after lung transplantation.,van den Bosch JM,Netherlands,1,False,,van den bosch jm|netherlands,Elsevier,closed,,Elsevier BV
20227288,10.1016/j.ejcts.2010.01.054,2010,pre,European journal of cardio-thoracic surgery : official journal of the European Association for Cardio-thoracic Surgery,Evaluation Study; Journal Article,Lung transplantation using donors 55 years and older: is it safe or just a way out of organ shortage?,Kamler M,Germany,1,False,,kamler m|germany,OA,bronze,https://academic.oup.com/ejcts/article-pdf/38/2/192/17790430/38-2-192.pdf,Oxford University Press (OUP)
20214745,10.1111/j.1399-3046.2010.01296.x,2010,pre,Pediatric transplantation,"Journal Article; Research Support, N.I.H., Extramural; Research Support, Non-U.S. Gov't",Long-term impact of respiratory viral infection after pediatric lung transplantation.,Danziger-Isakov LA,United States,1,False,,danziger-isakov la|united states,OA,green,https://www.ncbi.nlm.nih.gov/pmc/articles/2893330,Wiley
20211214,10.1016/j.humimm.2010.02.021,2010,pre,Human immunology,"Journal Article; Research Support, N.I.H., Extramural",Development of antibodies to human leukocyte antigen precedes development of antibodies to major histocompatibility class I-related chain A and are significantly associated with development of chronic rejection after human lung transplantation.,Mohanakumar T,United States,1,False,,mohanakumar t|united states,OA,green,https://www.ncbi.nlm.nih.gov/pmc/articles/2874120,Elsevier BV
20201985,10.1111/j.1365-2567.2010.03246.x,2010,pre,Immunology,"Journal Article; Research Support, Non-U.S. Gov't",Chronic rejection of a lung transplant is characterized by a profile of specific autoantibodies.,Iversen M,Denmark,1,False,,iversen m|denmark,OA,green,https://www.ncbi.nlm.nih.gov/pmc/articles/2913222,Wiley
23965420,,2010,pre,International journal of pharmaceutical compounding,Journal Article,Case report: the use of inhaled cyclosprine to treat bronchiolitis obliterans syndrome in a lung transplant patient.,McElhiney LF,India,1,True,registry,mcelhiney lf|india,no-doi,,,
20177348,10.1097/tp.0b013e3181c46a74,2010,pre,Transplantation,Journal Article,Lung transplantation from nonheparinized category III non-heart-beating donors. A single-centre report.,van der Bij W,Netherlands,1,False,,van der bij w|netherlands,WoltersKluwer,closed,,Ovid Technologies (Wolters Kluwer Health)
20175005,10.4414/smw.2010.12770,2010,pre,Swiss medical weekly,Journal Article,Distress and alexithymia in lung recipients - psychosocial strains and associations with chronic allograft dysfunction.,Boehler A,Switzerland,1,False,,boehler a|switzerland,OA,gold,https://doi.org/10.4414/smw.2010.12770,SMW Supporting Association
20172344,10.1016/j.transproceed.2009.11.037,2010,pre,Transplantation proceedings,Journal Article,Bronchiolitis obliterans syndrome development in lung transplantation patients.,Sepúlveda C,,0,False,,sepúlveda c|,Elsevier,closed,,Elsevier BV
20172343,10.1016/j.transproceed.2009.12.004,2010,pre,Transplantation proceedings,Journal Article,Everolimus in lung transplantation in Chile.,Sepúlveda C,,0,False,,sepúlveda c|,Elsevier,closed,,Elsevier BV
20167845,10.1164/rccm.200911-1786oc,2010,pre,American journal of respiratory and critical care medicine,"Journal Article; Research Support, N.I.H., Extramural; Research Support, Non-U.S. Gov't",Cytomegalovirus pneumonitis is a risk for bronchiolitis obliterans syndrome in lung transplantation.,Palmer SM,United States,1,True,registry,palmer sm|united states,Other-paywall,closed,,Oxford University Press (OUP)
20133163,10.1016/j.healun.2009.12.003,2010,pre,The Journal of heart and lung transplantation : the official publication of the International Society for Heart Transplantation,"Journal Article; Research Support, N.I.H., Extramural",Azithromycin is associated with increased survival in lung transplant recipients with bronchiolitis obliterans syndrome.,Walter MJ,United States,1,False,,walter mj|united states,OA,green,https://www.ncbi.nlm.nih.gov/pmc/articles/2854291,Elsevier BV
20082575,10.3109/00365540903341828,2010,pre,Scandinavian journal of infectious diseases,"Journal Article; Research Support, Non-U.S. Gov't","Cytomegalovirus and long-term outcome after lung transplantation in Gothenburg, Sweden.",Andersson R,Sweden,1,False,,andersson r|sweden,Other-paywall,closed,,Informa UK Limited
20075787,10.1097/tp.0b013e3181d05a71,2010,pre,Transplantation,Journal Article,A prospective molecular surveillance study evaluating the clinical impact of community-acquired respiratory viruses in lung transplant recipients.,Humar A,Canada,1,False,,humar a|canada,WoltersKluwer,closed,,Ovid Technologies (Wolters Kluwer Health)
20066781,10.1007/s00011-009-0119-2,2010,pre,Inflammation research : official journal of the European Histamine Research Society ... [et al.],"Comparative Study; Journal Article; Research Support, Non-U.S. Gov't",Analysis of cytokine pattern in exhaled breath condensate of lung transplant recipients with bronchiolitis obliterans syndrome.,Csiszer E,,0,False,,csiszer e|,Springer,closed,,Springer Science and Business Media LLC
20059725,10.1111/j.1399-3046.2009.01268.x,2010,pre,Pediatric transplantation,"Journal Article; Multicenter Study; Research Support, N.I.H., Extramural",Minimal acute rejection in pediatric lung transplantation--does it matter?,Danziger-Isakov LA,Switzerland,1,True,,danziger-isakov la|switzerland,Wiley,closed,,Wiley
21698833,,2010,pre,Clinical transplants,Journal Article,Lung and heart lung transplantation at the University of Alberta 1986-2010.,Mullen J,Canada,1,False,,mullen j|canada,no-doi,,,
20022265,10.1016/j.healun.2009.10.003,2010,pre,The Journal of heart and lung transplantation : the official publication of the International Society for Heart Transplantation,"Journal Article; Research Support, N.I.H., Extramural",Increased erythrocyte C4D is associated with known alloantibody and autoantibody markers of antibody-mediated rejection in human lung transplant recipients.,Mohanakumar T,United States,1,True,registry,mohanakumar t|united states,OA,bronze,http://www.jhltonline.org/article/S1053249809007980/pdf,Elsevier BV
20013099,10.1007/s11748-009-0486-1,2009,pre,General thoracic and cardiovascular surgery,Journal Article,Symptomatic gastroesophageal reflux disease after lung transplantation.,Macha M,United States,1,False,,macha m|united states,Springer,closed,,Springer Science and Business Media LLC
19995277,10.3109/01902140902918755,2009,pre,Experimental lung research,"Journal Article; Research Support, Non-U.S. Gov't",The macrolide clarithromycin inhibits experimental post-transplant bronchiolitis obliterans.,Boehler A,Switzerland,1,False,,boehler a|switzerland,Other-paywall,closed,,Informa UK Limited
19917398,10.1016/j.transproceed.2009.04.012,2009,pre,Transplantation proceedings,Journal Article,Oxidative stress and nutritional intakes in lung patients with bronchiolitis obliterans syndrome.,Allard JP,Canada,1,False,,allard jp|canada,Elsevier,closed,,Elsevier BV
19912172,10.1111/j.1541-0420.2009.01339.x,2010,pre,Biometrics,Journal Article,Semi-Markov models with phase-type sojourn distributions.,Sharples LD,,0,False,,sharples ld|,Other-paywall,closed,,Oxford University Press (OUP)
19857782,10.1016/j.transproceed.2009.09.010,2009,pre,Transplantation proceedings,Journal Article,Morbimortality in heart and lung transplantation in Cuba: a 20-year follow-up.,González Jiménez N,,0,False,,gonzález jiménez n|,Elsevier,closed,,Elsevier BV
19857759,10.1016/j.transproceed.2009.09.029,2009,pre,Transplantation proceedings,"Journal Article; Research Support, Non-U.S. Gov't",C-reactive protein in bronchoalveolar lavage fluid is associated with markers of airway inflammation after lung transplantation.,Verleden GM,Belgium,1,False,,verleden gm|belgium,Elsevier,closed,,Elsevier BV
19857270,10.1186/1465-9921-10-99,2009,pre,Respiratory research,Journal Article,Successful establishment of primary small airway cell cultures in human lung transplantation.,Chambers DC,Australia,1,False,,chambers dc|australia,OA,gold,https://respiratory-research.biomedcentral.com/counter/pdf/10.1186/1465-9921-10-99,Springer Science and Business Media LLC
19853479,10.1016/j.healun.2009.08.029,2010,pre,The Journal of heart and lung transplantation : the official publication of the International Society for Heart Transplantation,Journal Article,The efficacy of photopheresis for bronchiolitis obliterans syndrome after lung transplantation.,Hachem RR,United States,1,False,,hachem rr|united states,Elsevier,closed,,Elsevier BV
19840961,10.1183/09031936.00110609,2010,pre,The European respiratory journal,"Journal Article; Research Support, Non-U.S. Gov't",A model of chronic lung allograft rejection in the rat.,Weder W,Switzerland,1,False,,weder w|switzerland,Other-paywall,closed,,European Respiratory Society (ERS)
19837611,10.1016/j.healun.2009.08.012,2010,pre,The Journal of heart and lung transplantation : the official publication of the International Society for Heart Transplantation,Journal Article,Low incidence of severe respiratory syncytial virus infections in lung transplant recipients despite the absence of specific therapy.,van Delden C,Switzerland,1,False,,van delden c|switzerland,OA,bronze,http://www.jhltonline.org/article/S1053249809006391/pdf,Elsevier BV
19804585,10.1111/j.1432-2277.2009.00973.x,2010,pre,Transplant international : official journal of the European Society for Organ Transplantation,Journal Article,Increased frequency of regulatory T cells and selection of highly potent CD62L+ cells during treatment of human lung transplant recipients with rapamycin.,Hirche TO,Germany,1,True,registry,hirche to|germany,Other-paywall,closed,,Frontiers Media SA
19783182,10.1016/j.healun.2009.07.023,2009,pre,The Journal of heart and lung transplantation : the official publication of the International Society for Heart Transplantation,"Journal Article; Research Support, Non-U.S. Gov't","Indoleamine 2,3-dioxygenase in lung allograft tolerance.",Fietta AM,Italy,1,False,,fietta am|italy,Elsevier,closed,,Elsevier BV
19782585,10.1016/j.healun.2009.06.006,2009,pre,The Journal of heart and lung transplantation : the official publication of the International Society for Heart Transplantation,"Journal Article; Research Support, N.I.H., Extramural; Research Support, Non-U.S. Gov't",Fungal infections in pediatric lung transplant recipients: colonization and invasive disease.,Danziger-Isakov LA,United States,1,False,,danziger-isakov la|united states,Elsevier,closed,,Elsevier BV
19782286,10.1016/j.healun.2009.04.032,2009,pre,The Journal of heart and lung transplantation : the official publication of the International Society for Heart Transplantation,"Journal Article; Multicenter Study; Research Support, Non-U.S. Gov't",Cytomegalovirus immunoglobulin decreases the risk of cytomegalovirus infection but not disease after pediatric lung transplantation.,Danziger-Isakov L,United States,1,False,,danziger-isakov l|united states,OA,green,https://www.ncbi.nlm.nih.gov/pmc/articles/2771443,Elsevier BV
19761558,10.1111/j.1399-3062.2009.00453.x,2010,pre,Transplant infectious disease : an official journal of the Transplantation Society,Journal Article,A multi-drug regimen for respiratory syncytial virus and parainfluenza virus infections in adult lung and heart-lung transplant recipients.,Weill D,United States,1,False,,weill d|united states,Wiley,closed,,Wiley
19737140,10.1111/j.1365-2249.2009.04008.x,2009,pre,Clinical and experimental immunology,"Journal Article; Multicenter Study; Research Support, Non-U.S. Gov't",Increased levels of T cell granzyme b in bronchiolitis obliterans syndrome are not suppressed adequately by current immunosuppressive regimens.,Holmes M,Australia,1,True,registry,holmes m|australia,OA,green,https://www.ncbi.nlm.nih.gov/pmc/articles/2768812,Oxford University Press (OUP)
19716040,10.1016/j.healun.2009.04.022,2009,pre,The Journal of heart and lung transplantation : the official publication of the International Society for Heart Transplantation,"Journal Article; Research Support, Non-U.S. Gov't",Acute cellular rejection is a risk factor for bronchiolitis obliterans syndrome independent of post-transplant baseline FEV1.,Scheike T,Denmark,1,False,,scheike t|denmark,Elsevier,closed,,Elsevier BV
19716037,10.1016/j.healun.2009.05.040,2009,pre,The Journal of heart and lung transplantation : the official publication of the International Society for Heart Transplantation,Journal Article,Gastroesophageal reflux in bronchiolitis obliterans syndrome: a new perspective.,Carby MR,United Kingdom,1,False,,carby mr|united kingdom,Elsevier,closed,,Elsevier BV
19715874,10.1016/j.transproceed.2009.05.017,2009,pre,Transplantation proceedings,Journal Article,Lung transplantation as the first choice in emphysema.,Rama P,Spain,1,False,,rama p|spain,Elsevier,closed,,Elsevier BV
19696635,10.1097/tp.0b013e3181b0e719,2009,pre,Transplantation,"Journal Article; Research Support, Non-U.S. Gov't",Dynamics of human regulatory T cells in lung lavages of lung transplant recipients.,Larsen CP,United States,1,False,,larsen cp|united states,OA,green,https://www.ncbi.nlm.nih.gov/pmc/articles/2773802,Ovid Technologies (Wolters Kluwer Health)
19686323,10.1111/j.1365-2702.2009.02828.x,2009,pre,Journal of clinical nursing,"Comparative Study; Journal Article; Research Support, Non-U.S. Gov't",Patients' experiences of everyday life after lung transplantation.,Jensen BØ,Denmark,1,False,,jensen bø|denmark,Wiley,closed,,Wiley
19682883,10.1016/j.rmed.2009.07.011,2009,pre,Respiratory medicine,Journal Article,Prognostic value of the 6min walk test in bronchiolitis obliterans syndrome.,Barnett SD,United States,1,False,,barnett sd|united states,OA,bronze,http://www.resmedjournal.com/article/S0954611109002467/pdf,Elsevier BV
19667934,10.1097/tp.0b013e3181ae3392,2009,pre,Transplantation,"Journal Article; Research Support, N.I.H., Extramural","Pirfenidone inhibits T-cell activation, proliferation, cytokine and chemokine production, and host alloresponses.",Hancock WW,United States,1,False,,hancock ww|united states,WoltersKluwer,closed,,Ovid Technologies (Wolters Kluwer Health)
19659672,10.1111/j.1399-3062.2009.00422.x,2009,pre,Transplant infectious disease : an official journal of the Transplantation Society,Journal Article,Clinical spectrum of gram-positive infections in lung transplantation.,Dhillon GS,United States,1,True,registry,dhillon gs|united states,Wiley,closed,,Wiley
19656137,10.1111/j.1600-6143.2009.02650.x,2009,pre,American journal of transplantation : official journal of the American Society of Transplantation and the American Society of Transplant Surgeons,"Journal Article; Research Support, Non-U.S. Gov't",Immunohistochemical study of HLA-G expression in lung transplant recipients.,Rouas-Freiss N,France,1,False,,rouas-freiss n|france,OA,hybrid,http://www.amjtransplant.org/article/S1600613522270233/pdf,Elsevier BV
19632576,10.1016/j.healun.2009.05.011,2009,pre,The Journal of heart and lung transplantation : the official publication of the International Society for Heart Transplantation,"Journal Article; Research Support, Non-U.S. Gov't",Circulating and intrapulmonary C-reactive protein: a predictor of bronchiolitis obliterans syndrome and pulmonary allograft outcome.,Verleden GM,Belgium,1,False,,verleden gm|belgium,Elsevier,closed,,Elsevier BV
19632569,10.1016/j.healun.2009.05.009,2009,pre,The Journal of heart and lung transplantation : the official publication of the International Society for Heart Transplantation,Journal Article,Initial experience with lung donation after cardiocirculatory death in Canada.,Pierre A,Canada,1,False,,pierre a|canada,Elsevier,closed,,Elsevier BV
19623016,10.1097/tp.0b013e3181ac170f,2009,pre,Transplantation,Journal Article,Bronchiolitis obliterans syndrome is associated with absence of suppression of peripheral blood Th1 proinflammatory cytokines.,Holmes M,Australia,1,True,registry,holmes m|australia,WoltersKluwer,closed,,Ovid Technologies (Wolters Kluwer Health)
19608592,10.1183/09031936.00042309,2010,pre,The European respiratory journal,"Journal Article; Research Support, Non-U.S. Gov't",The role of chemokine receptors in acute lung allograft rejection.,Segerer S,Austria,1,False,,segerer s|austria,OA,bronze,https://erj.ersjournals.com/content/erj/35/1/167.full.pdf,European Respiratory Society (ERS)
19584692,10.1097/tp.0b013e3181aad129,2009,pre,Transplantation,Journal Article,Effect of adherence to home spirometry on bronchiolitis obliterans and graft survival after lung transplantation.,Gottlieb J,Germany,1,False,,gottlieb j|germany,WoltersKluwer,closed,,Ovid Technologies (Wolters Kluwer Health)
19580368,10.1089/jamp.2009.0748,2010,pre,Journal of aerosol medicine and pulmonary drug delivery,Comparative Study; Journal Article; Randomized Controlled Trial,Inhaled cyclosporine and pulmonary function in lung transplant recipients.,Iacono A,United States,1,True,rct,iacono a|united states,OA,green,https://www.ncbi.nlm.nih.gov/pmc/articles/3145164,SAGE Publications
19560698,10.1016/j.healun.2009.04.010,2009,pre,The Journal of heart and lung transplantation : the official publication of the International Society for Heart Transplantation,"Journal Article; Research Support, Non-U.S. Gov't",Tacrolimus and azathioprine versus cyclosporine and mycophenolate mofetil after lung transplantation: a retrospective cohort study.,Arcasoy SM,,0,True,registry,arcasoy sm|,Elsevier,closed,,Elsevier BV
19545735,10.1016/j.transproceed.2009.03.070,2009,pre,Transplantation proceedings,"Journal Article; Research Support, Non-U.S. Gov't",Efficacy of total lymphoid irradiation in azithromycin nonresponsive chronic allograft rejection after lung transplantation.,Vanaudenaerde BM,Belgium,1,False,,vanaudenaerde bm|belgium,Elsevier,closed,,Elsevier BV
19544103,10.1080/10615800903038882,2010,pre,"Anxiety, stress, and coping",Journal Article,"Lung function, sociodemographic characteristics, and psychological reaction to transplant associated with chronic stress among lung recipients.",Klaghofer R,Switzerland,1,False,,klaghofer r|switzerland,Other-paywall,closed,,Informa UK Limited
19525122,10.1016/j.ejcts.2009.04.031,2009,pre,European journal of cardio-thoracic surgery : official journal of the European Association for Cardio-thoracic Surgery,"Journal Article; Research Support, Non-U.S. Gov't",Bronchial epithelial cells as a new source for differential transcriptome analysis after lung transplantation.,von Neuhoff N,Germany,1,False,,von neuhoff n|germany,Other-paywall,closed,,Oxford University Press (OUP)
19515194,10.1111/j.1442-2050.2009.00980.x,2009,pre,Diseases of the esophagus : official journal of the International Society for Diseases of the Esophagus,Journal Article,Medium-term outcome of fundoplication after lung transplantation.,Snell G,Australia,1,False,,snell g|australia,OA,bronze,https://academic.oup.com/dote/article-pdf/22/8/642/10395130/dote0642.pdf,Oxford University Press (OUP)
19490541,10.1111/j.1432-2277.2009.00865.x,2009,pre,Transplant international : official journal of the European Society for Organ Transplantation,"Comparative Study; Journal Article; Research Support, U.S. Gov't, P.H.S.",A comparison of CF and non-CF school-age children undergoing lung transplantation.,Koziol J,United States,1,True,registry,koziol j|united states,OA,green,https://escholarship.org/content/qt4rj1z94n/qt4rj1z94n.pdf?t=lnry2f,Frontiers Media SA
19461497,10.1097/tp.0b013e3181a4e69c,2009,pre,Transplantation,"Journal Article; Research Support, Non-U.S. Gov't",Exhaled carbon monoxide as a noninvasive marker of airway neutrophilia after lung transplantation.,Verleden GM,Belgium,1,False,,verleden gm|belgium,WoltersKluwer,closed,,Ovid Technologies (Wolters Kluwer Health)
19461491,10.1097/tp.0b013e3181a492b2,2009,pre,Transplantation,Journal Article,Long-term clarithromycin therapy in the management of lung transplant recipients.,Boehler A,Switzerland,1,False,,boehler a|switzerland,WoltersKluwer,closed,,Ovid Technologies (Wolters Kluwer Health)
19461490,10.1097/tp.0b013e3181a4857d,2009,pre,Transplantation,Journal Article,Community-acquired respiratory viral infections in lung transplant recipients: a single season cohort study.,Engelmann I,Germany,1,False,,engelmann i|germany,WoltersKluwer,closed,,Ovid Technologies (Wolters Kluwer Health)
19459819,10.1111/j.1600-6143.2009.02635.x,2009,pre,American journal of transplantation : official journal of the American Society of Transplantation and the American Society of Transplant Surgeons,"Journal Article; Research Support, N.I.H., Extramural",Aspergillus colonization of the lung allograft is a risk factor for bronchiolitis obliterans syndrome.,Belperio JA,United States,1,False,,belperio ja|united states,Elsevier,closed,,Elsevier BV
19454728,10.4049/jimmunol.0803606,2009,pre,"Journal of immunology (Baltimore, Md. : 1950)","Journal Article; Research Support, Non-U.S. Gov't",The role of intrapulmonary de novo lymphoid tissue in obliterative bronchiolitis after lung transplantation.,Keshavjee S,Canada,1,False,,keshavjee s|canada,OA,bronze,https://journals.aai.org/jimmunol/article-pdf/182/11/7307/1268582/zim01109007307.pdf,Oxford University Press (OUP)
19453645,10.1111/j.1399-0012.2009.00990.x,2009,pre,Clinical transplantation,Journal Article,Long-term outcomes of cytomegalovirus infection and disease after lung or heart-lung transplantation with a delayed ganciclovir regimen.,Stephen Dummer J,United States,1,False,,stephen dummer j|united states,Wiley,closed,,Wiley
19416775,10.1016/j.healun.2009.01.014,2009,pre,The Journal of heart and lung transplantation : the official publication of the International Society for Heart Transplantation,Journal Article,Prognostic value of bronchoalveolar lavage neutrophilia in stable lung transplant recipients.,,Germany,1,False,,,Elsevier,closed,,Elsevier BV
19398195,10.1016/j.rmed.2009.03.013,2009,pre,Respiratory medicine,Evaluation Study; Journal Article,Indicators for steroid response in biopsy proven acute graft rejection after lung transplantation.,Gottlieb J,Germany,1,True,,gottlieb j|germany,Elsevier,closed,,Elsevier BV
19382530,,2008,pre,"Sarcoidosis, vasculitis, and diffuse lung diseases : official journal of WASOG",Comparative Study; Journal Article,Bronchiolitis obliterans syndrome and survival following lung transplantation for patients with sarcoidosis.,Young KR,United States,1,False,,young kr|united states,no-doi,,,
19344464,10.1111/j.1600-6143.2009.02558.x,2009,pre,American journal of transplantation : official journal of the American Society of Transplantation and the American Society of Transplant Surgeons,"Journal Article; Research Support, Non-U.S. Gov't",Posttransplant bronchiolitis obliterans syndrome is associated with bronchial epithelial to mesenchymal transition.,Chambers DC,Australia,1,False,,chambers dc|australia,OA,hybrid,http://www.amjtransplant.org/article/S160061352201646X/pdf,Elsevier BV
19344463,10.1111/j.1600-6143.2009.02552.x,2009,pre,American journal of transplantation : official journal of the American Society of Transplantation and the American Society of Transplant Surgeons,Journal Article,Lung transplantation in infants and toddlers from 1990 to 2004 at St. Louis Children's Hospital.,Sweet SC,United States,1,False,,sweet sc|united states,OA,hybrid,http://www.amjtransplant.org/article/S1600613522016409/pdf,Elsevier BV
19332266,10.1016/j.healun.2009.01.010,2009,pre,The Journal of heart and lung transplantation : the official publication of the International Society for Heart Transplantation,"Journal Article; Research Support, Non-U.S. Gov't",Early outcome after lung transplantation from non-heart-beating donors is comparable to heart-beating donors.,Verleden G,Belgium,1,False,,verleden g|belgium,Elsevier,closed,,Elsevier BV
19328957,10.1016/j.transproceed.2008.12.016,2009,pre,Transplantation proceedings,"Journal Article; Research Support, Non-U.S. Gov't",Dramatic improvement in survival after lung transplantation over time: a single center experience.,,France,1,True,registry,,Elsevier,closed,,Elsevier BV
19328934,10.1016/j.transproceed.2008.12.024,2009,pre,Transplantation proceedings,"Journal Article; Research Support, Non-U.S. Gov't",Plasma C-reactive protein levels correlate with markers of airway inflammation after lung transplantation: a role for systemic inflammation in bronchiolitis obliterans syndrome?,Verleden GM,Belgium,1,False,,verleden gm|belgium,Elsevier,closed,,Elsevier BV
19303808,10.1016/j.jcv.2009.02.005,2009,pre,Journal of clinical virology : the official publication of the Pan American Society for Clinical Virology,"Journal Article; Research Support, Non-U.S. Gov't",Detection of Epstein-Barr virus DNA in peripheral blood is associated with the development of bronchiolitis obliterans syndrome after lung transplantation.,Gottlieb J,Germany,1,True,registry,gottlieb j|germany,Elsevier,closed,,Elsevier BV
19299743,10.4049/jimmunol.0802457,2009,pre,"Journal of immunology (Baltimore, Md. : 1950)","Journal Article; Research Support, N.I.H., Extramural; Research Support, Non-U.S. Gov't",The presence of a matrix-derived neutrophil chemoattractant in bronchiolitis obliterans syndrome after lung transplantation.,Gaggar A,United States,1,False,,gaggar a|united states,OA,bronze,https://www.jimmunol.org/content/jimmunol/182/7/4423.full.pdf,Oxford University Press (OUP)
19295317,10.1097/tp.0b013e3181963262,2009,pre,Transplantation,"Journal Article; Research Support, Non-U.S. Gov't",Lack of association between beta-herpesvirus infection and bronchiolitis obliterans syndrome in lung transplant recipients in the era of antiviral prophylaxis.,Humar A,Canada,1,False,,humar a|canada,WoltersKluwer,closed,,Ovid Technologies (Wolters Kluwer Health)
19241165,10.1007/s10620-009-0725-4,2009,pre,Digestive diseases and sciences,Journal Article,Azithromycin reduces gastroesophageal reflux and aspiration in lung transplant recipients.,Sifrim D,Belgium,1,False,,sifrim d|belgium,Springer,closed,,Springer Science and Business Media LLC
19207186,10.1111/j.1432-2277.2009.00843.x,2009,pre,Transplant international : official journal of the European Society for Organ Transplantation,Journal Article,Tacrolimus and mycophenolate mofetil as first line immunosuppression after lung transplantation.,,Germany,1,True,registry,,Other-paywall,closed,,Frontiers Media SA
19204467,10.1097/rti.0b013e3181783384,2008,pre,Journal of thoracic imaging,"Comparative Study; Journal Article; Research Support, Non-U.S. Gov't",Conventional high-resolution CT versus contiguous multidetector CT in the detection of bronchiolitis obliterans syndrome in lung transplant recipients.,Mayo JR,Canada,1,False,,mayo jr|canada,WoltersKluwer,closed,,Ovid Technologies (Wolters Kluwer Health)
19201342,10.1016/j.healun.2008.11.907,2009,pre,The Journal of heart and lung transplantation : the official publication of the International Society for Heart Transplantation,Journal Article,Effect of etiology and timing of respiratory tract infections on development of bronchiolitis obliterans syndrome.,Dhillon GS,United States,1,False,,dhillon gs|united states,Elsevier,closed,,Elsevier BV
19201339,10.1016/j.healun.2008.11.906,2009,pre,The Journal of heart and lung transplantation : the official publication of the International Society for Heart Transplantation,"Journal Article; Research Support, Non-U.S. Gov't",Nocturnal weakly acidic reflux promotes aspiration of bile acids in lung transplant recipients.,Dupont LJ,Belgium,1,False,,dupont lj|belgium,Elsevier,closed,,Elsevier BV
19191160,10.1080/08941930802566722,2009,pre,Journal of investigative surgery : the official journal of the Academy of Surgical Research,Evaluation Study; Journal Article,Monitoring of experimental rat lung transplants by high-resolution flat-panel volumetric computer tomography (fpVCT).,Hirschburger M,Germany,1,False,,hirschburger m|germany,Other-paywall,closed,,Informa UK Limited
19185174,10.1016/j.jtcvs.2008.10.007,2009,pre,The Journal of thoracic and cardiovascular surgery,"Journal Article; Research Support, Non-U.S. Gov't; Validation Study","A mouse model of orthotopic, single-lung transplantation.",Weder W,Switzerland,1,False,,weder w|switzerland,OA,bronze,http://www.jtcvs.org/article/S0022522308016711/pdf,Elsevier BV
19158119,10.1136/thx.2008.104067,2009,pre,Thorax,"Journal Article; Research Support, Non-U.S. Gov't",Bronchial epithelial cells cultured from clinically stable lung allograft patients promote the development of macrophages from monocytes rather than dendritic cells.,Hilkens CM,,0,False,,hilkens cm|,OA,hybrid,https://thorax.bmj.com/content/thoraxjnl/64/5/430.full.pdf,BMJ
19134533,10.1016/j.healun.2008.10.008,2009,pre,The Journal of heart and lung transplantation : the official publication of the International Society for Heart Transplantation,"Journal Article; Research Support, Non-U.S. Gov't",Efficacy of oral ribavirin in lung transplant patients with respiratory syncytial virus lower respiratory tract infection.,Lawrence EC,United States,1,False,,lawrence ec|united states,Elsevier,closed,,Elsevier BV
19134525,10.1016/j.healun.2008.10.010,2009,pre,The Journal of heart and lung transplantation : the official publication of the International Society for Heart Transplantation,Journal Article,Single-institution study evaluating the utility of surveillance bronchoscopy after lung transplantation.,Dhillon GS,United States,1,True,,dhillon gs|united states,Elsevier,closed,,Elsevier BV
19134524,10.1016/j.healun.2008.10.014,2009,pre,The Journal of heart and lung transplantation : the official publication of the International Society for Heart Transplantation,Journal Article,Lung transplant outcomes in white and African American recipients: special focus on acute and chronic rejection.,Hadjiliadis D,United States,1,True,,hadjiliadis d|united states,Elsevier,closed,,Elsevier BV
19134523,10.1016/j.healun.2008.09.014,2009,pre,The Journal of heart and lung transplantation : the official publication of the International Society for Heart Transplantation,Journal Article; Multicenter Study,Lung transplantation for lymphangioleiomyomatosis: the European experience.,Boehler A,Switzerland,1,False,,boehler a|switzerland,Elsevier,closed,,Elsevier BV
19117741,10.1016/j.rmed.2008.11.015,2009,pre,Respiratory medicine,Journal Article,Impact of graft colonization with gram-negative bacteria after lung transplantation on the development of bronchiolitis obliterans syndrome in recipients with cystic fibrosis.,Welte T,Germany,1,False,,welte t|germany,OA,bronze,http://www.resmedjournal.com/article/S0954611108004058/pdf,Elsevier BV
20524294,,2009,pre,Clinical transplants,Journal Article; Multicenter Study,A summary of bortezomib use in transplantation across 29 centers.,Everly MJ,United States,1,False,,everly mj|united states,no-doi,,,
20524285,,2009,pre,Clinical transplants,Journal Article,Lung transplantation at Duke University.,Palmer SM,United States,1,False,,palmer sm|united states,no-doi,,,
20524284,,2009,pre,Clinical transplants,Journal Article,Lung and heart-lung transplantation at University of Pittsburgh: 1982-2009.,Toyoda Y,United States,1,True,registry,toyoda y|united states,no-doi,,,
19109162,10.4049/jimmunol.182.1.309,2009,pre,"Journal of immunology (Baltimore, Md. : 1950)","Journal Article; Research Support, N.I.H., Extramural",Antibodies to MHC class I induce autoimmunity: role in the pathogenesis of chronic rejection.,Mohanakumar T,United States,1,False,,mohanakumar t|united states,OA,bronze,https://journals.aai.org/jimmunol/article-pdf/182/1/309/1269860/zim00109000309.pdf,Oxford University Press (OUP)
19104434,10.1097/tp.0b013e31819064b8,2008,pre,Transplantation,"Journal Article; Research Support, Non-U.S. Gov't",Association between donor MBL promoter haplotype and graft survival and the development of BOS after lung transplantation.,Seelen MA,Netherlands,1,False,,seelen ma|netherlands,WoltersKluwer,closed,,Ovid Technologies (Wolters Kluwer Health)
19104429,10.1097/tp.0b013e318190afe6,2008,pre,Transplantation,"Journal Article; Research Support, N.I.H., Extramural; Research Support, Non-U.S. Gov't",Repetitive gastric aspiration leads to augmented indirect allorecognition after lung transplantation in miniature swine.,Allan JS,United States,1,True,registry,allan js|united states,OA,green,https://www.ncbi.nlm.nih.gov/pmc/articles/2717556,Ovid Technologies (Wolters Kluwer Health)
19104419,10.1097/tp.0b013e318190b0be,2008,pre,Transplantation,Journal Article,Living-donor lobar lung transplantation for pulmonary complications after hematopoietic stem cell transplantation.,Oto T,Japan,1,False,,oto t|japan,WoltersKluwer,closed,,Ovid Technologies (Wolters Kluwer Health)
19101308,10.1016/j.athoracsur.2008.09.049,2009,pre,The Annals of thoracic surgery,"Journal Article; Research Support, Non-U.S. Gov't",Clinical transplantation of initially rejected donor lungs after reconditioning ex vivo.,Steen S,Sweden,1,False,,steen s|sweden,OA,bronze,http://www.annalsthoracicsurgery.org/article/S0003497508020456/pdf,Elsevier BV
19077900,10.1097/tp.0b013e31818bc024,2008,pre,Transplantation,Journal Article,Extracorporeal photopheresis after lung transplantation: a 10-year single-center experience.,Boehler A,Switzerland,1,False,,boehler a|switzerland,WoltersKluwer,closed,,Ovid Technologies (Wolters Kluwer Health)
19059110,10.1016/j.healun.2008.08.010,2008,pre,The Journal of heart and lung transplantation : the official publication of the International Society for Heart Transplantation,Journal Article,Attenuation of obliterative bronchiolitis by a CXCR4 antagonist in the murine heterotopic tracheal transplant model.,Rojas M,United States,1,False,,rojas m|united states,Elsevier,closed,,Elsevier BV
19039632,10.1007/s00595-008-3781-z,2008,pre,Surgery today,Comparative Study; Journal Article,Favorable outcomes after living-donor lobar lung transplantation in ventilator-dependent patients.,Date H,Japan,1,False,,date h|japan,OA,bronze,https://link.springer.com/content/pdf/10.1007/s00595-008-3781-z.pdf,Springer Science and Business Media LLC
19034015,10.1097/tp.0b013e3181886baa,2008,pre,Transplantation,Journal Article,Inducible costimulator blockade prolongs airway luminal patency in a mouse model of obliterative bronchiolitis.,Lambrecht BN,Netherlands,1,True,registry,lambrecht bn|netherlands,WoltersKluwer,closed,,Ovid Technologies (Wolters Kluwer Health)
19010202,10.1016/j.transproceed.2008.08.120,2008,pre,Transplantation proceedings,Journal Article,Results of lung transplantation in patients with cystic fibrosis.,Salvatierra A,Spain,1,False,,salvatierra a|spain,Elsevier,closed,,Elsevier BV
19010196,10.1016/j.transproceed.2008.08.121,2008,pre,Transplantation proceedings,Journal Article,Urgency-code lung transplantation for cystic fibrosis: experience and results.,Salvatierra A,Spain,1,True,,salvatierra a|spain,Elsevier,closed,,Elsevier BV
19009209,10.1590/s1806-37132008001000004,2008,pre,Jornal brasileiro de pneumologia : publicacao oficial da Sociedade Brasileira de Pneumologia e Tisilogia,Journal Article,Prevalence of gastroesophageal reflux in lung transplant candidates with advanced lung disease.,Cardoso PF,Brazil,1,False,,cardoso pf|brazil,OA,gold,https://www.scielo.br/j/jbpneu/a/GSJDFRXK4vZYkHhRDXndsyw/?lang=pt&format=pdf,FapUNIFESP (SciELO)
18971092,10.1016/j.healun.2008.08.004,2008,pre,The Journal of heart and lung transplantation : the official publication of the International Society for Heart Transplantation,Journal Article,Surveillance bronchoscopy in lung transplant recipients: risk versus benefit.,Snell GI,Australia,1,False,,snell gi|australia,Elsevier,closed,,Elsevier BV
18954302,,2008,pre,Experimental and clinical transplantation : official journal of the Middle East Society for Organ Transplantation,Journal Article,Donor-specific HLA alloantibodies: long-term impact on cardiac allograft vasculopathy and mortality after heart transplant.,Ueberfuhr P,Germany,1,True,registry,ueberfuhr p|germany,no-doi,,,
18811889,10.1111/j.1440-1843.2008.01360.x,2008,pre,"Respirology (Carlton, Vic.)",Journal Article,Lung transplantation in Hong Kong: 12 years of experience.,Chiu CS,China,1,False,,chiu cs|china,OA,bronze,https://onlinelibrary.wiley.com/doi/pdfdirect/10.1111/j.1440-1843.2008.01360.x,Wiley
18786233,10.1111/j.1600-6143.2008.02321.x,2008,pre,American journal of transplantation : official journal of the American Society of Transplantation and the American Society of Transplant Surgeons,"Journal Article; Research Support, Non-U.S. Gov't",The role of the IL23/IL17 axis in bronchiolitis obliterans syndrome after lung transplantation.,Verleden GM,Belgium,1,False,,verleden gm|belgium,OA,hybrid,http://www.amjtransplant.org/article/S1600613522056957/pdf,Elsevier BV
18785972,10.1111/j.1365-2249.2008.03764.x,2008,pre,Clinical and experimental immunology,Journal Article,Serum thymus and activation regulated chemokine levels post-lung transplantation as a predictor for the bronchiolitis obliterans syndrome.,Otten HG,Netherlands,1,True,registry,otten hg|netherlands,OA,green,https://www.ncbi.nlm.nih.gov/pmc/articles/2612724,Oxford University Press (OUP)
18785961,10.1111/j.1600-6143.2008.02389.x,2008,pre,American journal of transplantation : official journal of the American Society of Transplantation and the American Society of Transplant Surgeons,"Journal Article; Research Support, N.I.H., Extramural",Late primary graft dysfunction after lung transplantation and bronchiolitis obliterans syndrome.,Hachem RR,United States,1,False,,hachem rr|united states,OA,hybrid,http://www.amjtransplant.org/article/S1600613522030106/pdf,Elsevier BV
18774303,10.1016/j.ejcts.2008.07.052,2008,pre,European journal of cardio-thoracic surgery : official journal of the European Association for Cardio-thoracic Surgery,Journal Article,Redo lung transplantation for acute and chronic lung allograft failure: long-term follow-up in a single center.,De Oliveira NC,United States,1,False,,de oliveira nc|united states,OA,bronze,https://academic.oup.com/ejcts/article-pdf/34/6/1191/17775891/34-6-1191.pdf,Oxford University Press (OUP)
18765192,10.1016/j.healun.2008.06.006,2008,pre,The Journal of heart and lung transplantation : the official publication of the International Society for Heart Transplantation,Journal Article,The killer immunoglobulin-like receptor (KIR) group A haplotype is associated with bronchiolitis obliterans syndrome after lung transplantation.,Otten HG,Netherlands,1,False,,otten hg|netherlands,OA,bronze,http://www.jhltonline.org/article/S1053249808004762/pdf,Elsevier BV
18764833,10.1111/j.1432-2277.2008.00747.x,2008,pre,Transplant international : official journal of the European Society for Organ Transplantation,"Journal Article; Research Support, Non-U.S. Gov't",The orthotopic left lung transplantation in rats: a valuable experimental model without using cuff technique.,Wu YH,China,1,False,,wu yh|china,Other-paywall,closed,,Frontiers Media SA
18699804,10.1111/j.1440-1843.2008.01368.x,2008,pre,"Respirology (Carlton, Vic.)","Comparative Study; Journal Article; Research Support, Non-U.S. Gov't",Obstructive sleep apnoea and nocturnal gastroesophageal reflux are common in lung transplant patients.,Eastwood PR,Australia,1,False,,eastwood pr|australia,Wiley,closed,,Wiley
18675117,10.1016/j.transproceed.2008.05.028,2008,pre,Transplantation proceedings,Journal Article,"Combined cytomegalovirus prophylaxis in lung transplantation: effects on acute rejection, lymphocytic bronchitis/bronchiolitis, and herpesvirus infections.",Baldi S,Italy,1,False,,baldi s|italy,Elsevier,closed,,Elsevier BV
18675114,10.1016/j.transproceed.2008.05.036,2008,pre,Transplantation proceedings,Journal Article; Multicenter Study,Lung transplantation for cystic fibrosis in Italy.,,Italy,1,True,,,Elsevier,closed,,Elsevier BV
18671677,10.1111/j.1600-6143.2008.02338.x,2008,pre,American journal of transplantation : official journal of the American Society of Transplantation and the American Society of Transplant Surgeons,"Journal Article; Research Support, N.I.H., Extramural",Pulmonary hypertension associated with lung transplantation obliterative bronchiolitis and vascular remodeling of the allograft.,Belperio JA,United States,1,False,,belperio ja|united states,OA,hybrid,http://www.amjtransplant.org/article/S1600613522057094/pdf,Elsevier BV
18658110,10.1164/rccm.200711-1657oc,2008,pre,American journal of respiratory and critical care medicine,Comparative Study; Journal Article,Human metapneumovirus in lung transplant recipients and comparison to respiratory syncytial virus.,Nissen M,Australia,1,False,,nissen m|australia,Other-paywall,closed,,Oxford University Press (OUP)
18656804,10.1016/j.healun.2008.04.012,2008,pre,The Journal of heart and lung transplantation : the official publication of the International Society for Heart Transplantation,"Comparative Study; Journal Article; Research Support, Non-U.S. Gov't",Long-term health-related quality of life and walking capacity of lung recipients with and without bronchiolitis obliterans syndrome.,Rochat T,Switzerland,1,False,,rochat t|switzerland,Elsevier,closed,,Elsevier BV
18656801,10.1016/j.healun.2008.05.009,2008,pre,The Journal of heart and lung transplantation : the official publication of the International Society for Heart Transplantation,Comparative Study; Journal Article,Ganciclovir for cytomegalovirus: a call for indefinite prophylaxis in lung transplantation.,Dhillon GS,United States,1,False,,dhillon gs|united states,Elsevier,closed,,Elsevier BV
18656796,10.1016/j.healun.2008.05.022,2008,pre,The Journal of heart and lung transplantation : the official publication of the International Society for Heart Transplantation,"Journal Article; Research Support, Non-U.S. Gov't",Airway colonization and gastric aspiration after lung transplantation: do birds of a feather flock together?,Verleden GM,Belgium,1,False,,verleden gm|belgium,Elsevier,closed,,Elsevier BV
18642456,,2007,pre,Clinical transplants,Journal Article; Multicenter Study,14th International HLA and Immunogenetics Workshop Prospective Chronic Rejection Project: a three-year follow-up analysis.,Zeevi A,United States,1,False,,zeevi a|united states,no-doi,,,
18637473,,2007,pre,Clinical transplants,Journal Article,Increased lung allograft failure in patients with HLA-specific antibody.,Zeevi A,United States,1,False,,zeevi a|united states,no-doi,,,
18637465,,2007,pre,Clinical transplants,Journal Article,The Alfred Hospital lung transplant experience.,Williams TJ,Australia,1,True,registry,williams tj|australia,no-doi,,,
18617642,10.1164/rccm.200701-013oc,2008,pre,American journal of respiratory and critical care medicine,"Journal Article; Research Support, N.I.H., Extramural",CD28 down-regulation on CD4 T cells is a marker for graft dysfunction in lung transplant recipients.,Duncan SR,United States,1,False,,duncan sr|united states,OA,green,https://www.ncbi.nlm.nih.gov/pmc/articles/2556458,Oxford University Press (OUP)
18582800,10.1016/j.healun.2008.03.018,2008,pre,The Journal of heart and lung transplantation : the official publication of the International Society for Heart Transplantation,Journal Article,C3d and C4d deposition early after lung transplantation.,Magro C,Australia,1,False,,magro c|australia,Elsevier,closed,,Elsevier BV
18573422,10.1016/j.athoracsur.2008.03.073,2008,pre,The Annals of thoracic surgery,"Journal Article; Research Support, N.I.H., Extramural",Immunological link between primary graft dysfunction and chronic lung allograft rejection.,Mohanakumar T,United States,1,False,,mohanakumar t|united states,OA,bronze,http://www.annalsthoracicsurgery.org/article/S0003497508006942/pdf,Elsevier BV
18557742,10.1111/j.1600-6143.2008.02284.x,2008,pre,American journal of transplantation : official journal of the American Society of Transplantation and the American Society of Transplant Surgeons,"Comparative Study; Journal Article; Research Support, Non-U.S. Gov't",Airway epithelial cell senescence in the lung allograft.,Fisher AJ,,0,False,,fisher aj|,OA,hybrid,http://www.amjtransplant.org/article/S1600613522055782/pdf,Elsevier BV
18557728,10.1111/j.1600-6143.2008.02298.x,2008,pre,American journal of transplantation : official journal of the American Society of Transplantation and the American Society of Transplant Surgeons,"Journal Article; Research Support, N.I.H., Extramural; Research Support, Non-U.S. Gov't",Chronic aspiration of gastric fluid induces the development of obliterative bronchiolitis in rat lung transplants.,Davis RD,United States,1,False,,davis rd|united states,Elsevier,closed,,Elsevier BV
18551201,10.1155/2008/158681,2008,pre,Canadian respiratory journal,Journal Article,Effect of maintenance azithromycin on established bronchiolitis obliterans syndrome in lung transplant patients.,Bshouty Z,,0,True,registry,bshouty z|,OA,gold,https://downloads.hindawi.com/journals/crj/2008/158681.pdf,Wiley
18513272,10.1111/j.1600-6143.2008.02280.x,2008,pre,American journal of transplantation : official journal of the American Society of Transplantation and the American Society of Transplant Surgeons,"Journal Article; Research Support, N.I.H., Extramural",Altered levels of CC chemokines during pulmonary CMV predict BOS and mortality post-lung transplantation.,Belperio JA,United States,1,False,,belperio ja|united states,OA,green,https://www.ncbi.nlm.nih.gov/pmc/articles/2760345,Elsevier BV
18510629,10.1111/j.1600-6143.2008.02277.x,2008,pre,American journal of transplantation : official journal of the American Society of Transplantation and the American Society of Transplant Surgeons,"Journal Article; Research Support, U.S. Gov't, P.H.S.",Pulmonary hypertension in patients with bronchiolitis obliterans syndrome listed for retransplantation.,Machado RF,United States,1,True,registry,machado rf|united states,OA,hybrid,http://www.amjtransplant.org/article/S1600613522055733/pdf,Elsevier BV
18508823,10.1183/09031936.00110807,2008,pre,The European respiratory journal,"Journal Article; Research Support, Non-U.S. Gov't",Antimicrobial peptides in lung transplant recipients with bronchiolitis obliterans syndrome.,Fisher AJ,,0,False,,fisher aj|,OA,bronze,https://erj.ersjournals.com/content/erj/32/3/670.full.pdf,European Respiratory Society (ERS)
18503962,10.1016/j.healun.2008.02.013,2008,pre,The Journal of heart and lung transplantation : the official publication of the International Society for Heart Transplantation,Comparative Study; Journal Article,Relative impact of human leukocyte antigen mismatching and graft ischemic time after lung transplantation.,Fournier M,France,1,True,,fournier m|france,Elsevier,closed,,Elsevier BV
18487317,10.1136/thx.2007.092056,2008,pre,Thorax,"Journal Article; Research Support, Non-U.S. Gov't",Outcomes of lung transplantation for cystic fibrosis in a large UK cohort.,Corris PA,,0,False,,corris pa|,OA,bronze,https://thorax.bmj.com/content/thoraxjnl/63/8/725.full.pdf,BMJ
18459990,10.1111/j.1442-2050.2008.00828.x,2008,pre,Diseases of the esophagus : official journal of the International Society for Diseases of the Esophagus,"Journal Article; Research Support, N.I.H., Extramural",Lung transplantation in patients with connective tissue disorders and esophageal dysmotility.,Patti MG,United States,1,False,,patti mg|united states,Other-paywall,closed,,Oxford University Press (OUP)
18450681,,2008,pre,"American journal of critical care : an official publication, American Association of Critical-Care Nurses","Journal Article; Research Support, Non-U.S. Gov't",Course of illness after the onset of chronic rejection in lung transplant recipients.,Zangle SE,United States,1,False,,zangle se|united states,no-doi,,,
18442724,10.1016/j.healun.2008.01.023,2008,pre,The Journal of heart and lung transplantation : the official publication of the International Society for Heart Transplantation,Clinical Trial; Journal Article,Early experience with lung transplantation using donors after cardiac death.,Pettersson GB,United States,1,False,,pettersson gb|united states,Elsevier,closed,,Elsevier BV
18442722,10.1016/j.healun.2008.01.022,2008,pre,The Journal of heart and lung transplantation : the official publication of the International Society for Heart Transplantation,Journal Article; Randomized Controlled Trial,Rabbit anti-thymocyte globulin induction therapy does not prolong survival after lung transplantation.,Davis RD,United States,1,True,rct,davis rd|united states,Elsevier,closed,,Elsevier BV
18442719,10.1016/j.healun.2007.12.013,2008,pre,The Journal of heart and lung transplantation : the official publication of the International Society for Heart Transplantation,Comparative Study; Journal Article,Infections in lung allograft recipients: ganciclovir era.,Wang G,United States,1,False,,wang g|united states,Elsevier,closed,,Elsevier BV
18435685,10.1111/j.1432-2277.2008.00670.x,2008,pre,Transplant international : official journal of the European Society for Organ Transplantation,"Journal Article; Research Support, Non-U.S. Gov't",Azithromycin reduces airway inflammation in a murine model of lung ischaemia reperfusion injury.,Van Raemdonck DE,Belgium,1,False,,van raemdonck de|belgium,Other-paywall,closed,,Frontiers Media SA
18408050,10.1136/thx.2007.089458,2008,pre,Thorax,Journal Article; Multicenter Study,Clinical outcome following lung transplantation in patients with cystic fibrosis colonised with Burkholderia cepacia complex: results from two French centres.,Stern M,France,1,False,,stern m|france,OA,bronze,https://thorax.bmj.com/content/thoraxjnl/63/8/732.full.pdf,BMJ
20477248,10.1586/17476348.2.2.183,2008,pre,Expert review of respiratory medicine,Journal Article,Optimizing post-transplant outcomes in lung transplantation.,Meyer KC,United States,1,True,registry,meyer kc|united states,Other-paywall,closed,,Informa UK Limited
18354170,10.4049/jimmunol.180.7.4487,2008,pre,"Journal of immunology (Baltimore, Md. : 1950)","Journal Article; Research Support, N.I.H., Extramural",De novo production of K-alpha1 tubulin-specific antibodies: role in chronic lung allograft rejection.,Mohanakumar T,United States,1,False,,mohanakumar t|united states,OA,bronze,https://www.jimmunol.org/content/jimmunol/180/7/4487.full.pdf,Oxford University Press (OUP)
18347533,10.1097/tp.0b013e3181641df9,2008,pre,Transplantation,"Journal Article; Research Support, Non-U.S. Gov't",Minimal acute cellular rejection remains prevalent up to 2 years after lung transplantation: a retrospective analysis of 2697 transbronchial biopsies.,Andersen CB,Denmark,1,False,,andersen cb|denmark,WoltersKluwer,closed,,Ovid Technologies (Wolters Kluwer Health)
18342749,10.1016/j.healun.2007.12.010,2008,pre,The Journal of heart and lung transplantation : the official publication of the International Society for Heart Transplantation,Journal Article,Exudative bronchiolitis after lung transplantation.,Wilsher ML,,0,False,,wilsher ml|,Elsevier,closed,,Elsevier BV
18337673,10.1097/tp.0b013e31816651de,2008,pre,Transplantation,Journal Article,Pseudomonas aeruginosa colonization of the allograft after lung transplantation and the risk of bronchiolitis obliterans syndrome.,Fisher AJ,United Kingdom,1,False,,fisher aj|united kingdom,WoltersKluwer,closed,,Ovid Technologies (Wolters Kluwer Health)
18329476,10.1016/j.jtcvs.2007.10.044,2008,pre,The Journal of thoracic and cardiovascular surgery,"Comparative Study; Journal Article; Research Support, N.I.H., Extramural","Effects of induction immunosuppression regimen on acute rejection, bronchiolitis obliterans, and survival after lung transplantation.",Jones DR,United States,1,True,registry,jones dr|united states,OA,bronze,http://www.jtcvs.org/article/S0022522307018739/pdf,Elsevier BV
18312477,10.1111/j.1399-3062.2008.00305.x,2008,pre,Transplant infectious disease : an official journal of the Transplantation Society,Journal Article,Clostridium difficile colitis in lung transplantation.,Valentine VG,United States,1,False,,valentine vg|united states,Wiley,closed,,Wiley
18269330,10.1086/528689,2008,pre,Clinical infectious diseases : an official publication of the Infectious Diseases Society of America,"Clinical Trial; Journal Article; Research Support, Non-U.S. Gov't",Ganciclovir/valganciclovir prophylaxis decreases cytomegalovirus-related events and bronchiolitis obliterans syndrome after lung transplantation.,Boehler A,Switzerland,1,True,registry,boehler a|switzerland,OA,bronze,https://academic.oup.com/cid/article-pdf/46/6/831/996818/46-6-831.pdf,Oxford University Press (OUP)
18267228,10.1016/j.healun.2007.11.571,2008,pre,The Journal of heart and lung transplantation : the official publication of the International Society for Heart Transplantation,Journal Article,Natural killer cells in peripheral blood and lung tissue are associated with chronic rejection after lung transplantation.,Leonard CT,,0,False,,leonard ct|,Elsevier,closed,,Elsevier BV
18263803,10.1164/rccm.200706-951oc,2008,pre,American journal of respiratory and critical care medicine,Comparative Study; Journal Article,Severity of lymphocytic bronchiolitis predicts long-term outcome after lung transplantation.,Malouf MA,United Kingdom,1,False,,malouf ma|united kingdom,Other-paywall,closed,,Oxford University Press (OUP)
18256072,10.1183/09031936.00128607,2008,pre,The European respiratory journal,Journal Article,Pseudomonal airway colonisation: risk factor for bronchiolitis obliterans syndrome after lung transplantation?,Verleden GM,Belgium,1,False,,verleden gm|belgium,OA,bronze,https://erj.ersjournals.com/content/erj/31/5/1037.full.pdf,European Respiratory Society (ERS)
18250985,10.1007/s12149-007-0078-z,2008,pre,Annals of nuclear medicine,Comparative Study; Evaluation Study; Journal Article,Assessment of mean transit time in the engrafted lung with 133Xe lung ventilation scintigraphy improves diagnosis of bronchiolitis obliterans syndrome in living-donor lobar lung transplant recipients.,Kanazawa S,Japan,1,False,,kanazawa s|japan,Springer,closed,,Springer Science and Business Media LLC
18242277,10.1016/j.jtcvs.2007.09.030,2008,pre,The Journal of thoracic and cardiovascular surgery,Journal Article,Lung transplantation in older patients?,Ardehali A,United States,1,True,registry,ardehali a|united states,OA,bronze,http://www.jtcvs.org/article/S002252230701608X/pdf,Elsevier BV
18212627,10.1097/tp.0b013e318160268a,2008,pre,Transplantation,"Journal Article; Research Support, N.I.H., Extramural",Bronchoalveolar lavage cell gene expression in acute lung rejection: development of a diagnostic classifier.,Hertz MI,United States,1,False,,hertz mi|united states,WoltersKluwer,closed,,Ovid Technologies (Wolters Kluwer Health)
18203812,10.1152/ajplung.00386.2007,2008,pre,American journal of physiology. Lung cellular and molecular physiology,"Journal Article; Research Support, Non-U.S. Gov't",Simvastatin attenuates release of neutrophilic and remodeling factors from primary bronchial epithelial cells derived from stable lung transplant recipients.,Lordan JL,,0,False,,lordan jl|,Other-paywall,closed,,American Physiological Society
18194133,,2007,pre,Experimental and clinical transplantation : official journal of the Middle East Society for Organ Transplantation,Journal Article,Alteration of direct and indirect effects of cytomegalovirus.,Rostaing L,,0,True,registry,rostaing l|,no-doi,,,
18192909,10.1097/01.tp.0000295981.84633.bc,2008,pre,Transplantation,Clinical Trial; Journal Article,Long-term azithromycin for bronchiolitis obliterans syndrome after lung transplantation.,Welte T,Germany,1,False,,welte t|germany,WoltersKluwer,closed,,Ovid Technologies (Wolters Kluwer Health)
18187088,10.1016/j.healun.2007.09.023,2008,pre,The Journal of heart and lung transplantation : the official publication of the International Society for Heart Transplantation,Journal Article,Pulmonary retransplantation: is it worth the effort? A long-term analysis of 46 cases.,Klepetko W,Austria,1,False,,klepetko w|austria,Elsevier,closed,,Elsevier BV
19708455,,2008,pre,Clinical transplants,Journal Article,Contemporary lung transplantation: the UCLA experience.,,,0,True,registry,,no-doi,,,
19578518,10.4137/bmi.s686,2008,pre,Biomarker insights,Journal Article,Activation of Tissue Remodeling Precedes Obliterative Bronchiolitis in Lung Transplant Recipients.,Roman J,,0,False,,roman j|,OA,gold,https://journals.sagepub.com/doi/pdf/10.4137/BMI.S686,SAGE Publications
18091523,10.1097/01.tp.0000288321.67926.13,2007,pre,Transplantation,"Journal Article; Research Support, N.I.H., Extramural; Research Support, Non-U.S. Gov't",Operational tolerance to class I disparate lungs can be induced despite pretransplant immunization with class I allopeptides.,Allan JS,United States,1,False,,allan js|united states,WoltersKluwer,closed,,Ovid Technologies (Wolters Kluwer Health)
18086521,10.1016/j.rmed.2007.11.001,2008,pre,Respiratory medicine,"Journal Article; Research Support, Non-U.S. Gov't",Broncho-alveolar lavage fluid recovery correlates with airway neutrophilia in lung transplant patients.,Verleden GM,Belgium,1,False,,verleden gm|belgium,OA,bronze,http://www.resmedjournal.com/article/S0954611107004453/pdf,Elsevier BV
18060031,10.1172/jci32311,2007,pre,The Journal of clinical investigation,"Journal Article; Research Support, N.I.H., Extramural; Research Support, Non-U.S. Gov't",Microvascular destruction identifies murine allografts that cannot be rescued from airway fibrosis.,Nicolls MR,United States,1,True,registry,nicolls mr|united states,OA,bronze,http://www.jci.org/articles/view/32311/files/pdf,American Society for Clinical Investigation
18057058,10.1183/09031936.00064807,2008,pre,The European respiratory journal,"Journal Article; Research Support, Non-U.S. Gov't",Gastro-oesophageal reflux and gastric aspiration in lung transplant patients with or without chronic rejection.,Dupont LJ,Belgium,1,False,,dupont lj|belgium,OA,bronze,https://erj.ersjournals.com/content/erj/31/4/707.full.pdf,European Respiratory Society (ERS)
18047937,10.1016/j.trim.2007.08.004,2008,pre,Transplant immunology,Journal Article,"Chemokine redundancy in BOS pathogenesis. A possible role also for the CC chemokines: MIP3-beta, MIP3-alpha, MDC and their specific receptors.",Fietta AM,Italy,1,False,,fietta am|italy,Elsevier,closed,,Elsevier BV
18047935,10.1016/j.trim.2007.07.007,2008,pre,Transplant immunology,"Journal Article; Research Support, N.I.H., Extramural",Soluble CD30 levels as a diagnostic marker for bronchiolitis obliterans syndrome following human lung transplantation.,Mohanakumar T,United States,1,False,,mohanakumar t|united states,OA,green,https://www.ncbi.nlm.nih.gov/pmc/articles/2170881,Elsevier BV
18022080,10.1016/j.healun.2007.07.038,2007,pre,The Journal of heart and lung transplantation : the official publication of the International Society for Heart Transplantation,Journal Article,Assessing oropharyngeal dysphagia after lung transplantation: altered swallowing mechanisms and increased morbidity.,Davis RD,United States,1,False,,davis rd|united states,Elsevier,closed,,Elsevier BV
18022079,10.1016/j.healun.2007.08.009,2007,pre,The Journal of heart and lung transplantation : the official publication of the International Society for Heart Transplantation,"Journal Article; Research Support, Non-U.S. Gov't",Bronchoalveolar lavage fluid proteome in bronchiolitis obliterans syndrome: possible role for surfactant protein A in disease onset.,Fietta AM,Italy,1,False,,fietta am|italy,Elsevier,closed,,Elsevier BV
18022078,10.1016/j.healun.2007.07.041,2007,pre,The Journal of heart and lung transplantation : the official publication of the International Society for Heart Transplantation,Journal Article,Post-transplant baseline FEV1 and the development of bronchiolitis obliterans syndrome: an important confounder?,Scheike T,Denmark,1,False,,scheike t|denmark,Elsevier,closed,,Elsevier BV
17984845,10.1097/01.tp.0000281408.20686.cb,2007,pre,Transplantation,"Journal Article; Research Support, Non-U.S. Gov't",T regulatory cells in stable posttransplant bronchiolitis obliterans syndrome.,Reynaud-Gaubert M,France,1,True,registry,reynaud-gaubert m|france,WoltersKluwer,closed,,Ovid Technologies (Wolters Kluwer Health)
17976973,10.1016/j.rmed.2007.09.010,2008,pre,Respiratory medicine,Journal Article,The value of D-dimer in lung transplant recipients with bronchiolitis obliterans syndrome.,Kramer MR,Israel,1,False,,kramer mr|israel,Elsevier,closed,,Elsevier BV
17965778,10.1172/jci28031,2007,pre,The Journal of clinical investigation,"Journal Article; Research Support, N.I.H., Extramural; Research Support, Non-U.S. Gov't; Research Support, U.S. Gov't, Non-P.H.S.",IL-17-dependent cellular immunity to collagen type V predisposes to obliterative bronchiolitis in human lung transplants.,Wilkes DS,United States,1,False,,wilkes ds|united states,OA,bronze,http://www.jci.org/articles/view/28031/files/pdf,American Society for Clinical Investigation
17926041,10.1007/s00330-007-0778-8,2008,pre,European radiology,"Journal Article; Research Support, Non-U.S. Gov't",Oxygen-sensitive 3He-MRI in bronchiolitis obliterans after lung transplantation.,Eberle B,Germany,1,False,,eberle b|germany,OA,hybrid,https://link.springer.com/content/pdf/10.1007/s00330-007-0778-8.pdf,Springer Science and Business Media LLC
17924993,10.1111/j.1600-6143.2007.02000.x,2007,pre,American journal of transplantation : official journal of the American Society of Transplantation and the American Society of Transplant Surgeons,"Clinical Trial; Journal Article; Research Support, N.I.H., Extramural",Alemtuzumab in the treatment of refractory acute rejection and bronchiolitis obliterans syndrome after human lung transplantation.,Palmer SM,United States,1,False,,palmer sm|united states,OA,bronze,https://onlinelibrary.wiley.com/doi/pdfdirect/10.1111/j.1600-6143.2007.02000.x,Elsevier BV
17919621,10.1016/j.healun.2007.07.027,2007,pre,The Journal of heart and lung transplantation : the official publication of the International Society for Heart Transplantation,Comparative Study; Journal Article; Randomized Controlled Trial,A randomized controlled trial of tacrolimus versus cyclosporine after lung transplantation.,Trulock EP,United States,1,True,rct,trulock ep|united states,Elsevier,closed,,Elsevier BV
17919620,10.1016/j.healun.2007.07.018,2007,pre,The Journal of heart and lung transplantation : the official publication of the International Society for Heart Transplantation,Journal Article,Primary graft dysfunction and long-term pulmonary function after lung transplantation.,Dahlberg PS,United States,1,False,,dahlberg ps|united states,Elsevier,closed,,Elsevier BV
20477190,10.1586/17476348.1.2.271,2007,pre,Expert review of respiratory medicine,Journal Article,Genetics and genomics in human lung transplantation.,Palmer SM,United States,1,True,registry,palmer sm|united states,Other-paywall,closed,,Informa UK Limited
17900918,10.1016/j.ejcts.2007.08.024,2007,pre,European journal of cardio-thoracic surgery : official journal of the European Association for Cardio-thoracic Surgery,Evaluation Study; Journal Article,Heart-lung and lung transplantation in grown-up congenital heart disease: long-term single centre experience.,Strueber M,Germany,1,False,,strueber m|germany,OA,bronze,https://academic.oup.com/ejcts/article-pdf/32/6/926/17775113/32-6-926.pdf,Oxford University Press (OUP)
17890480,10.1378/chest.06-2763,2007,pre,Chest,Journal Article,FVC to slow inspiratory vital capacity ratio: a potential marker for small airways obstruction.,Douma WR,Netherlands,1,False,,douma wr|netherlands,Elsevier,closed,,Elsevier BV
17889206,10.1016/j.transproceed.2007.06.071,2007,pre,Transplantation proceedings,Journal Article,Conversion from cyclosporine to tacrolimus stabilizes the course of lung function in lung transplant recipients with bronchiolitis obliterans syndrome.,Santos F,Spain,1,True,registry,santos f|spain,Elsevier,closed,,Elsevier BV
17889122,10.1016/j.transproceed.2007.07.078,2007,pre,Transplantation proceedings,Journal Article,Pirfenidone: a novel potential therapeutic agent in the management of chronic allograft rejection.,Dosanjh A,United States,1,False,,dosanjh a|united states,OA,green,https://escholarship.org/content/qt1pk8g96t/qt1pk8g96t.pdf,Elsevier BV
17767432,10.5694/j.1326-5377.2007.tb01243.x,2007,pre,The Medical journal of Australia,Clinical Trial; Journal Article,Successful lung transplantation for adolescents at a hospital for adults.,Glanville AR,Australia,1,False,,glanville ar|australia,Other-paywall,closed,,AMPCo
17624136,10.1177/152692480701700209,2007,pre,"Progress in transplantation (Aliso Viejo, Calif.)",Journal Article,Quality of life and bronchiolitis obliterans syndrome in patients after lung transplantation.,Strueber M,Germany,1,False,,strueber m|germany,Other-paywall,closed,,SAGE Publications
17620461,10.1148/rg.274065141,2007,pre,"Radiographics : a review publication of the Radiological Society of North America, Inc",Journal Article,Postoperative complications of lung transplantation: radiologic findings along a time continuum.,Aberle DR,United States,1,False,,aberle dr|united states,Other-paywall,closed,,Radiological Society of North America (RSNA)
17613398,10.1016/j.healun.2007.04.008,2007,pre,The Journal of heart and lung transplantation : the official publication of the International Society for Heart Transplantation,Evaluation Study; Journal Article,Long-term improvement in pulmonary function after living donor lobar lung transplantation.,Sano Y,Japan,1,False,,sano y|japan,Elsevier,closed,,Elsevier BV
17613397,10.1016/j.healun.2007.04.004,2007,pre,The Journal of heart and lung transplantation : the official publication of the International Society for Heart Transplantation,Journal Article,Long-term survival after lung transplantation depends on development and severity of bronchiolitis obliterans syndrome.,Iversen M,Denmark,1,False,,iversen m|denmark,Elsevier,closed,,Elsevier BV
17613395,10.1016/j.healun.2007.05.004,2007,pre,The Journal of heart and lung transplantation : the official publication of the International Society for Heart Transplantation,"Journal Article; Randomized Controlled Trial; Research Support, Non-U.S. Gov't",Interleukin-17 and airway inflammation: a longitudinal airway biopsy study after lung transplantation.,Kotsimbos TC,Australia,1,True,rct,kotsimbos tc|australia,Elsevier,closed,,Elsevier BV
17565316,10.1097/01.tp.0000266067.44499.07,2007,pre,Transplantation,Journal Article,Lower incidence of bronchiolitis obliterans in pediatric liver-lung transplant recipients with cystic fibrosis.,Sweet SC,United States,1,False,,sweet sc|united states,WoltersKluwer,closed,,Ovid Technologies (Wolters Kluwer Health)
17524078,10.1111/j.1600-6143.2007.01850.x,2007,pre,American journal of transplantation : official journal of the American Society of Transplantation and the American Society of Transplant Surgeons,"Journal Article; Research Support, Non-U.S. Gov't",Lung transplant metalloproteinase levels are elevated prior to bronchiolitis obliterans syndrome.,Wilkes DS,United States,1,False,,wilkes ds|united states,Elsevier,closed,,Elsevier BV
17505414,,2007,pre,Annals of thoracic and cardiovascular surgery : official journal of the Association of Thoracic and Cardiovascular Surgeons of Asia,Journal Article,Met-RANTES ameliorates fibrous airway obliteration and decreases ERK expression in a murine model of bronchiolitis obliterans.,Kato H,Japan,1,False,,kato h|japan,no-doi,,,
17493527,10.1016/j.trim.2007.01.006,2007,pre,Transplant immunology,Journal Article,Presensitization accelerates chronic allograft rejection in a heterotopic rat tracheal allograft model with immunosuppression.,Shimizu N,Japan,1,True,registry,shimizu n|japan,Elsevier,closed,,Elsevier BV
17456202,10.1111/j.1600-6143.2006.01681.x,2007,pre,American journal of transplantation : official journal of the American Society of Transplantation and the American Society of Transplant Surgeons,Journal Article,The effect of recipient's age on lung transplant outcome.,Hutcheon M,Canada,1,False,,hutcheon m|canada,Elsevier,closed,,Elsevier BV
17449425,10.1016/j.healun.2007.01.028,2007,pre,The Journal of heart and lung transplantation : the official publication of the International Society for Heart Transplantation,Journal Article,Results of clinical lung transplant from uncontrolled non-heart-beating donors.,Varela A,Spain,1,False,,varela a|spain,Elsevier,closed,,Elsevier BV
17449415,10.1016/j.healun.2007.01.037,2007,pre,The Journal of heart and lung transplantation : the official publication of the International Society for Heart Transplantation,Comparative Study; Journal Article,Outcomes after lung transplantation in patients with chronic hepatitis C virus infection.,Budev M,United States,1,False,,budev m|united states,Elsevier,closed,,Elsevier BV
17414715,10.1097/01.tp.0000258600.05531.5d,2007,pre,Transplantation,"Journal Article; Research Support, N.I.H., Extramural","Metalloproteinase inhibition has differential effects on alloimmunity, autoimmunity, and histopathology in the transplanted lung.",Wilkes DS,United States,1,False,,wilkes ds|united states,WoltersKluwer,closed,,Ovid Technologies (Wolters Kluwer Health)
17413126,10.1164/rccm.200610-1485oc,2007,pre,American journal of respiratory and critical care medicine,"Journal Article; Research Support, Non-U.S. Gov't","Pepsin, a biomarker of gastric aspiration in lung allografts: a putative association with rejection.",Ward C,United Kingdom,1,False,,ward c|united kingdom,Other-paywall,closed,,Oxford University Press (OUP)
17393239,10.1007/s00408-006-0036-x,2007,pre,Lung,Evaluation Study; Journal Article,Improved survival following lung transplantation with long-term use of bilevel positive pressure ventilation in cystic fibrosis.,Modan-Moses D,Israel,1,False,,modan-moses d|israel,Springer,closed,,Springer Science and Business Media LLC
17347496,10.1164/rccm.200609-1344oc,2007,pre,American journal of respiratory and critical care medicine,"Journal Article; Research Support, N.I.H., Extramural; Research Support, Non-U.S. Gov't",Course of FEV(1) after onset of bronchiolitis obliterans syndrome in lung transplant recipients.,Martinez FJ,United States,1,False,,martinez fj|united states,OA,green,https://www.ncbi.nlm.nih.gov/pmc/articles/1899272,Oxford University Press (OUP)
17326196,10.1002/micr.20329,2007,pre,Microsurgery,Journal Article,Experimental orthotopic tracheal transplantation: The Stanford technique.,Pelletier MP,United States,1,True,registry,pelletier mp|united states,OA,bronze,https://onlinelibrary.wiley.com/doi/pdfdirect/10.1002/micr.20329,Wiley
17318076,10.1097/01.tp.0000252784.60159.96,2007,pre,Transplantation,Journal Article,Epstein-Barr virus-DNA load monitoring late after lung transplantation: a surrogate marker of the degree of immunosuppression and a safe guide to reduce immunosuppression.,van der Bij W,Netherlands,1,True,registry,van der bij w|netherlands,WoltersKluwer,closed,,Ovid Technologies (Wolters Kluwer Health)
17311089,10.1371/journal.pone.0000226,2007,pre,PloS one,"Journal Article; Research Support, N.I.H., Extramural; Research Support, Non-U.S. Gov't",Pin1 modulates the type 1 immune response.,Malter JS,United States,1,True,registry,malter js|united states,OA,gold,https://journals.plos.org/plosone/article/file?id=10.1371/journal.pone.0000226&type=printable,Public Library of Science (PLoS)
17275508,10.1016/j.transproceed.2006.10.227,2007,pre,Transplantation proceedings,"Journal Article; Research Support, Non-U.S. Gov't",Peripheral CD4(+)CD25(+) TREG cell counts and the response to extracorporeal photopheresis in lung transplant recipients.,Fietta AM,Italy,1,True,registry,fietta am|italy,Elsevier,closed,,Elsevier BV
17275507,10.1016/j.transproceed.2006.10.030,2007,pre,Transplantation proceedings,"Controlled Clinical Trial; Journal Article; Research Support, Non-U.S. Gov't",Induction therapy in lung transplantation: initial single-center experience comparing daclizumab and antithymocyte globulin.,Pafko P,,0,True,registry,pafko p|,Elsevier,closed,,Elsevier BV
17264811,10.1097/01.tp.0000250579.08042.b6,2007,pre,Transplantation,"Journal Article; Research Support, N.I.H., Extramural; Research Support, Non-U.S. Gov't",Early posttransplant inflammation promotes the development of alloimmunity and chronic human lung allograft rejection.,Mohanakumar T,United States,1,True,registry,mohanakumar t|united states,WoltersKluwer,closed,,Ovid Technologies (Wolters Kluwer Health)
17258598,10.1016/j.jtcvs.2006.09.002,2007,pre,The Journal of thoracic and cardiovascular surgery,Comparative Study; Journal Article,Efficacy and safety of inhaled tacrolimus in rat lung transplantation.,Nakashima M,Japan,1,True,registry,nakashima m|japan,OA,bronze,http://www.jtcvs.org/article/S002252230601693X/pdf,Elsevier BV
17258592,10.1016/j.jtcvs.2006.09.054,2007,pre,The Journal of thoracic and cardiovascular surgery,Comparative Study; Journal Article,Impact of donors aged 60 years or more on outcome after lung transplantation: results of an 11-year single-center experience.,Keshavjee S,Canada,1,False,,keshavjee s|canada,OA,bronze,http://www.jtcvs.org/article/S0022522306018897/pdf,Elsevier BV
17258154,10.1016/j.healun.2006.11.006,2007,pre,The Journal of heart and lung transplantation : the official publication of the International Society for Heart Transplantation,Comparative Study; Journal Article,Long-term health-related quality of life after lung transplantation: different predictors for different dimensions.,TenVergert EM,Netherlands,1,False,,tenvergert em|netherlands,Elsevier,closed,,Elsevier BV
17234904,10.1164/rccm.200609-1301oc,2007,pre,American journal of respiratory and critical care medicine,"Comparative Study; Journal Article; Research Support, Non-U.S. Gov't",Early detection of chronic pulmonary allograft dysfunction by exhaled biomarkers.,Estenne M,Belgium,1,False,,estenne m|belgium,Other-paywall,closed,,Oxford University Press (OUP)
17217435,10.1111/j.1600-6143.2007.01669.x,2007,pre,American journal of transplantation : official journal of the American Society of Transplantation and the American Society of Transplant Surgeons,"Journal Article; Research Support, N.I.H., Extramural; Research Support, N.I.H., Intramural",Genetic regulation of rejection and survival following human lung transplantation by the innate immune receptor CD14.,Schwartz DA,United States,1,False,,schwartz da|united states,OA,hybrid,http://www.amjtransplant.org/article/S1600613522146277/pdf,Elsevier BV
17198242,10.1097/01.tp.0000241076.46033.4c,2006,pre,Transplantation,Journal Article,Elevated soluble CD30 correlates with development of bronchiolitis obliterans syndrome following lung transplantation.,Mohanakumar T,United States,1,True,registry,mohanakumar t|united states,WoltersKluwer,closed,,Ovid Technologies (Wolters Kluwer Health)
17182591,10.4049/jimmunol.178.1.511,2007,pre,"Journal of immunology (Baltimore, Md. : 1950)","Journal Article; Research Support, N.I.H., Extramural",IL-13 is pivotal in the fibro-obliterative process of bronchiolitis obliterans syndrome.,Belperio JA,United States,1,False,,belperio ja|united states,Other-paywall,closed,,Oxford University Press (OUP)
17178338,10.1016/j.healun.2006.09.005,2006,pre,The Journal of heart and lung transplantation : the official publication of the International Society for Heart Transplantation,"Journal Article; Research Support, Non-U.S. Gov't",The phosphodiesterase type IV inhibitor cilomilast decreases pro-inflammatory cytokine production from primary bronchial epithelial cells in lung transplantation patients.,Corris PA,United Kingdom,1,False,,corris pa|united kingdom,Elsevier,closed,,Elsevier BV
17178336,10.1016/j.healun.2006.09.022,2006,pre,The Journal of heart and lung transplantation : the official publication of the International Society for Heart Transplantation,Journal Article,Identification of non-HLA target antigens recognized after lung transplantation.,van de Graaf EA,Netherlands,1,False,,van de graaf ea|netherlands,Elsevier,closed,,Elsevier BV
17175245,10.1016/j.transproceed.2006.10.161,2006,pre,Transplantation proceedings,Journal Article,An MHC class II disparity raises the threshold for tolerance induction in pulmonary allografts in miniature swine.,Allan JS,United States,1,True,registry,allan js|united states,OA,green,https://www.ncbi.nlm.nih.gov/pmc/articles/1766937,Elsevier BV
17161354,10.1016/j.intimp.2006.07.019,2006,pre,International immunopharmacology,"Journal Article; Research Support, Non-U.S. Gov't",Peripheral CD4+ CD25+ Treg cell expansion in lung transplant recipients is not affected by calcineurin inhibitors.,Fietta AM,Italy,1,True,registry,fietta am|italy,Elsevier,closed,,Elsevier BV
17158279,10.1164/rccm.200608-1079oc,2007,pre,American journal of respiratory and critical care medicine,Journal Article,Impact of immediate primary lung allograft dysfunction on bronchiolitis obliterans syndrome.,Hachem RR,United States,1,False,,hachem rr|united states,Other-paywall,closed,,Oxford University Press (OUP)
17134909,10.1016/j.ejcts.2006.10.024,2007,pre,European journal of cardio-thoracic surgery : official journal of the European Association for Cardio-thoracic Surgery,Journal Article,Outcome of lung transplanted patients with primary graft dysfunction.,Andersen CB,Denmark,1,False,,andersen cb|denmark,OA,bronze,https://academic.oup.com/ejcts/article-pdf/31/1/75/17784678/31-1-75.pdf,Oxford University Press (OUP)
17112886,10.1016/j.transproceed.2006.08.105,2006,pre,Transplantation proceedings,"Journal Article; Research Support, Non-U.S. Gov't",Initial single-center experience with sirolimus after lung transplantation.,Pafko P,,0,True,registry,pafko p|,Elsevier,closed,,Elsevier BV
17097497,10.1016/j.healun.2006.07.001,2006,pre,The Journal of heart and lung transplantation : the official publication of the International Society for Heart Transplantation,Evaluation Study; Journal Article,Cytokine gene polymorphisms are not associated with bronchiolitis obliterans syndrome or survival after lung transplant.,Palmer SM,United States,1,False,,palmer sm|united states,Elsevier,closed,,Elsevier BV
17061983,10.1111/j.1600-6143.2006.01586.x,2007,pre,American journal of transplantation : official journal of the American Society of Transplantation and the American Society of Transplant Surgeons,"Journal Article; Research Support, Non-U.S. Gov't",Macrolides inhibit IL17-induced IL8 and 8-isoprostane release from human airway smooth muscle cells.,Verleden GM,Belgium,1,True,registry,verleden gm|belgium,OA,hybrid,http://www.amjtransplant.org/article/S1600613522145429/pdf,Elsevier BV
17049055,10.1111/j.1600-6143.2006.01537.x,2006,pre,American journal of transplantation : official journal of the American Society of Transplantation and the American Society of Transplant Surgeons,"Journal Article; Research Support, N.I.H., Extramural; Research Support, Non-U.S. Gov't",The role of hyaluronan degradation products as innate alloimmune agonists.,Goldstein DR,United States,1,False,,goldstein dr|united states,Elsevier,closed,,Elsevier BV
16996912,10.1016/j.athoracsur.2006.03.122,2006,pre,The Annals of thoracic surgery,"Journal Article; Research Support, N.I.H., Extramural",Role of airway epithelial injury in murine orthotopic tracheal allograft rejection.,Mohanakumar T,United States,1,False,,mohanakumar t|united states,Elsevier,closed,,Elsevier BV
16969297,10.1097/01.tp.0000234952.46013.df,2006,pre,Transplantation,"Journal Article; Research Support, Non-U.S. Gov't",Serum KL-6 as a marker for bronchiolitis obliterans syndrome after lung transplantation.,Elidemir O,United States,1,False,,elidemir o|united states,WoltersKluwer,closed,,Ovid Technologies (Wolters Kluwer Health)
16963685,10.1378/chest.130.3.847,2006,pre,Chest,Comparative Study; Journal Article,Sequential gene expression profiling in lung transplant recipients with chronic rejection.,Bhorade SM,United States,1,False,,bhorade sm|united states,Elsevier,closed,,Elsevier BV
16928532,10.1016/j.athoracsur.2006.03.120,2006,pre,The Annals of thoracic surgery,"Comparative Study; Journal Article; Research Support, N.I.H., Extramural",Respiratory viral infection in obliterative airway disease after orthotopic tracheal transplantation.,Mohanakumar T,United States,1,True,registry,mohanakumar t|united states,OA,bronze,http://www.annalsthoracicsurgery.org/article/S0003497506008289/pdf,Elsevier BV
16890113,10.1016/j.healun.2006.03.020,2006,pre,The Journal of heart and lung transplantation : the official publication of the International Society for Heart Transplantation,Journal Article,Cyclosporine C2 target levels and acute cellular rejection after lung transplantation.,Malouf MA,United Kingdom,1,False,,malouf ma|united kingdom,Elsevier,closed,,Elsevier BV
16889547,10.1111/j.1600-6143.2006.01357.x,2006,pre,American journal of transplantation : official journal of the American Society of Transplantation and the American Society of Transplant Surgeons,"Journal Article; Research Support, Non-U.S. Gov't",The effect of reflux and bile acid aspiration on the lung allograft and its surfactant and innate immunity molecules SP-A and SP-D.,Keshavjee S,Canada,1,False,,keshavjee s|canada,OA,hybrid,http://www.amjtransplant.org/article/S1600613522039405/pdf,Elsevier BV
16889540,10.1111/j.1600-6143.2006.01383.x,2006,pre,American journal of transplantation : official journal of the American Society of Transplantation and the American Society of Transplant Surgeons,"Clinical Trial; Journal Article; Research Support, N.I.H., Extramural; Research Support, Non-U.S. Gov't",CD4+25+ regulatory T cells limit Th1-autoimmunity by inducing IL-10 producing T cells following human lung transplantation.,Mohanakumar T,United States,1,False,,mohanakumar t|united states,OA,bronze,https://onlinelibrary.wiley.com/doi/pdfdirect/10.1111/j.1600-6143.2006.01383.x,Elsevier BV
16872970,10.1016/j.jtcvs.2005.12.059,2006,pre,The Journal of thoracic and cardiovascular surgery,Comparative Study; Journal Article,Long-term outcome after pulmonary retransplantation.,Haverich A,Germany,1,False,,haverich a|germany,OA,bronze,http://www.jtcvs.org/article/S0022522306002030/pdf,Elsevier BV
16833168,,2006,pre,The Israel Medical Association journal : IMAJ,Journal Article; Multicenter Study,Lung transplantation in patients with cystic fibrosis: the Israeli experience.,Kramer MR,Israel,1,False,,kramer mr|israel,no-doi,,,
16797347,10.1016/j.transproceed.2006.02.080,2006,pre,Transplantation proceedings,Journal Article,Is third-time heart retransplantation justifiable?,Laks H,United States,1,True,registry,laks h|united states,Elsevier,closed,,Elsevier BV
16796722,10.1111/j.1600-6143.2006.01430.x,2006,pre,American journal of transplantation : official journal of the American Society of Transplantation and the American Society of Transplant Surgeons,"Journal Article; Research Support, Non-U.S. Gov't",Myofibroblast transdifferentiation in obliterative bronchiolitis: tgf-beta signaling through smad3-dependent and -independent pathways.,Roman J,United States,1,False,,roman j|united states,OA,hybrid,http://www.amjtransplant.org/article/S1600613522039909/pdf,Elsevier BV
16741151,10.1164/rccm.200601-071oc,2006,pre,American journal of respiratory and critical care medicine,"Clinical Trial; Journal Article; Research Support, Non-U.S. Gov't",Azithromycin reduces airway neutrophilia and interleukin-8 in patients with bronchiolitis obliterans syndrome.,Van Raemdonck DE,Belgium,1,True,registry,van raemdonck de|belgium,Other-paywall,closed,,Oxford University Press (OUP)
16732179,10.1097/01.tp.0000209439.27719.ed,2006,pre,Transplantation,Clinical Trial; Journal Article,Combined CMV prophylaxis improves outcome and reduces the risk for bronchiolitis obliterans syndrome (BOS) after lung transplantation.,Müller LC,Austria,1,False,,müller lc|austria,WoltersKluwer,closed,,Ovid Technologies (Wolters Kluwer Health)
16728708,10.1164/rccm.200512-1886oc,2006,pre,American journal of respiratory and critical care medicine,"Journal Article; Research Support, N.I.H., Extramural",IL-12 p80 is an innate epithelial cell effector that mediates chronic allograft dysfunction.,Walter MJ,United States,1,False,,walter mj|united states,OA,green,https://www.ncbi.nlm.nih.gov/pmc/articles/2648123,Oxford University Press (OUP)
16720207,10.1016/j.humimm.2005.11.001,2006,pre,Human immunology,Journal Article,C3d and the septal microvasculature as a predictor of chronic lung allograft dysfunction.,Ross P,United States,1,False,,ross p|united states,Elsevier,closed,,Elsevier BV
16700187,10.4081/monaldi.2006.579,2006,pre,Monaldi archives for chest disease = Archivio Monaldi per le malattie del torace,"Comparative Study; Journal Article; Multicenter Study; Research Support, Non-U.S. Gov't",Determinants of quality of life after lung transplant: an Italian collaborative study.,,Italy,1,True,,,OA,gold,https://www.monaldi-archives.org/index.php/macd/article/download/579/567,PAGEPress Publications
16686775,10.1111/j.1600-6143.2006.01331.x,2006,pre,American journal of transplantation : official journal of the American Society of Transplantation and the American Society of Transplant Surgeons,"Journal Article; Research Support, Non-U.S. Gov't",The pH of exhaled breath condensate of patients with allograft rejection after lung transplantation.,Verleden GM,Belgium,1,False,,verleden gm|belgium,OA,bronze,https://onlinelibrary.wiley.com/doi/pdfdirect/10.1111/j.1600-6143.2006.01331.x,Elsevier BV
16678604,10.1016/j.jtcvs.2005.12.037,2006,pre,The Journal of thoracic and cardiovascular surgery,Journal Article,Extended donor criteria in lung transplantation: impact on organ allocation.,Schueler SV,United Kingdom,1,False,,schueler sv|united kingdom,OA,bronze,http://www.jtcvs.org/article/S0022522306000973/pdf,Elsevier BV
16678030,10.1016/j.healun.2005.12.009,2006,pre,The Journal of heart and lung transplantation : the official publication of the International Society for Heart Transplantation,"Comparative Study; Journal Article; Research Support, Non-U.S. Gov't",Comparison of induced sputum and bronchoalveolar lavage in lung transplant recipients.,Reynaud-Gaubert M,France,1,False,,reynaud-gaubert m|france,Elsevier,closed,,Elsevier BV
16670170,10.1136/thx.2005.053249,2006,pre,Thorax,"Journal Article; Research Support, Non-U.S. Gov't",Bronchiolitis obliterans following lung transplantation: early detection using computed tomographic scanning.,Levy RD,Canada,1,False,,levy rd|canada,OA,bronze,https://thorax.bmj.com/content/thoraxjnl/61/9/799.full.pdf,BMJ
16612283,10.1097/01.tp.0000204046.89396.c5,2006,pre,Transplantation,Journal Article,Role of flow cytometry to define unacceptable HLA antigens in lung transplant recipients with HLA-specific antibodies.,Davis RD,United States,1,False,,davis rd|united states,WoltersKluwer,closed,,Ovid Technologies (Wolters Kluwer Health)
16612275,10.1097/01.tp.0000202755.33883.61,2006,pre,Transplantation,"Comparative Study; Journal Article; Randomized Controlled Trial; Research Support, Non-U.S. Gov't",Comparison of mycophenolate mofetil and azathioprine for prevention of bronchiolitis obliterans syndrome in de novo lung transplant recipients.,Corris PA,Australia,1,True,rct,corris pa|australia,WoltersKluwer,closed,,Ovid Technologies (Wolters Kluwer Health)
16608952,10.1378/chest.129.4.1016,2006,pre,Chest,Journal Article,Pathologic correlates of bronchiolitis obliterans syndrome in pulmonary retransplant recipients.,Palmer SM,United States,1,True,registry,palmer sm|united states,Elsevier,closed,,Elsevier BV
16585086,10.1183/09031936.06.00019405,2006,pre,The European respiratory journal,"Journal Article; Research Support, Non-U.S. Gov't",The role of interleukin-17 during acute rejection after lung transplantation.,Verleden GM,Belgium,1,False,,verleden gm|belgium,OA,bronze,https://erj.ersjournals.com/content/erj/27/4/779.full.pdf,European Respiratory Society (ERS)
16570009,10.1097/01.tp.0000203298.00475.0d,2006,pre,Transplantation,"Journal Article; Research Support, N.I.H., Extramural",Successful bilateral lung transplant outcomes in recipients 61 years of age and older.,Babyak MA,United States,1,True,,babyak ma|united states,WoltersKluwer,closed,,Ovid Technologies (Wolters Kluwer Health)
16563975,10.1016/j.healun.2005.12.001,2006,pre,The Journal of heart and lung transplantation : the official publication of the International Society for Heart Transplantation,Journal Article; Multicenter Study; Randomized Controlled Trial,Everolimus in pulmonary transplantation: pharmacokinetics and exposure-response relationships.,Pirron U,Switzerland,1,True,rct,pirron u|switzerland,Elsevier,closed,,Elsevier BV
16563971,10.1016/j.healun.2005.07.018,2006,pre,The Journal of heart and lung transplantation : the official publication of the International Society for Heart Transplantation,Journal Article,Pre-transplant soluble CD30 is associated with bronchiolitis obliterans syndrome after lung transplantation.,Otten HG,Netherlands,1,False,,otten hg|netherlands,Elsevier,closed,,Elsevier BV
16510454,10.1183/09031936.06.00105505,2006,pre,The European respiratory journal,"Journal Article; Research Support, Non-U.S. Gov't",A single-season prospective study of respiratory viral infections in lung transplant recipients.,Dummer S,United States,1,False,,dummer s|united states,OA,bronze,https://erj.ersjournals.com/content/erj/28/1/131.full.pdf,European Respiratory Society (ERS)
16477220,10.1097/01.tp.0000195781.02268.5e,2006,pre,Transplantation,Clinical Trial; Journal Article,Conversion to sirolimus and mycophenolate can attenuate the progression of bronchiolitis obliterans syndrome and improves renal function after lung transplantation.,Wahlers T,Germany,1,True,registry,wahlers t|germany,WoltersKluwer,closed,,Ovid Technologies (Wolters Kluwer Health)
16468972,10.1111/j.1600-6143.2006.01222.x,2006,pre,American journal of transplantation : official journal of the American Society of Transplantation and the American Society of Transplant Surgeons,Comparative Study; Journal Article,The dynamics and associations of airway neutrophilia post lung transplantation.,Snell GI,Australia,1,True,registry,snell gi|australia,OA,hybrid,http://www.amjtransplant.org/article/S1600613522026247/pdf,Elsevier BV
16468969,10.1111/j.1600-6143.2005.01212.x,2006,pre,American journal of transplantation : official journal of the American Society of Transplantation and the American Society of Transplant Surgeons,"Comparative Study; Journal Article; Research Support, Non-U.S. Gov't",CMV-specific CD8 T-cell dynamics in the blood and the lung allograft reflect viral reactivation following lung transplantation.,Brooks A,Australia,1,True,registry,brooks a|australia,OA,hybrid,http://www.amjtransplant.org/article/S1600613522026211/pdf,Elsevier BV
16433773,10.1111/j.1600-6143.2005.01159.x,2006,pre,American journal of transplantation : official journal of the American Society of Transplantation and the American Society of Transplant Surgeons,Journal Article,Impact of lung transplant operation on bronchiolitis obliterans syndrome in patients with chronic obstructive pulmonary disease.,Keshavjee S,United States,1,False,,keshavjee s|united states,Elsevier,closed,,Elsevier BV
16433771,10.1111/j.1600-6143.2005.01134.x,2006,pre,American journal of transplantation : official journal of the American Society of Transplantation and the American Society of Transplant Surgeons,Comparative Study; Journal Article; Multicenter Study; Randomized Controlled Trial,"Everolimus versus azathioprine in maintenance lung transplant recipients: an international, randomized, double-blind clinical trial.",,Australia,1,True,rct,,OA,hybrid,http://www.amjtransplant.org/article/S1600613522025564/pdf,Elsevier BV
16407509,10.1056/nejmoa043204,2006,pre,The New England journal of medicine,"Journal Article; Randomized Controlled Trial; Research Support, N.I.H., Extramural",A randomized trial of inhaled cyclosporine in lung-transplant recipients.,Griffith BP,United States,1,True,rct,griffith bp|united states,Other-paywall,closed,,Massachusetts Medical Society
16400684,10.1002/pmic.200500105,2006,pre,Proteomics,"Journal Article; Research Support, N.I.H., Extramural; Research Support, Non-U.S. Gov't",Analysis of chronic lung transplant rejection by MALDI-TOF profiles of bronchoalveolar lavage fluid.,Nelsestuen GL,United States,1,False,,nelsestuen gl|united states,Wiley,closed,,Wiley
16387465,10.1016/j.ejrad.2005.11.013,2006,pre,European journal of radiology,Journal Article,Performance of long-term CT monitoring in diagnosing bronchiolitis obliterans after lung transplantation.,Bjørtuft O,Norway,1,False,,bjørtuft o|norway,Elsevier,closed,,Elsevier BV
16386609,10.1016/j.transproceed.2005.09.191,2005,pre,Transplantation proceedings,Journal Article,Rapamycin in lung transplantation.,Alvarez MJ,Spain,1,True,registry,alvarez mj|spain,Elsevier,closed,,Elsevier BV
16386608,10.1016/j.transproceed.2005.09.192,2005,pre,Transplantation proceedings,Comparative Study; Controlled Clinical Trial; Journal Article,Comparative study of basiliximab treatment in lung transplantation.,Lemos C,Spain,1,False,,lemos c|spain,Elsevier,closed,,Elsevier BV
16386606,10.1016/j.transproceed.2005.09.190,2005,pre,Transplantation proceedings,Journal Article,Steroid withdrawal in lung transplant recipients.,Tarazona V,Spain,1,True,registry,tarazona v|spain,Elsevier,closed,,Elsevier BV
16368382,10.1016/j.athoracsur.2005.08.010,2006,pre,The Annals of thoracic surgery,Comparative Study; Journal Article,Are heart-lung transplant recipients protected from developing bronchiolitis obliterans syndrome?,Reitz BA,United States,1,False,,reitz ba|united states,Elsevier,closed,,Elsevier BV
16364880,10.1016/j.healun.2005.07.005,2005,pre,The Journal of heart and lung transplantation : the official publication of the International Society for Heart Transplantation,Journal Article,Health-related quality of life in two hundred-eighty lung transplant recipients.,Strueber M,Germany,1,False,,strueber m|germany,Elsevier,closed,,Elsevier BV
16364877,10.1016/j.healun.2005.06.019,2005,pre,The Journal of heart and lung transplantation : the official publication of the International Society for Heart Transplantation,Comparative Study; Journal Article,Does Perfadex affect outcomes in clinical lung transplantation?,Kelly RF,United States,1,True,,kelly rf|united states,Elsevier,closed,,Elsevier BV
16364859,10.1016/j.healun.2005.06.027,2005,pre,The Journal of heart and lung transplantation : the official publication of the International Society for Heart Transplantation,Clinical Trial; Journal Article,Intravenous ribavirin is a safe and cost-effective treatment for respiratory syncytial virus infection after lung transplantation.,Malouf MA,Australia,1,False,,malouf ma|australia,Elsevier,closed,,Elsevier BV
16340783,10.1097/01.tp.0000181161.60638.fa,2005,pre,Transplantation,"Journal Article; Research Support, Non-U.S. Gov't",The significance of a single episode of minimal acute rejection after lung transplantation.,Walter MJ,United States,1,False,,walter mj|united states,WoltersKluwer,closed,,Ovid Technologies (Wolters Kluwer Health)
16315786,,2005,pre,"Sarcoidosis, vasculitis, and diffuse lung diseases : official journal of WASOG",Journal Article,Lung transplantation for end-stage pulmonary sarcoidosis: outcome in a series of seven consecutive patients.,Iversen M,Denmark,1,False,,iversen m|denmark,no-doi,,,
16303014,10.1111/j.1600-6143.2005.01103.x,2005,pre,American journal of transplantation : official journal of the American Society of Transplantation and the American Society of Transplant Surgeons,Journal Article,Human herpesvirus 6 in bronchalveolar lavage fluid after lung transplantation: a risk factor for bronchiolitis obliterans syndrome?,,Germany,1,False,,,OA,hybrid,http://www.amjtransplant.org/article/S1600613522127589/pdf,Elsevier BV
16297789,10.1016/j.healun.2005.03.015,2005,pre,The Journal of heart and lung transplantation : the official publication of the International Society for Heart Transplantation,Comparative Study; Journal Article,Multi-organ transplantation: is there a protective effect against acute and chronic rejection?,George JF,United States,1,False,,george jf|united states,Elsevier,closed,,Elsevier BV
16272353,10.4049/jimmunol.175.10.6931,2005,pre,"Journal of immunology (Baltimore, Md. : 1950)",Journal Article,CXCR2/CXCR2 ligand biology during lung transplant ischemia-reperfusion injury.,Strieter RM,United States,1,False,,strieter rm|united states,OA,bronze,https://www.jimmunol.org/content/jimmunol/175/10/6931.full.pdf,Oxford University Press (OUP)
16226252,10.1016/j.yexmp.2005.08.008,2005,pre,Experimental and molecular pathology,Comparative Study; Journal Article,Transplant-related bronchiolitis obliterans (BOS) demonstrates unique cytokine profiles compared to toxicant-induced BOS.,Herndon B,United States,1,False,,herndon b|united states,Elsevier,closed,,Elsevier BV
16223674,10.1016/j.trim.2005.05.001,2005,pre,Transplant immunology,"Journal Article; Research Support, N.I.H., Extramural",C4d deposition in lung allografts is associated with circulating anti-HLA alloantibody.,Yousem SA,,0,False,,yousem sa|,Elsevier,closed,,Elsevier BV
16210132,10.1016/j.healun.2005.01.007,2005,pre,The Journal of heart and lung transplantation : the official publication of the International Society for Heart Transplantation,"Journal Article; Research Support, Non-U.S. Gov't",Early changes in basement membrane thickness in airway walls post-lung transplantation.,Williams TJ,Australia,1,False,,williams tj|australia,Elsevier,closed,,Elsevier BV
16210131,10.1016/j.healun.2004.11.038,2005,pre,The Journal of heart and lung transplantation : the official publication of the International Society for Heart Transplantation,"Journal Article; Research Support, Non-U.S. Gov't",C4d staining of pulmonary allograft biopsies: an immunoperoxidase study.,Fishbein MC,United States,1,False,,fishbein mc|united states,Elsevier,closed,,Elsevier BV
16210129,10.1016/j.healun.2004.11.008,2005,pre,The Journal of heart and lung transplantation : the official publication of the International Society for Heart Transplantation,Journal Article,Airway vascular changes after lung transplant: potential contribution to the pathophysiology of bronchiolitis obliterans syndrome.,Snell GI,Australia,1,False,,snell gi|australia,Elsevier,closed,,Elsevier BV
16181849,10.1016/j.athoracsur.2005.03.106,2005,pre,The Annals of thoracic surgery,"Journal Article; Research Support, Non-U.S. Gov't",Prevalence of gastroesophageal reflux in end-stage lung disease candidates for lung transplant.,Keshavjee S,Canada,1,False,,keshavjee s|canada,OA,bronze,http://www.annalsthoracicsurgery.org/article/S0003497505005667/pdf,Elsevier BV
16162732,10.1378/chest.128.3.1379,2005,pre,Chest,Journal Article,Iron accumulation in lung allografts is associated with acute rejection but not with adverse outcome.,Boehler A,Switzerland,1,False,,boehler a|switzerland,Elsevier,closed,,Elsevier BV
16162731,10.1378/chest.128.3.1371,2005,pre,Chest,"Comparative Study; Journal Article; Research Support, Non-U.S. Gov't",Health-related quality of life following single or bilateral lung transplantation: a 7-year comparison to functional outcome.,Nicod LP,Switzerland,1,False,,nicod lp|switzerland,Elsevier,closed,,Elsevier BV
16162195,10.1111/j.1600-6143.2005.01049.x,2005,pre,American journal of transplantation : official journal of the American Society of Transplantation and the American Society of Transplant Surgeons,Journal Article,Inflammation patterns in allogeneic and autologous airway tissue of lung transplant recipients.,Boehler A,Switzerland,1,False,,boehler a|switzerland,OA,bronze,https://onlinelibrary.wiley.com/doi/pdfdirect/10.1111/j.1600-6143.2005.01049.x,Elsevier BV
16162104,10.1111/j.1432-2277.2005.00147.x,2005,pre,Transplant international : official journal of the European Society for Organ Transplantation,Journal Article,Rat cytomegalovirus and Listeria monocytogenes infection enhance chronic rejection after allogenic rat lung transplantation.,Steinhoff G,Germany,1,False,,steinhoff g|germany,Other-paywall,closed,,Frontiers Media SA
16143268,10.1016/j.healun.2004.08.006,2005,pre,The Journal of heart and lung transplantation : the official publication of the International Society for Heart Transplantation,Clinical Trial; Journal Article,Long-term azithromycin use for treatment of bronchiolitis obliterans syndrome in lung transplant recipients.,Kramer MR,Israel,1,False,,kramer mr|israel,Elsevier,closed,,Elsevier BV
16143251,10.1016/j.healun.2004.09.002,2005,pre,The Journal of heart and lung transplantation : the official publication of the International Society for Heart Transplantation,Comparative Study; Journal Article,A comparison of basiliximab and anti-thymocyte globulin as induction agents after lung transplantation.,Trulock EP,United States,1,False,,trulock ep|united states,Elsevier,closed,,Elsevier BV
16102441,10.1016/j.healun.2004.06.016,2005,pre,The Journal of heart and lung transplantation : the official publication of the International Society for Heart Transplantation,"Comparative Study; Journal Article; Research Support, N.I.H., Extramural; Research Support, Non-U.S. Gov't; Research Support, U.S. Gov't, P.H.S.",Transcript signatures of lymphocytic bronchitis in lung allograft biopsy specimens.,Caughey GH,United States,1,False,,caughey gh|united states,OA,green,https://www.ncbi.nlm.nih.gov/pmc/articles/2271113,Elsevier BV
16095491,10.1111/j.1600-6143.2005.00999.x,2005,pre,American journal of transplantation : official journal of the American Society of Transplantation and the American Society of Transplant Surgeons,"Journal Article; Research Support, N.I.H., Extramural; Research Support, Non-U.S. Gov't; Research Support, U.S. Gov't, P.H.S.",Induction of obliterative airway disease by anti-HLA class I antibodies.,Mohanakumar T,United States,1,False,,mohanakumar t|united states,Elsevier,closed,,Elsevier BV
16082326,10.1097/01.tp.0000165858.86067.a2,2005,pre,Transplantation,"Journal Article; Research Support, N.I.H., Extramural; Research Support, U.S. Gov't, P.H.S.",Hepatitis B core antibody positive donors as a safe and effective therapeutic option to increase available organs for lung transplantation.,Davis RD,United States,1,False,,davis rd|united states,WoltersKluwer,closed,,Ovid Technologies (Wolters Kluwer Health)
16077423,10.1016/j.jtcvs.2004.09.040,2005,pre,The Journal of thoracic and cardiovascular surgery,Journal Article,Early outcomes in human lung transplantation with Thymoglobulin or Campath-1H for recipient pretreatment followed by posttransplant tacrolimus near-monotherapy.,Starzl TE,United States,1,True,registry,starzl te|united states,OA,bronze,http://www.jtcvs.org/article/S0022522304017088/pdf,Elsevier BV
16055614,10.1136/thx.2004.036426,2005,pre,Thorax,"Journal Article; Research Support, Non-U.S. Gov't",Pepsin like activity in bronchoalveolar lavage fluid is suggestive of gastric aspiration in lung allografts.,Corris PA,,0,False,,corris pa|,OA,bronze,https://thorax.bmj.com/content/thoraxjnl/60/10/872.full.pdf,BMJ
16041262,10.1097/01.tp.0000165091.31541.23,2005,pre,Transplantation,"Comparative Study; Journal Article; Research Support, Non-U.S. Gov't",Longitudinal comparisons of lymphocytes and subtypes between airway wall and bronchoalveolar lavage after human lung transplantation.,Snell GI,Australia,1,True,registry,snell gi|australia,OA,green,https://figshare.com/articles/journal_contribution/Longitudinal_comparisons_of_lymphocytes_and_subtypes_between_airway_wall_and_bronchoalveolar_lavage_after_human_lung_transplantation/22853939,Ovid Technologies (Wolters Kluwer Health)
16028666,10.1080/019131290924108,2005,pre,Ultrastructural pathology,Journal Article,Ultrastructure as a diagnostic adjunct in the evaluation of lung allograft biopsies.,Ross P,United States,1,False,,ross p|united states,Other-paywall,closed,,Informa UK Limited
15996256,10.1111/j.1600-6143.2005.00971.x,2005,pre,American journal of transplantation : official journal of the American Society of Transplantation and the American Society of Transplant Surgeons,"Journal Article; Research Support, Non-U.S. Gov't",Clinical impact of community-acquired respiratory viruses on bronchiolitis obliterans after lung transplant.,Humar A,Canada,1,False,,humar a|canada,OA,bronze,https://onlinelibrary.wiley.com/doi/pdfdirect/10.1111/j.1600-6143.2005.00971.x,Elsevier BV
15996255,10.1111/j.1600-6143.2005.00953.x,2005,pre,American journal of transplantation : official journal of the American Society of Transplantation and the American Society of Transplant Surgeons,"Journal Article; Research Support, N.I.H., Extramural; Research Support, Non-U.S. Gov't; Research Support, U.S. Gov't, P.H.S.",Minimal acute rejection after lung transplantation: a risk for bronchiolitis obliterans syndrome.,Walter MJ,United States,1,False,,walter mj|united states,OA,hybrid,http://www.amjtransplant.org/article/S1600613522127061/pdf,Elsevier BV
15982617,10.1016/j.healun.2004.05.003,2005,pre,The Journal of heart and lung transplantation : the official publication of the International Society for Heart Transplantation,"Journal Article; Research Support, Non-U.S. Gov't",Interleukin-17--induced interleukin-8 release in human airway smooth muscle cells: role for mitogen-activated kinases and nuclear factor-kappaB.,Verleden GM,Belgium,1,True,registry,verleden gm|belgium,Elsevier,closed,,Elsevier BV
15976371,10.1164/rccm.200411-1537oc,2005,pre,American journal of respiratory and critical care medicine,"Journal Article; Research Support, Non-U.S. Gov't",Azithromycin reverses airflow obstruction in established bronchiolitis obliterans syndrome.,Corris PA,,0,True,registry,corris pa|,Other-paywall,closed,,Oxford University Press (OUP)
15973175,10.1097/01.tp.0000159136.72693.35,2005,pre,Transplantation,"Journal Article; Research Support, N.I.H., Extramural; Research Support, Non-U.S. Gov't; Research Support, U.S. Gov't, P.H.S.",Risk factors and outcomes of hypogammaglobulinemia after lung transplantation.,Arcasoy SM,United States,1,False,,arcasoy sm|united states,WoltersKluwer,closed,,Ovid Technologies (Wolters Kluwer Health)
15972366,10.1136/thx.2005.043026,2005,pre,Thorax,"Journal Article; Research Support, Non-U.S. Gov't",Phenotype of airway epithelial cells suggests epithelial to mesenchymal cell transition in clinically stable lung transplant recipients.,Corris PA,,0,False,,corris pa|,OA,bronze,https://thorax.bmj.com/content/thoraxjnl/60/10/865.full.pdf,BMJ
15964393,10.1016/j.transproceed.2005.03.114,2005,pre,Transplantation proceedings,Journal Article,CD4-veCD8-ve CD30+ve T cells are detectable in human lung transplant patients and their proportion of the lymphocyte population after in vitro stimulation with donor spleen cells correlates with preservation of lung physiology.,Leonard CT,United Kingdom,1,False,,leonard ct|united kingdom,Elsevier,closed,,Elsevier BV
15964392,10.1016/j.transproceed.2005.03.050,2005,pre,Transplantation proceedings,"Journal Article; Research Support, Non-U.S. Gov't",The frequency of interleukin-10- and interleukin-5-secreting CD4+ T cells correlates to tolerance of transplanted lung.,Meloni F,Italy,1,True,registry,meloni f|italy,Elsevier,closed,,Elsevier BV
15963771,10.1016/j.resp.2005.05.010,2005,pre,Respiratory physiology & neurobiology,Comparative Study; Journal Article,Monitoring the lung periphery of transplanted lungs.,Estenne M,Belgium,1,False,,estenne m|belgium,Elsevier,closed,,Elsevier BV
15943620,10.1111/j.1600-6143.2005.00925.x,2005,pre,American journal of transplantation : official journal of the American Society of Transplantation and the American Society of Transplant Surgeons,"Journal Article; Research Support, N.I.H., Extramural; Research Support, Non-U.S. Gov't; Research Support, U.S. Gov't, P.H.S.",Indirect recognition of MHC class I allopeptides accelerates lung allograft rejection in miniature swine.,Allan JS,United States,1,True,registry,allan js|united states,OA,hybrid,http://www.amjtransplant.org/article/S1600613522037625/pdf,Elsevier BV
15942587,10.1016/j.jtcvs.2005.01.022,2005,pre,The Journal of thoracic and cardiovascular surgery,Comparative Study; Journal Article,Primary graft dysfunction and other selected complications of lung transplantation: A single-center experience of 983 patients.,Patterson GA,United States,1,False,,patterson ga|united states,OA,bronze,http://www.jtcvs.org/article/S0022522305002011/pdf,Elsevier BV
15935888,10.1016/j.humimm.2004.12.008,2005,pre,Human immunology,"Journal Article; Research Support, Non-U.S. Gov't",Impact of ELISA-detected anti-HLA antibodies on pediatric cardiac allograft outcome.,Zeevi A,United States,1,True,registry,zeevi a|united states,Elsevier,closed,,Elsevier BV
15914093,10.1016/j.jcf.2005.01.003,2005,pre,Journal of cystic fibrosis : official journal of the European Cystic Fibrosis Society,Journal Article,Lung transplantation for cystic fibrosis: 6-year follow-up.,Midulla F,Italy,1,False,,midulla f|italy,OA,bronze,http://www.cysticfibrosisjournal.com/article/S1569199305000305/pdf,Elsevier BV
15896756,10.1016/j.healun.2004.02.005,2005,pre,The Journal of heart and lung transplantation : the official publication of the International Society for Heart Transplantation,Journal Article,Extended ganciclovir prophylaxis in lung transplantation.,Wallwork J,United Kingdom,1,False,,wallwork j|united kingdom,Elsevier,closed,,Elsevier BV
15896749,10.1016/j.healun.2004.02.018,2005,pre,The Journal of heart and lung transplantation : the official publication of the International Society for Heart Transplantation,"Journal Article; Research Support, Non-U.S. Gov't",A descriptive study of small airway reticular basement membrane thickening in clinically stable lung transplant recipients.,Corris P,,0,False,,corris p|,Elsevier,closed,,Elsevier BV
15894603,10.1164/rccm.200501-097oc,2005,pre,American journal of respiratory and critical care medicine,"Journal Article; Research Support, N.I.H., Extramural; Research Support, Non-U.S. Gov't; Research Support, U.S. Gov't, P.H.S.",Prognostic value of bronchiolitis obliterans syndrome stage 0-p in single-lung transplant recipients.,Martinez FJ,United States,1,False,,martinez fj|united states,OA,green,https://www.ncbi.nlm.nih.gov/pmc/articles/2718475,Oxford University Press (OUP)
15888100,10.1111/j.1475-097x.2005.00609.x,2005,pre,Clinical physiology and functional imaging,"Journal Article; Research Support, Non-U.S. Gov't",Detection of chronic rejection by quantitative ventilation scintigrams in lung-transplanted patients: a pilot study.,Bake B,Sweden,1,False,,bake b|sweden,Wiley,closed,,Wiley
15888067,10.1111/j.1600-6143.2005.00865.x,2005,pre,American journal of transplantation : official journal of the American Society of Transplantation and the American Society of Transplant Surgeons,"Journal Article; Research Support, Non-U.S. Gov't",Broncho-alveolar lavage matrix metalloproteases as a sensitive measure of bronchiolitis obliterans.,Aharinejad S,Austria,1,False,,aharinejad s|austria,Elsevier,closed,,Elsevier BV
15880421,10.1002/ppul.20234,2005,pre,Pediatric pulmonology,"Journal Article; Research Support, Non-U.S. Gov't",High prevalence of gastroesophageal reflux in children after lung transplantation.,Elliott MJ,United Kingdom,1,False,,elliott mj|united kingdom,Wiley,closed,,Wiley
15867792,10.1016/j.jtcvs.2004.10.035,2005,pre,The Journal of thoracic and cardiovascular surgery,"Journal Article; Research Support, Non-U.S. Gov't",Bile acid aspiration and the development of bronchiolitis obliterans after lung transplantation.,Keshavjee S,Canada,1,False,,keshavjee s|canada,OA,bronze,http://www.jtcvs.org/article/S002252230401685X/pdf,Elsevier BV
15866665,10.1016/j.transproceed.2005.02.026,2005,pre,Transplantation proceedings,Journal Article,Basiliximab in lung transplantation: preliminary experience.,Borro JM,Spain,1,False,,borro jm|spain,Elsevier,closed,,Elsevier BV
15866662,10.1016/j.transproceed.2005.02.032,2005,pre,Transplantation proceedings,Journal Article,Analysis of lung transplant recipients surviving beyond 5 years.,Salvatierra A,Spain,1,False,,salvatierra a|spain,Elsevier,closed,,Elsevier BV
15864347,10.1172/jci24233,2005,pre,The Journal of clinical investigation,"Journal Article; Research Support, N.I.H., Extramural; Research Support, U.S. Gov't, P.H.S.",Role of CXCR2/CXCR2 ligands in vascular remodeling during bronchiolitis obliterans syndrome.,Strieter RM,United States,1,False,,strieter rm|united states,OA,bronze,http://www.jci.org/articles/view/24233/files/pdf,American Society for Clinical Investigation
15863637,10.1183/09031936.05.00057004,2005,pre,The European respiratory journal,"Clinical Trial; Comparative Study; Journal Article; Research Support, Non-U.S. Gov't",Exhaled NO may predict the decline in lung function in bronchiolitis obliterans syndrome.,Fournier M,France,1,False,,fournier m|france,OA,bronze,https://erj.ersjournals.com/content/erj/25/5/813.full.pdf,European Respiratory Society (ERS)
15848310,10.1016/j.ejcts.2005.01.024,2005,pre,European journal of cardio-thoracic surgery : official journal of the European Association for Cardio-thoracic Surgery,Journal Article,Extended donor criteria for lung transplantation--a clinical reality.,Klepetko W,Austria,1,False,,klepetko w|austria,OA,bronze,https://academic.oup.com/ejcts/article-pdf/27/5/757/17773179/27-5-757.pdf,Oxford University Press (OUP)
15823457,10.1016/j.rmed.2004.09.023,2005,pre,Respiratory medicine,Journal Article,Successful steroid withdrawal in lung transplant recipients: result of a pilot study.,Kramer MR,Israel,1,True,registry,kramer mr|israel,Elsevier,closed,,Elsevier BV
15819861,10.1111/j.1469-0691.2005.01128.x,2005,pre,Clinical microbiology and infection : the official publication of the European Society of Clinical Microbiology and Infectious Diseases,Journal Article,Aspergillus infections in lung transplant recipients: risk factors and outcome.,,Spain,1,False,,,OA,bronze,http://www.clinicalmicrobiologyandinfection.com/article/S1198743X14622540/pdf,Elsevier BV
15816892,10.1111/j.1600-6143.2004.00803.x,2005,pre,American journal of transplantation : official journal of the American Society of Transplantation and the American Society of Transplant Surgeons,Journal Article,Functional status and quality of life in patients surviving 10 years after lung transplantation.,Corris PA,,0,False,,corris pa|,Elsevier,closed,,Elsevier BV
15814280,10.1016/j.trim.2004.11.001,2005,pre,Transplant immunology,"Journal Article; Research Support, N.I.H., Extramural; Research Support, Non-U.S. Gov't; Research Support, U.S. Gov't, P.H.S.",The impact of pharmacogenomic factors on acute persistent rejection in adult lung transplant patients.,Burckart GJ,United States,1,False,,burckart gj|united states,Elsevier,closed,,Elsevier BV
15808551,10.1016/j.transproceed.2004.12.026,2005,pre,Transplantation proceedings,"Journal Article; Research Support, N.I.H., Extramural; Research Support, Non-U.S. Gov't; Research Support, U.S. Gov't, P.H.S.",Long-term acceptance of porcine pulmonary allografts without chronic rejection.,Allan JS,United States,1,True,registry,allan js|united states,Elsevier,closed,,Elsevier BV
15800973,10.1002/pmic.200401036,2005,pre,Proteomics,"Journal Article; Research Support, N.I.H., Extramural; Research Support, U.S. Gov't, P.H.S.",Proteomic identification of human neutrophil alpha-defensins in chronic lung allograft rejection.,Wendt CH,United States,1,False,,wendt ch|united states,Wiley,closed,,Wiley
15797754,10.1016/j.healun.2004.02.006,2005,pre,The Journal of heart and lung transplantation : the official publication of the International Society for Heart Transplantation,"Comparative Study; Journal Article; Research Support, Non-U.S. Gov't",Bronchial hyperresponsiveness and the bronchiolitis obliterans syndrome after lung transplantation.,Snell GI,Australia,1,False,,snell gi|australia,OA,green,https://figshare.com/articles/journal_contribution/Bronchial_hyperresponsiveness_and_the_bronchiolitis_obliterans_syndrome_after_lung_transplantation/22853192,Elsevier BV
15797750,10.1016/j.healun.2004.02.012,2005,pre,The Journal of heart and lung transplantation : the official publication of the International Society for Heart Transplantation,Comparative Study; Journal Article,Short- and long-term outcomes of using pulmonary allograft donors with low Po2.,Wallwork J,United Kingdom,1,False,,wallwork j|united kingdom,Elsevier,closed,,Elsevier BV
15797743,10.1016/j.healun.2004.01.014,2005,pre,The Journal of heart and lung transplantation : the official publication of the International Society for Heart Transplantation,Comparative Study; Journal Article,Successful use in lung transplantation of an immunosuppressive regimen aimed at reducing target blood levels of sirolimus and tacrolimus.,Bhorade SM,United States,1,True,registry,bhorade sm|united states,Elsevier,closed,,Elsevier BV
15786006,10.1055/s-2004-830472,2005,pre,The Thoracic and cardiovascular surgeon,Journal Article,Cardiothoracic surgery after heart and heart-lung transplantation.,Scheld HH,Germany,1,False,,scheld hh|germany,Other-paywall,closed,,Georg Thieme Verlag KG
15764726,10.1164/rccm.200409-1243oc,2005,pre,American journal of respiratory and critical care medicine,"Comparative Study; Journal Article; Research Support, N.I.H., Extramural; Research Support, Non-U.S. Gov't; Research Support, U.S. Gov't, P.H.S.",The effect of primary graft dysfunction on survival after lung transplantation.,Kimmel SE,United States,1,True,registry,kimmel se|united states,OA,green,https://www.ncbi.nlm.nih.gov/pmc/articles/2718464,Oxford University Press (OUP)
15740562,10.1111/j.1399-0012.2005.00330.x,2005,pre,Clinical transplantation,Comparative Study; Journal Article,Airway cellular response to two different immunosuppressive regimens in lung transplant recipients.,Postma DS,Netherlands,1,True,registry,postma ds|netherlands,Wiley,closed,,Wiley
15738294,10.1183/09031936.05.00091804,2005,pre,The European respiratory journal,Comparative Study; Journal Article,Matrix metalloproteinase-9 in bronchiolitis obliterans syndrome after lung transplantation.,Bewig B,Germany,1,False,,bewig b|germany,OA,bronze,https://erj.ersjournals.com/content/erj/25/3/494.full.pdf,European Respiratory Society (ERS)
15707409,10.1111/j.1600-6143.2005.00747.x,2005,pre,American journal of transplantation : official journal of the American Society of Transplantation and the American Society of Transplant Surgeons,"Journal Article; Research Support, Non-U.S. Gov't",Clinical utility of cytomegalovirus viral load in bronchoalveolar lavage in lung transplant recipients.,Avery RK,United States,1,False,,avery rk|united states,OA,hybrid,http://www.amjtransplant.org/article/S1600613522036115/pdf,Elsevier BV
15707408,10.1111/j.1600-6143.2004.00709.x,2005,pre,American journal of transplantation : official journal of the American Society of Transplantation and the American Society of Transplant Surgeons,Journal Article,The safety and efficacy of total lymphoid irradiation in progressive bronchiolitis obliterans syndrome after lung transplantation.,Corris PA,United Kingdom,1,True,registry,corris pa|united kingdom,OA,hybrid,http://www.amjtransplant.org/article/S1600613522035924/pdf,Elsevier BV
15701428,10.1016/j.healun.2003.10.020,2005,pre,The Journal of heart and lung transplantation : the official publication of the International Society for Heart Transplantation,Comparative Study; Journal Article,Lung transplantation: a decade of experience.,Whyte RI,United States,1,True,registry,whyte ri|united states,Elsevier,closed,,Elsevier BV
15701426,10.1016/j.healun.2003.09.042,2005,pre,The Journal of heart and lung transplantation : the official publication of the International Society for Heart Transplantation,"Comparative Study; Journal Article; Research Support, Non-U.S. Gov't",Chlamydia pneumoniae infection after lung transplantation.,Malouf M,Australia,1,False,,malouf m|australia,Elsevier,closed,,Elsevier BV
15699755,10.1097/01.tp.0000149839.87843.64,2005,pre,Transplantation,"Journal Article; Research Support, Non-U.S. Gov't",Chlamydia pneumoniae serology in donors and recipients and the risk of bronchiolitis obliterans syndrome after lung transplantation.,Ostergaard L,Australia,1,False,,ostergaard l|australia,WoltersKluwer,closed,,Ovid Technologies (Wolters Kluwer Health)
15699113,10.4049/jimmunol.174.4.1871,2005,pre,"Journal of immunology (Baltimore, Md. : 1950)","Journal Article; Research Support, Non-U.S. Gov't; Research Support, U.S. Gov't, P.H.S.",Induction of obliterative airway disease in murine tracheal allografts by CD8+ CTLs recognizing a single minor histocompatibility antigen.,Mohanakumar T,United States,1,False,,mohanakumar t|united states,OA,bronze,https://journals.aai.org/jimmunol/article-pdf/174/4/1871/1197116/1871.pdf,Oxford University Press (OUP)
15653979,10.1378/chest.127.1.166,2005,pre,Chest,"Journal Article; Research Support, Non-U.S. Gov't",Psychosocial situation and physical health in 50 patients > 1 year after lung transplantation.,Boehler A,Switzerland,1,False,,boehler a|switzerland,Elsevier,closed,,Elsevier BV
15653385,10.1016/j.healun.2003.10.003,2005,pre,The Journal of heart and lung transplantation : the official publication of the International Society for Heart Transplantation,Journal Article,Changes in induced sputum in the presence of bronchiolitis obliterans syndrome and correlation with spirometry in single and bilateral lung transplant recipients.,Leonard CT,United Kingdom,1,False,,leonard ct|united kingdom,Elsevier,closed,,Elsevier BV
15640363,10.1164/rccm.200408-1129oc,2005,pre,American journal of respiratory and critical care medicine,"Journal Article; Research Support, N.I.H., Extramural; Research Support, U.S. Gov't, Non-P.H.S.; Research Support, U.S. Gov't, P.H.S.",Innate immunity influences long-term outcomes after human lung transplant.,Schwartz DA,United States,1,False,,schwartz da|united states,Other-paywall,closed,,Oxford University Press (OUP)
15636621,10.1111/j.1600-6143.2004.00650.x,2005,pre,American journal of transplantation : official journal of the American Society of Transplantation and the American Society of Transplant Surgeons,"Journal Article; Research Support, U.S. Gov't, P.H.S.",HLA-specific antibodies are risk factors for lymphocytic bronchiolitis and chronic lung allograft dysfunction.,Zeevi A,United States,1,False,,zeevi a|united states,OA,hybrid,http://www.amjtransplant.org/article/S1600613522035705/pdf,Elsevier BV
15636617,10.1111/j.1600-6143.2004.00641.x,2005,pre,American journal of transplantation : official journal of the American Society of Transplantation and the American Society of Transplant Surgeons,"Journal Article; Research Support, Non-U.S. Gov't; Research Support, U.S. Gov't, Non-P.H.S.",Determinants of health utility in lung and heart-lung transplant recipients.,Theodore J,Canada,1,False,,theodore j|canada,OA,hybrid,http://www.amjtransplant.org/article/S160061352203564X/pdf,Elsevier BV
