pmid,key,variant,orig,new
15808551,cmv_dr,repeat,0,0
15808551,hla_mismatch,repeat,0,1
15808551,pre_tx_dsa,repeat,0,0
15808551,de_novo_dsa,repeat,0,0
15808551,induction,repeat,2,2
15808551,maintenance_is,repeat,1,0
15808551,acr,repeat,1,1
15808551,amr,repeat,0,0
15808551,pgd,repeat,0,0
15808551,cmv_events,repeat,0,0
15808551,resp_viral,repeat,0,0
15808551,colonization,repeat,0,0
15808551,gerd,repeat,0,0
15808551,azithromycin,repeat,0,0
15808551,cni_ipv,repeat,1,1
15808551,nonhla_ab,repeat,0,0
15808551,eplet_mm,repeat,0,0
15808551,cmv_dr,high,0,0
15808551,hla_mismatch,high,0,1
15808551,pre_tx_dsa,high,0,0
15808551,de_novo_dsa,high,0,0
15808551,induction,high,2,2
15808551,maintenance_is,high,1,0
15808551,acr,high,1,1
15808551,amr,high,0,0
15808551,pgd,high,0,0
15808551,cmv_events,high,0,0
15808551,resp_viral,high,0,0
15808551,colonization,high,0,0
15808551,gerd,high,0,0
15808551,azithromycin,high,0,0
15808551,cni_ipv,high,1,1
15808551,nonhla_ab,high,0,0
15808551,eplet_mm,high,0,0
15880421,cmv_dr,repeat,1,1
15880421,hla_mismatch,repeat,0,0
15880421,pre_tx_dsa,repeat,0,0
15880421,de_novo_dsa,repeat,0,0
15880421,induction,repeat,2,2
15880421,maintenance_is,repeat,2,2
15880421,acr,repeat,2,2
15880421,amr,repeat,0,0
15880421,pgd,repeat,0,0
15880421,cmv_events,repeat,0,0
15880421,resp_viral,repeat,0,0
15880421,colonization,repeat,0,0
15880421,gerd,repeat,2,2
15880421,azithromycin,repeat,0,0
15880421,nonhla_ab,repeat,0,0
15880421,cmv_dr,high,1,1
15880421,hla_mismatch,high,0,0
15880421,pre_tx_dsa,high,0,0
15880421,de_novo_dsa,high,0,0
15880421,induction,high,2,2
15880421,maintenance_is,high,2,2
15880421,acr,high,2,2
15880421,amr,high,0,0
15880421,pgd,high,0,0
15880421,cmv_events,high,0,0
15880421,resp_viral,high,0,1
15880421,colonization,high,0,0
15880421,gerd,high,2,2
15880421,azithromycin,high,0,0
15880421,cni_ipv,high,0,0
15880421,nonhla_ab,high,0,0
15964392,cmv_dr,repeat,0,0
15964392,hla_mismatch,repeat,0,0
15964392,pre_tx_dsa,repeat,0,0
15964392,de_novo_dsa,repeat,0,0
15964392,induction,repeat,0,0
15964392,maintenance_is,repeat,1,2
15964392,acr,repeat,1,0
15964392,amr,repeat,0,0
15964392,pgd,repeat,0,0
15964392,cmv_events,repeat,0,0
15964392,resp_viral,repeat,0,0
15964392,colonization,repeat,0,0
15964392,gerd,repeat,0,0
15964392,azithromycin,repeat,0,0
15964392,cni_ipv,repeat,0,0
15964392,nonhla_ab,repeat,0,0
15964392,cmv_dr,high,0,0
15964392,hla_mismatch,high,0,0
15964392,pre_tx_dsa,high,0,0
15964392,de_novo_dsa,high,0,0
15964392,induction,high,0,0
15964392,maintenance_is,high,1,2
15964392,acr,high,1,1
15964392,amr,high,0,0
15964392,pgd,high,0,0
15964392,cmv_events,high,0,0
15964392,resp_viral,high,0,0
15964392,colonization,high,0,0
15964392,gerd,high,0,0
15964392,azithromycin,high,0,0
15964392,cni_ipv,high,0,0
15964392,nonhla_ab,high,0,0
15964393,cmv_dr,repeat,2,1
15964393,hla_mismatch,repeat,1,1
15964393,pre_tx_dsa,repeat,0,0
15964393,de_novo_dsa,repeat,0,0
15964393,induction,repeat,2,2
15964393,maintenance_is,repeat,2,2
15964393,acr,repeat,1,1
15964393,amr,repeat,0,0
15964393,pgd,repeat,0,0
15964393,cmv_events,repeat,1,1
15964393,resp_viral,repeat,0,0
15964393,colonization,repeat,0,0
15964393,gerd,repeat,0,0
15964393,azithromycin,repeat,0,0
15964393,cni_ipv,repeat,0,0
15964393,nonhla_ab,repeat,0,0
15964393,eplet_mm,repeat,0,0
15964393,cmv_dr,high,2,1
15964393,hla_mismatch,high,1,1
15964393,pre_tx_dsa,high,0,0
15964393,de_novo_dsa,high,0,0
15964393,induction,high,2,2
15964393,maintenance_is,high,2,2
15964393,acr,high,1,1
15964393,amr,high,0,0
15964393,pgd,high,0,0
15964393,cmv_events,high,1,1
15964393,resp_viral,high,0,0
15964393,colonization,high,0,0
15964393,gerd,high,0,0
15964393,azithromycin,high,0,0
15964393,nonhla_ab,high,0,0
15964393,eplet_mm,high,0,0
15996256,cmv_dr,repeat,0,0
15996256,hla_mismatch,repeat,0,0
15996256,pre_tx_dsa,repeat,0,0
15996256,de_novo_dsa,repeat,0,0
15996256,induction,repeat,0,0
15996256,maintenance_is,repeat,2,2
15996256,acr,repeat,2,1
15996256,amr,repeat,0,0
15996256,pgd,repeat,0,0
15996256,cmv_events,repeat,2,2
15996256,resp_viral,repeat,2,2
15996256,colonization,repeat,0,0
15996256,gerd,repeat,0,0
15996256,azithromycin,repeat,0,0
15996256,telomere,repeat,0,0
15996256,cni_ipv,repeat,1,1
15996256,nonhla_ab,repeat,0,0
15996256,cmv_dr,high,0,0
15996256,hla_mismatch,high,0,0
15996256,pre_tx_dsa,high,0,0
15996256,de_novo_dsa,high,0,0
15996256,induction,high,0,0
15996256,maintenance_is,high,2,2
15996256,acr,high,2,2
15996256,amr,high,0,0
15996256,pgd,high,0,0
15996256,cmv_events,high,2,2
15996256,resp_viral,high,2,2
15996256,colonization,high,0,0
15996256,gerd,high,0,0
15996256,azithromycin,high,0,0
15996256,telomere,high,0,0
15996256,cni_ipv,high,1,1
15996256,nonhla_ab,high,0,0
16082326,cmv_dr,repeat,2,1
16082326,hla_mismatch,repeat,1,0
16082326,pre_tx_dsa,repeat,2,2
16082326,de_novo_dsa,repeat,0,0
16082326,induction,repeat,1,1
16082326,maintenance_is,repeat,1,1
16082326,acr,repeat,1,2
16082326,amr,repeat,0,0
16082326,pgd,repeat,0,0
16082326,cmv_events,repeat,0,0
16082326,resp_viral,repeat,0,0
16082326,colonization,repeat,0,0
16082326,gerd,repeat,0,0
16082326,azithromycin,repeat,0,0
16082326,telomere,repeat,0,0
16082326,pre_tx_is,repeat,0,0
16082326,antifibrotic,repeat,0,0
16082326,cni_ipv,repeat,0,0
16082326,nonhla_ab,repeat,0,0
16082326,eplet_mm,repeat,0,0
16082326,cmv_dr,high,2,1
16082326,hla_mismatch,high,1,0
16082326,pre_tx_dsa,high,2,1
16082326,de_novo_dsa,high,0,0
16082326,induction,high,1,1
16082326,maintenance_is,high,1,2
16082326,acr,high,1,1
16082326,amr,high,0,0
16082326,pgd,high,0,0
16082326,cmv_events,high,0,0
16082326,resp_viral,high,0,0
16082326,colonization,high,0,0
16082326,gerd,high,0,0
16082326,azithromycin,high,0,0
16082326,telomere,high,0,0
16082326,pre_tx_is,high,0,0
16082326,antifibrotic,high,0,0
16082326,cni_ipv,high,0,0
16082326,nonhla_ab,high,0,0
16181849,cmv_dr,repeat,0,0
16181849,hla_mismatch,repeat,0,0
16181849,pre_tx_dsa,repeat,0,0
16181849,de_novo_dsa,repeat,0,0
16181849,induction,repeat,0,0
16181849,maintenance_is,repeat,0,0
16181849,acr,repeat,0,0
16181849,amr,repeat,0,0
16181849,pgd,repeat,0,0
16181849,cmv_events,repeat,0,0
16181849,resp_viral,repeat,0,0
16181849,colonization,repeat,0,0
16181849,gerd,repeat,2,2
16181849,azithromycin,repeat,0,0
16181849,telomere,repeat,0,0
16181849,pre_tx_is,repeat,0,0
16181849,antifibrotic,repeat,0,0
16181849,nonhla_ab,repeat,0,0
16181849,cmv_dr,high,0,0
16181849,hla_mismatch,high,0,0
16181849,pre_tx_dsa,high,0,0
16181849,de_novo_dsa,high,0,0
16181849,induction,high,0,0
16181849,maintenance_is,high,0,1
16181849,acr,high,0,0
16181849,amr,high,0,0
16181849,pgd,high,0,0
16181849,cmv_events,high,0,0
16181849,resp_viral,high,0,0
16181849,colonization,high,0,0
16181849,gerd,high,2,2
16181849,azithromycin,high,0,0
16181849,telomere,high,0,0
16181849,pre_tx_is,high,0,0
16181849,antifibrotic,high,0,0
16181849,nonhla_ab,high,0,0
16210132,cmv_dr,repeat,0,0
16210132,hla_mismatch,repeat,0,0
16210132,pre_tx_dsa,repeat,0,0
16210132,de_novo_dsa,repeat,0,0
16210132,induction,repeat,0,0
16210132,maintenance_is,repeat,0,0
16210132,acr,repeat,0,0
16210132,amr,repeat,0,0
16210132,pgd,repeat,0,0
16210132,cmv_events,repeat,1,1
16210132,resp_viral,repeat,0,0
16210132,colonization,repeat,0,0
16210132,gerd,repeat,0,0
16210132,azithromycin,repeat,0,0
16210132,nonhla_ab,repeat,0,0
16210132,cmv_dr,high,0,0
16210132,hla_mismatch,high,0,0
16210132,pre_tx_dsa,high,0,0
16210132,de_novo_dsa,high,0,0
16210132,induction,high,0,0
16210132,maintenance_is,high,0,0
16210132,acr,high,0,0
16210132,amr,high,0,0
16210132,pgd,high,0,0
16210132,cmv_events,high,1,1
16210132,resp_viral,high,0,0
16210132,colonization,high,0,0
16210132,gerd,high,0,0
16210132,azithromycin,high,0,0
16210132,nonhla_ab,high,0,0
16364859,cmv_dr,repeat,1,1
16364859,hla_mismatch,repeat,0,0
16364859,pre_tx_dsa,repeat,0,0
16364859,de_novo_dsa,repeat,0,0
16364859,induction,repeat,2,2
16364859,maintenance_is,repeat,2,1
16364859,acr,repeat,0,0
16364859,amr,repeat,0,0
16364859,pgd,repeat,0,0
16364859,cmv_events,repeat,0,0
16364859,resp_viral,repeat,2,2
16364859,colonization,repeat,0,0
16364859,gerd,repeat,0,0
16364859,azithromycin,repeat,0,0
16364859,telomere,repeat,0,0
16364859,antifibrotic,repeat,0,0
16364859,cni_ipv,repeat,1,1
16364859,nonhla_ab,repeat,0,0
16364859,cmv_dr,high,1,1
16364859,hla_mismatch,high,0,0
16364859,pre_tx_dsa,high,0,0
16364859,de_novo_dsa,high,0,0
16364859,induction,high,2,2
16364859,maintenance_is,high,2,1
16364859,acr,high,0,0
16364859,amr,high,0,0
16364859,pgd,high,0,0
16364859,cmv_events,high,0,0
16364859,resp_viral,high,2,2
16364859,colonization,high,0,0
16364859,gerd,high,0,0
16364859,azithromycin,high,0,0
16364859,telomere,high,0,0
16364859,antifibrotic,high,0,0
16364859,cni_ipv,high,1,1
16364859,nonhla_ab,high,0,0
16368382,cmv_dr,repeat,2,1
16368382,hla_mismatch,repeat,1,1
16368382,pre_tx_dsa,repeat,1,1
16368382,de_novo_dsa,repeat,0,0
16368382,induction,repeat,2,2
16368382,maintenance_is,repeat,2,2
16368382,acr,repeat,2,2
16368382,amr,repeat,0,0
16368382,pgd,repeat,0,0
16368382,cmv_events,repeat,2,2
16368382,resp_viral,repeat,0,1
16368382,colonization,repeat,1,1
16368382,gerd,repeat,1,1
16368382,azithromycin,repeat,0,0
16368382,cni_ipv,repeat,1,1
16368382,nonhla_ab,repeat,0,0
16368382,cmv_dr,high,2,1
16368382,hla_mismatch,high,1,1
16368382,pre_tx_dsa,high,1,1
16368382,de_novo_dsa,high,0,0
16368382,induction,high,2,2
16368382,maintenance_is,high,2,1
16368382,acr,high,2,2
16368382,amr,high,0,0
16368382,pgd,high,0,0
16368382,cmv_events,high,2,1
16368382,resp_viral,high,0,0
16368382,colonization,high,1,0
16368382,gerd,high,1,1
16368382,azithromycin,high,0,0
16368382,cni_ipv,high,1,1
16368382,nonhla_ab,high,0,0
16563971,cmv_dr,repeat,1,1
16563971,hla_mismatch,repeat,1,1
16563971,pre_tx_dsa,repeat,0,0
16563971,de_novo_dsa,repeat,0,0
16563971,induction,repeat,2,2
16563971,maintenance_is,repeat,2,2
16563971,acr,repeat,0,1
16563971,amr,repeat,0,0
16563971,pgd,repeat,0,0
16563971,cmv_events,repeat,0,0
16563971,resp_viral,repeat,0,0
16563971,colonization,repeat,0,0
16563971,gerd,repeat,1,1
16563971,azithromycin,repeat,0,0
16563971,telomere,repeat,0,0
16563971,pre_tx_is,repeat,1,0
16563971,antifibrotic,repeat,0,0
16563971,cni_ipv,repeat,0,0
16563971,nonhla_ab,repeat,0,0
16563971,eplet_mm,repeat,0,0
16563971,cmv_dr,high,1,1
16563971,hla_mismatch,high,1,1
16563971,pre_tx_dsa,high,0,0
16563971,de_novo_dsa,high,0,0
16563971,induction,high,2,0
16563971,maintenance_is,high,2,2
16563971,acr,high,0,1
16563971,amr,high,0,0
16563971,pgd,high,0,0
16563971,cmv_events,high,0,0
16563971,resp_viral,high,0,0
16563971,colonization,high,0,0
16563971,gerd,high,1,1
16563971,azithromycin,high,0,0
16563971,telomere,high,0,0
16563971,pre_tx_is,high,1,0
16563971,antifibrotic,high,0,0
16563971,cni_ipv,high,0,0
16563971,nonhla_ab,high,0,0
16563971,eplet_mm,high,0,0
16608952,cmv_dr,repeat,0,0
16608952,hla_mismatch,repeat,0,0
16608952,pre_tx_dsa,repeat,0,0
16608952,de_novo_dsa,repeat,0,0
16608952,induction,repeat,0,0
16608952,maintenance_is,repeat,0,0
16608952,acr,repeat,2,2
16608952,amr,repeat,1,1
16608952,pgd,repeat,0,0
16608952,cmv_events,repeat,0,0
16608952,resp_viral,repeat,0,0
16608952,colonization,repeat,1,0
16608952,gerd,repeat,2,2
16608952,azithromycin,repeat,0,0
16608952,telomere,repeat,0,0
16608952,pre_tx_is,repeat,0,0
16608952,antifibrotic,repeat,0,0
16608952,nonhla_ab,repeat,0,0
16608952,cmv_dr,high,0,0
16608952,hla_mismatch,high,0,0
16608952,pre_tx_dsa,high,0,0
16608952,de_novo_dsa,high,0,0
16608952,induction,high,0,0
16608952,maintenance_is,high,0,0
16608952,acr,high,2,2
16608952,amr,high,1,1
16608952,pgd,high,0,0
16608952,cmv_events,high,0,0
16608952,resp_viral,high,0,0
16608952,colonization,high,1,0
16608952,gerd,high,2,2
16608952,azithromycin,high,0,0
16608952,telomere,high,0,0
16608952,pre_tx_is,high,0,0
16608952,antifibrotic,high,0,0
16608952,nonhla_ab,high,0,0
16670170,cmv_dr,repeat,0,0
16670170,hla_mismatch,repeat,0,0
16670170,pre_tx_dsa,repeat,0,0
16670170,de_novo_dsa,repeat,0,0
16670170,induction,repeat,0,0
16670170,maintenance_is,repeat,0,0
16670170,acr,repeat,0,0
16670170,amr,repeat,0,0
16670170,pgd,repeat,0,0
16670170,cmv_events,repeat,0,0
16670170,resp_viral,repeat,0,0
16670170,colonization,repeat,0,0
16670170,gerd,repeat,0,0
16670170,azithromycin,repeat,0,0
16670170,telomere,repeat,0,0
16670170,pre_tx_is,repeat,0,0
16670170,antifibrotic,repeat,0,0
16670170,nonhla_ab,repeat,0,0
16670170,cmv_dr,high,0,0
16670170,hla_mismatch,high,0,0
16670170,pre_tx_dsa,high,0,0
16670170,de_novo_dsa,high,0,0
16670170,induction,high,0,0
16670170,maintenance_is,high,0,0
16670170,acr,high,0,0
16670170,amr,high,0,0
16670170,pgd,high,0,0
16670170,cmv_events,high,0,0
16670170,resp_viral,high,0,0
16670170,colonization,high,0,0
16670170,gerd,high,0,0
16670170,azithromycin,high,0,0
16670170,telomere,high,0,0
16670170,pre_tx_is,high,0,0
16670170,antifibrotic,high,0,0
16670170,nonhla_ab,high,0,0
16678604,cmv_dr,repeat,0,0
16678604,hla_mismatch,repeat,0,0
16678604,pre_tx_dsa,repeat,0,0
16678604,de_novo_dsa,repeat,0,0
16678604,induction,repeat,0,0
16678604,maintenance_is,repeat,0,0
16678604,acr,repeat,0,0
16678604,amr,repeat,0,0
16678604,pgd,repeat,2,2
16678604,cmv_events,repeat,0,0
16678604,resp_viral,repeat,0,0
16678604,colonization,repeat,0,0
16678604,gerd,repeat,0,0
16678604,azithromycin,repeat,0,0
16678604,telomere,repeat,0,0
16678604,nonhla_ab,repeat,0,0
16678604,cmv_dr,high,0,0
16678604,hla_mismatch,high,0,0
16678604,pre_tx_dsa,high,0,0
16678604,de_novo_dsa,high,0,0
16678604,induction,high,0,0
16678604,maintenance_is,high,0,0
16678604,acr,high,0,0
16678604,amr,high,0,0
16678604,pgd,high,2,2
16678604,cmv_events,high,0,0
16678604,resp_viral,high,0,0
16678604,colonization,high,0,0
16678604,gerd,high,0,0
16678604,azithromycin,high,0,0
16678604,telomere,high,0,0
16678604,nonhla_ab,high,0,0
16686775,cmv_dr,repeat,0,0
16686775,hla_mismatch,repeat,0,0
16686775,pre_tx_dsa,repeat,0,0
16686775,de_novo_dsa,repeat,0,0
16686775,induction,repeat,1,1
16686775,maintenance_is,repeat,2,1
16686775,acr,repeat,2,2
16686775,amr,repeat,0,0
16686775,pgd,repeat,0,0
16686775,cmv_events,repeat,0,0
16686775,resp_viral,repeat,0,0
16686775,colonization,repeat,2,2
16686775,gerd,repeat,1,1
16686775,azithromycin,repeat,0,0
16686775,telomere,repeat,0,0
16686775,pre_tx_is,repeat,0,0
16686775,antifibrotic,repeat,0,0
16686775,cni_ipv,repeat,0,0
16686775,nonhla_ab,repeat,0,0
16686775,cmv_dr,high,0,0
16686775,hla_mismatch,high,0,0
16686775,pre_tx_dsa,high,0,0
16686775,de_novo_dsa,high,0,0
16686775,induction,high,1,2
16686775,maintenance_is,high,2,1
16686775,acr,high,2,2
16686775,amr,high,0,0
16686775,pgd,high,0,0
16686775,cmv_events,high,0,0
16686775,resp_viral,high,0,1
16686775,colonization,high,2,2
16686775,gerd,high,1,1
16686775,azithromycin,high,0,0
16686775,telomere,high,0,0
16686775,pre_tx_is,high,0,0
16686775,antifibrotic,high,0,0
16686775,cni_ipv,high,0,0
16686775,nonhla_ab,high,0,0
17234904,cmv_dr,repeat,0,0
17234904,hla_mismatch,repeat,0,0
17234904,pre_tx_dsa,repeat,0,0
17234904,de_novo_dsa,repeat,0,0
17234904,induction,repeat,0,0
17234904,maintenance_is,repeat,0,0
17234904,acr,repeat,0,0
17234904,amr,repeat,0,0
17234904,pgd,repeat,0,0
17234904,cmv_events,repeat,0,0
17234904,resp_viral,repeat,0,0
17234904,colonization,repeat,0,0
17234904,gerd,repeat,0,0
17234904,azithromycin,repeat,0,0
17234904,nonhla_ab,repeat,0,0
17234904,cmv_dr,high,0,0
17234904,hla_mismatch,high,0,0
17234904,pre_tx_dsa,high,0,0
17234904,de_novo_dsa,high,0,0
17234904,induction,high,0,0
17234904,maintenance_is,high,0,0
17234904,acr,high,0,0
17234904,amr,high,0,0
17234904,pgd,high,0,0
17234904,cmv_events,high,0,0
17234904,resp_viral,high,0,0
17234904,colonization,high,0,0
17234904,gerd,high,0,0
17234904,azithromycin,high,0,1
17234904,nonhla_ab,high,0,0
17613397,cmv_dr,repeat,1,0
17613397,hla_mismatch,repeat,0,0
17613397,pre_tx_dsa,repeat,0,0
17613397,de_novo_dsa,repeat,0,0
17613397,induction,repeat,1,1
17613397,maintenance_is,repeat,1,1
17613397,acr,repeat,1,1
17613397,amr,repeat,0,0
17613397,pgd,repeat,0,0
17613397,cmv_events,repeat,0,0
17613397,resp_viral,repeat,0,0
17613397,colonization,repeat,0,0
17613397,gerd,repeat,0,0
17613397,azithromycin,repeat,0,0
17613397,telomere,repeat,0,0
17613397,pre_tx_is,repeat,0,0
17613397,antifibrotic,repeat,0,0
17613397,cni_ipv,repeat,0,0
17613397,nonhla_ab,repeat,0,0
17613397,cmv_dr,high,1,1
17613397,hla_mismatch,high,0,0
17613397,pre_tx_dsa,high,0,0
17613397,de_novo_dsa,high,0,0
17613397,induction,high,1,1
17613397,maintenance_is,high,1,1
17613397,acr,high,1,1
17613397,amr,high,0,0
17613397,pgd,high,0,0
17613397,cmv_events,high,0,0
17613397,resp_viral,high,0,0
17613397,colonization,high,0,0
17613397,gerd,high,0,0
17613397,azithromycin,high,0,0
17613397,telomere,high,0,0
17613397,pre_tx_is,high,0,0
17613397,antifibrotic,high,0,0
17613397,cni_ipv,high,0,0
17613397,nonhla_ab,high,0,0
17900918,cmv_dr,repeat,0,0
17900918,hla_mismatch,repeat,0,0
17900918,pre_tx_dsa,repeat,0,0
17900918,de_novo_dsa,repeat,0,0
17900918,induction,repeat,2,1
17900918,maintenance_is,repeat,2,1
17900918,acr,repeat,1,1
17900918,amr,repeat,0,0
17900918,pgd,repeat,0,0
17900918,cmv_events,repeat,0,0
17900918,resp_viral,repeat,0,0
17900918,colonization,repeat,0,0
17900918,gerd,repeat,0,0
17900918,azithromycin,repeat,0,0
17900918,cni_ipv,repeat,0,1
17900918,nonhla_ab,repeat,0,0
17900918,cmv_dr,high,0,0
17900918,hla_mismatch,high,0,0
17900918,pre_tx_dsa,high,0,0
17900918,de_novo_dsa,high,0,0
17900918,induction,high,2,1
17900918,maintenance_is,high,2,1
17900918,acr,high,1,0
17900918,amr,high,0,0
17900918,pgd,high,0,0
17900918,cmv_events,high,0,0
17900918,resp_viral,high,0,0
17900918,colonization,high,0,0
17900918,gerd,high,0,0
17900918,azithromycin,high,0,0
17900918,cni_ipv,high,0,0
17900918,nonhla_ab,high,0,0
18187088,cmv_dr,repeat,0,0
18187088,hla_mismatch,repeat,0,0
18187088,pre_tx_dsa,repeat,0,0
18187088,de_novo_dsa,repeat,0,0
18187088,induction,repeat,1,1
18187088,maintenance_is,repeat,1,1
18187088,acr,repeat,0,1
18187088,amr,repeat,0,0
18187088,pgd,repeat,1,1
18187088,cmv_events,repeat,1,0
18187088,resp_viral,repeat,0,0
18187088,colonization,repeat,0,0
18187088,gerd,repeat,0,0
18187088,azithromycin,repeat,0,0
18187088,telomere,repeat,0,0
18187088,pre_tx_is,repeat,0,0
18187088,antifibrotic,repeat,0,0
18187088,nonhla_ab,repeat,0,0
18187088,cmv_dr,high,0,0
18187088,hla_mismatch,high,0,0
18187088,pre_tx_dsa,high,0,0
18187088,de_novo_dsa,high,0,0
18187088,induction,high,1,1
18187088,maintenance_is,high,1,1
18187088,acr,high,0,1
18187088,amr,high,0,0
18187088,pgd,high,1,1
18187088,cmv_events,high,1,1
18187088,resp_viral,high,0,0
18187088,colonization,high,0,0
18187088,gerd,high,0,0
18187088,azithromycin,high,0,0
18187088,telomere,high,0,0
18187088,antifibrotic,high,0,0
18187088,nonhla_ab,high,0,0
18459990,cmv_dr,repeat,0,0
18459990,hla_mismatch,repeat,0,0
18459990,pre_tx_dsa,repeat,0,0
18459990,de_novo_dsa,repeat,0,0
18459990,induction,repeat,0,0
18459990,maintenance_is,repeat,2,1
18459990,acr,repeat,2,2
18459990,amr,repeat,0,0
18459990,pgd,repeat,0,0
18459990,cmv_events,repeat,0,0
18459990,resp_viral,repeat,0,0
18459990,colonization,repeat,0,0
18459990,gerd,repeat,2,2
18459990,azithromycin,repeat,0,0
18459990,telomere,repeat,0,0
18459990,pre_tx_is,repeat,0,0
18459990,antifibrotic,repeat,0,0
18459990,cni_ipv,repeat,0,0
18459990,nonhla_ab,repeat,0,0
18459990,cmv_dr,high,0,0
18459990,hla_mismatch,high,0,0
18459990,pre_tx_dsa,high,0,0
18459990,de_novo_dsa,high,0,0
18459990,induction,high,0,0
18459990,maintenance_is,high,2,1
18459990,acr,high,2,2
18459990,amr,high,0,0
18459990,pgd,high,0,0
18459990,cmv_events,high,0,0
18459990,resp_viral,high,0,0
18459990,colonization,high,0,0
18459990,gerd,high,2,2
18459990,azithromycin,high,0,0
18459990,telomere,high,0,0
18459990,pre_tx_is,high,0,0
18459990,antifibrotic,high,0,0
18459990,nonhla_ab,high,0,0
18573422,cmv_dr,repeat,0,0
18573422,hla_mismatch,repeat,1,1
18573422,pre_tx_dsa,repeat,0,1
18573422,de_novo_dsa,repeat,2,2
18573422,induction,repeat,1,1
18573422,maintenance_is,repeat,2,1
18573422,acr,repeat,1,1
18573422,amr,repeat,0,0
18573422,pgd,repeat,2,2
18573422,cmv_events,repeat,0,0
18573422,resp_viral,repeat,1,1
18573422,colonization,repeat,0,0
18573422,gerd,repeat,1,1
18573422,azithromycin,repeat,0,0
18573422,telomere,repeat,0,0
18573422,pre_tx_is,repeat,0,0
18573422,antifibrotic,repeat,0,0
18573422,cni_ipv,repeat,1,0
18573422,nonhla_ab,repeat,0,0
18573422,eplet_mm,repeat,0,0
18573422,cmv_dr,high,0,0
18573422,hla_mismatch,high,1,1
18573422,pre_tx_dsa,high,0,1
18573422,de_novo_dsa,high,2,0
18573422,induction,high,1,1
18573422,maintenance_is,high,2,1
18573422,acr,high,1,1
18573422,amr,high,0,0
18573422,pgd,high,2,2
18573422,cmv_events,high,0,0
18573422,resp_viral,high,1,1
18573422,colonization,high,0,0
18573422,gerd,high,1,1
18573422,azithromycin,high,0,0
18573422,telomere,high,0,0
18573422,pre_tx_is,high,0,0
18573422,antifibrotic,high,0,0
18573422,cni_ipv,high,1,0
18573422,nonhla_ab,high,0,0
18573422,eplet_mm,high,0,0
18658110,cmv_dr,repeat,0,0
18658110,hla_mismatch,repeat,0,0
18658110,pre_tx_dsa,repeat,0,0
18658110,de_novo_dsa,repeat,0,0
18658110,induction,repeat,0,0
18658110,maintenance_is,repeat,2,1
18658110,acr,repeat,1,2
18658110,amr,repeat,0,0
18658110,pgd,repeat,0,0
18658110,cmv_events,repeat,0,0
18658110,resp_viral,repeat,2,2
18658110,colonization,repeat,1,1
18658110,gerd,repeat,0,0
18658110,azithromycin,repeat,0,0
18658110,cni_ipv,repeat,1,1
18658110,nonhla_ab,repeat,0,0
18658110,cmv_dr,high,0,0
18658110,hla_mismatch,high,0,0
18658110,pre_tx_dsa,high,0,0
18658110,de_novo_dsa,high,0,0
18658110,induction,high,0,0
18658110,maintenance_is,high,2,1
18658110,acr,high,1,1
18658110,amr,high,0,0
18658110,pgd,high,0,0
18658110,cmv_events,high,0,0
18658110,resp_viral,high,2,2
18658110,colonization,high,1,1
18658110,gerd,high,0,0
18658110,azithromycin,high,0,0
18658110,cni_ipv,high,1,1
18658110,nonhla_ab,high,0,0
18786233,cmv_dr,repeat,0,0
18786233,hla_mismatch,repeat,0,0
18786233,pre_tx_dsa,repeat,0,0
18786233,de_novo_dsa,repeat,0,0
18786233,induction,repeat,1,1
18786233,maintenance_is,repeat,2,2
18786233,acr,repeat,2,1
18786233,amr,repeat,0,0
18786233,pgd,repeat,0,0
18786233,cmv_events,repeat,0,0
18786233,resp_viral,repeat,0,1
18786233,colonization,repeat,2,2
18786233,gerd,repeat,1,1
18786233,azithromycin,repeat,2,2
18786233,telomere,repeat,0,0
18786233,antifibrotic,repeat,0,0
18786233,cni_ipv,repeat,1,1
18786233,nonhla_ab,repeat,0,0
18786233,cmv_dr,high,0,0
18786233,hla_mismatch,high,0,0
18786233,pre_tx_dsa,high,0,0
18786233,de_novo_dsa,high,0,0
18786233,induction,high,1,1
18786233,maintenance_is,high,2,2
18786233,acr,high,2,2
18786233,amr,high,0,0
18786233,pgd,high,0,0
18786233,cmv_events,high,0,0
18786233,resp_viral,high,0,1
18786233,colonization,high,2,2
18786233,gerd,high,1,1
18786233,azithromycin,high,2,2
18786233,telomere,high,0,0
18786233,antifibrotic,high,0,0
18786233,cni_ipv,high,1,1
18786233,nonhla_ab,high,0,0
19039632,cmv_dr,repeat,0,0
19039632,hla_mismatch,repeat,0,0
19039632,pre_tx_dsa,repeat,0,0
19039632,de_novo_dsa,repeat,0,0
19039632,induction,repeat,2,2
19039632,maintenance_is,repeat,2,1
19039632,acr,repeat,1,1
19039632,amr,repeat,0,0
19039632,pgd,repeat,0,0
19039632,cmv_events,repeat,0,0
19039632,resp_viral,repeat,0,0
19039632,colonization,repeat,1,1
19039632,gerd,repeat,0,0
19039632,azithromycin,repeat,0,0
19039632,cni_ipv,repeat,1,0
19039632,nonhla_ab,repeat,0,0
19039632,cmv_dr,high,0,0
19039632,hla_mismatch,high,0,0
19039632,pre_tx_dsa,high,0,0
19039632,de_novo_dsa,high,0,0
19039632,induction,high,2,2
19039632,maintenance_is,high,2,1
19039632,acr,high,1,1
19039632,amr,high,0,0
19039632,pgd,high,0,0
19039632,cmv_events,high,0,0
19039632,resp_viral,high,0,0
19039632,colonization,high,1,1
19039632,gerd,high,0,0
19039632,azithromycin,high,0,0
19039632,cni_ipv,high,1,0
19039632,nonhla_ab,high,0,0
19328957,cmv_dr,repeat,1,1
19328957,hla_mismatch,repeat,0,0
19328957,pre_tx_dsa,repeat,0,0
19328957,de_novo_dsa,repeat,0,0
19328957,induction,repeat,1,1
19328957,maintenance_is,repeat,1,1
19328957,acr,repeat,0,0
19328957,amr,repeat,0,0
19328957,pgd,repeat,2,2
19328957,cmv_events,repeat,0,0
19328957,resp_viral,repeat,1,1
19328957,colonization,repeat,0,0
19328957,gerd,repeat,0,0
19328957,azithromycin,repeat,1,1
19328957,telomere,repeat,0,0
19328957,cni_ipv,repeat,0,0
19328957,nonhla_ab,repeat,0,0
19328957,cmv_dr,high,1,1
19328957,hla_mismatch,high,0,0
19328957,pre_tx_dsa,high,0,0
19328957,de_novo_dsa,high,0,0
19328957,induction,high,1,1
19328957,maintenance_is,high,1,1
19328957,acr,high,0,1
19328957,amr,high,0,0
19328957,pgd,high,2,2
19328957,cmv_events,high,0,0
19328957,resp_viral,high,1,2
19328957,colonization,high,0,0
19328957,gerd,high,0,0
19328957,azithromycin,high,1,0
19328957,nonhla_ab,high,0,0
19696635,cmv_dr,repeat,0,0
19696635,hla_mismatch,repeat,0,0
19696635,pre_tx_dsa,repeat,0,0
19696635,de_novo_dsa,repeat,0,0
19696635,induction,repeat,0,0
19696635,maintenance_is,repeat,2,2
19696635,acr,repeat,2,1
19696635,amr,repeat,0,0
19696635,pgd,repeat,0,0
19696635,cmv_events,repeat,0,0
19696635,resp_viral,repeat,0,0
19696635,colonization,repeat,0,0
19696635,gerd,repeat,1,1
19696635,azithromycin,repeat,0,0
19696635,telomere,repeat,0,0
19696635,pre_tx_is,repeat,0,0
19696635,antifibrotic,repeat,0,0
19696635,cni_ipv,repeat,0,0
19696635,nonhla_ab,repeat,0,0
19696635,cmv_dr,high,0,0
19696635,hla_mismatch,high,0,0
19696635,pre_tx_dsa,high,0,0
19696635,de_novo_dsa,high,0,0
19696635,induction,high,0,0
19696635,maintenance_is,high,2,2
19696635,acr,high,2,1
19696635,amr,high,0,0
19696635,pgd,high,0,0
19696635,cmv_events,high,0,0
19696635,resp_viral,high,0,0
19696635,colonization,high,0,0
19696635,gerd,high,1,1
19696635,azithromycin,high,0,0
19696635,telomere,high,0,0
19696635,pre_tx_is,high,0,0
19696635,antifibrotic,high,0,0
19696635,nonhla_ab,high,0,0
20059725,cmv_dr,repeat,2,2
20059725,hla_mismatch,repeat,0,0
20059725,pre_tx_dsa,repeat,0,0
20059725,de_novo_dsa,repeat,0,0
20059725,induction,repeat,2,2
20059725,maintenance_is,repeat,2,1
20059725,acr,repeat,2,2
20059725,amr,repeat,0,0
20059725,pgd,repeat,0,0
20059725,cmv_events,repeat,1,1
20059725,resp_viral,repeat,1,1
20059725,colonization,repeat,0,0
20059725,gerd,repeat,0,0
20059725,azithromycin,repeat,0,0
20059725,cni_ipv,repeat,0,0
20059725,nonhla_ab,repeat,0,0
20059725,cmv_dr,high,2,2
20059725,hla_mismatch,high,0,0
20059725,pre_tx_dsa,high,0,0
20059725,de_novo_dsa,high,0,0
20059725,induction,high,2,2
20059725,maintenance_is,high,2,2
20059725,acr,high,2,2
20059725,amr,high,0,0
20059725,pgd,high,0,0
20059725,cmv_events,high,1,1
20059725,resp_viral,high,1,1
20059725,colonization,high,0,0
20059725,gerd,high,0,0
20059725,azithromycin,high,0,0
20059725,cni_ipv,high,0,0
20059725,nonhla_ab,high,0,0
20230541,cmv_dr,repeat,1,1
20230541,hla_mismatch,repeat,1,1
20230541,pre_tx_dsa,repeat,0,0
20230541,de_novo_dsa,repeat,0,0
20230541,induction,repeat,2,2
20230541,maintenance_is,repeat,2,2
20230541,acr,repeat,2,2
20230541,amr,repeat,0,0
20230541,pgd,repeat,0,0
20230541,cmv_events,repeat,1,1
20230541,resp_viral,repeat,0,0
20230541,colonization,repeat,1,0
20230541,gerd,repeat,0,0
20230541,azithromycin,repeat,0,0
20230541,telomere,repeat,0,0
20230541,pre_tx_is,repeat,0,0
20230541,antifibrotic,repeat,0,0
20230541,cni_ipv,repeat,0,0
20230541,nonhla_ab,repeat,0,0
20230541,eplet_mm,repeat,0,0
20230541,cmv_dr,high,1,1
20230541,hla_mismatch,high,1,1
20230541,pre_tx_dsa,high,0,0
20230541,de_novo_dsa,high,0,0
20230541,induction,high,2,2
20230541,maintenance_is,high,2,1
20230541,acr,high,2,2
20230541,amr,high,0,0
20230541,pgd,high,0,0
20230541,cmv_events,high,1,2
20230541,resp_viral,high,0,1
20230541,colonization,high,1,1
20230541,gerd,high,0,0
20230541,azithromycin,high,0,0
20230541,telomere,high,0,0
20230541,pre_tx_is,high,0,0
20230541,antifibrotic,high,0,0
20230541,cni_ipv,high,0,0
20230541,nonhla_ab,high,0,0
20230541,eplet_mm,high,0,0
20456980,cmv_dr,repeat,0,0
20456980,hla_mismatch,repeat,0,0
20456980,pre_tx_dsa,repeat,0,0
20456980,de_novo_dsa,repeat,0,0
20456980,induction,repeat,2,2
20456980,maintenance_is,repeat,2,2
20456980,acr,repeat,0,1
20456980,amr,repeat,0,0
20456980,pgd,repeat,0,0
20456980,cmv_events,repeat,0,0
20456980,resp_viral,repeat,1,1
20456980,colonization,repeat,0,0
20456980,gerd,repeat,1,1
20456980,azithromycin,repeat,1,1
20456980,telomere,repeat,0,0
20456980,pre_tx_is,repeat,2,2
20456980,antifibrotic,repeat,0,0
20456980,cni_ipv,repeat,0,0
20456980,nonhla_ab,repeat,0,0
20456980,cmv_dr,high,0,0
20456980,hla_mismatch,high,0,0
20456980,pre_tx_dsa,high,0,0
20456980,de_novo_dsa,high,0,0
20456980,induction,high,2,1
20456980,maintenance_is,high,2,2
20456980,acr,high,0,0
20456980,amr,high,0,0
20456980,pgd,high,0,0
20456980,cmv_events,high,0,0
20456980,resp_viral,high,1,1
20456980,colonization,high,0,0
20456980,gerd,high,1,1
20456980,azithromycin,high,1,0
20456980,telomere,high,0,0
20456980,pre_tx_is,high,2,2
20456980,antifibrotic,high,0,0
20456980,cni_ipv,high,0,0
20456980,nonhla_ab,high,0,0
20667031,cmv_dr,repeat,0,0
20667031,hla_mismatch,repeat,0,0
20667031,pre_tx_dsa,repeat,0,0
20667031,de_novo_dsa,repeat,0,0
20667031,induction,repeat,0,0
20667031,maintenance_is,repeat,0,0
20667031,acr,repeat,1,2
20667031,amr,repeat,0,0
20667031,pgd,repeat,0,0
20667031,cmv_events,repeat,0,0
20667031,resp_viral,repeat,0,0
20667031,colonization,repeat,0,0
20667031,gerd,repeat,0,0
20667031,azithromycin,repeat,0,0
20667031,telomere,repeat,0,0
20667031,pre_tx_is,repeat,0,0
20667031,antifibrotic,repeat,0,0
20667031,nonhla_ab,repeat,0,0
20667031,cmv_dr,high,0,0
20667031,hla_mismatch,high,0,0
20667031,pre_tx_dsa,high,0,0
20667031,de_novo_dsa,high,0,0
20667031,induction,high,0,0
20667031,maintenance_is,high,0,0
20667031,acr,high,1,2
20667031,amr,high,0,0
20667031,pgd,high,0,0
20667031,cmv_events,high,0,0
20667031,resp_viral,high,0,1
20667031,colonization,high,0,0
20667031,gerd,high,0,0
20667031,azithromycin,high,0,0
20667031,telomere,high,0,0
20667031,pre_tx_is,high,0,0
20667031,antifibrotic,high,0,0
20667031,nonhla_ab,high,0,0
21087415,cmv_dr,repeat,1,1
21087415,hla_mismatch,repeat,0,0
21087415,pre_tx_dsa,repeat,0,0
21087415,de_novo_dsa,repeat,0,0
21087415,induction,repeat,2,2
21087415,maintenance_is,repeat,2,2
21087415,acr,repeat,2,1
21087415,amr,repeat,0,0
21087415,pgd,repeat,0,0
21087415,cmv_events,repeat,2,0
21087415,resp_viral,repeat,0,0
21087415,colonization,repeat,0,0
21087415,gerd,repeat,0,0
21087415,azithromycin,repeat,1,1
21087415,telomere,repeat,0,0
21087415,pre_tx_is,repeat,0,0
21087415,antifibrotic,repeat,0,0
21087415,cni_ipv,repeat,0,0
21087415,nonhla_ab,repeat,0,0
21087415,cmv_dr,high,1,1
21087415,hla_mismatch,high,0,0
21087415,pre_tx_dsa,high,0,0
21087415,de_novo_dsa,high,0,0
21087415,induction,high,2,2
21087415,maintenance_is,high,2,1
21087415,acr,high,2,2
21087415,amr,high,0,0
21087415,pgd,high,0,0
21087415,cmv_events,high,2,0
21087415,resp_viral,high,0,0
21087415,colonization,high,0,0
21087415,gerd,high,0,0
21087415,azithromycin,high,1,1
21087415,telomere,high,0,0
21087415,pre_tx_is,high,0,0
21087415,antifibrotic,high,0,0
21087415,cni_ipv,high,0,0
21087415,nonhla_ab,high,0,0
21168710,cmv_dr,repeat,1,1
21168710,hla_mismatch,repeat,0,0
21168710,pre_tx_dsa,repeat,0,0
21168710,de_novo_dsa,repeat,0,0
21168710,induction,repeat,0,0
21168710,maintenance_is,repeat,2,1
21168710,acr,repeat,0,0
21168710,amr,repeat,0,0
21168710,pgd,repeat,0,0
21168710,cmv_events,repeat,0,0
21168710,resp_viral,repeat,0,0
21168710,colonization,repeat,1,1
21168710,gerd,repeat,1,1
21168710,azithromycin,repeat,0,0
21168710,telomere,repeat,0,0
21168710,antifibrotic,repeat,0,0
21168710,nonhla_ab,repeat,0,0
21168710,cmv_dr,high,1,1
21168710,hla_mismatch,high,0,0
21168710,pre_tx_dsa,high,0,0
21168710,de_novo_dsa,high,0,0
21168710,induction,high,0,0
21168710,maintenance_is,high,2,2
21168710,acr,high,0,0
21168710,amr,high,0,0
21168710,pgd,high,0,0
21168710,cmv_events,high,0,0
21168710,resp_viral,high,0,0
21168710,colonization,high,1,2
21168710,gerd,high,1,1
21168710,azithromycin,high,0,0
21168710,telomere,high,0,0
21168710,antifibrotic,high,0,0
21168710,nonhla_ab,high,0,0
22112935,cmv_dr,repeat,1,1
22112935,hla_mismatch,repeat,0,0
22112935,pre_tx_dsa,repeat,0,0
22112935,de_novo_dsa,repeat,0,0
22112935,induction,repeat,0,0
22112935,maintenance_is,repeat,0,0
22112935,acr,repeat,2,2
22112935,amr,repeat,0,0
22112935,pgd,repeat,0,0
22112935,cmv_events,repeat,2,2
22112935,resp_viral,repeat,0,0
22112935,colonization,repeat,0,0
22112935,gerd,repeat,0,0
22112935,azithromycin,repeat,0,0
22112935,nonhla_ab,repeat,0,0
22112935,cmv_dr,high,1,1
22112935,hla_mismatch,high,0,0
22112935,pre_tx_dsa,high,0,0
22112935,de_novo_dsa,high,0,0
22112935,induction,high,0,0
22112935,maintenance_is,high,0,0
22112935,acr,high,2,2
22112935,amr,high,0,0
22112935,pgd,high,0,0
22112935,cmv_events,high,2,2
22112935,resp_viral,high,0,0
22112935,colonization,high,0,0
22112935,gerd,high,0,0
22112935,azithromycin,high,0,0
22112935,nonhla_ab,high,0,0
22217532,cmv_dr,repeat,0,0
22217532,hla_mismatch,repeat,0,0
22217532,pre_tx_dsa,repeat,0,0
22217532,de_novo_dsa,repeat,0,0
22217532,induction,repeat,0,0
22217532,maintenance_is,repeat,2,2
22217532,acr,repeat,0,0
22217532,amr,repeat,0,0
22217532,pgd,repeat,0,0
22217532,cmv_events,repeat,0,0
22217532,resp_viral,repeat,0,0
22217532,colonization,repeat,0,0
22217532,gerd,repeat,0,0
22217532,azithromycin,repeat,0,0
22217532,cni_ipv,repeat,0,0
22217532,nonhla_ab,repeat,0,0
22217532,cmv_dr,high,0,0
22217532,hla_mismatch,high,0,0
22217532,pre_tx_dsa,high,0,0
22217532,de_novo_dsa,high,0,0
22217532,induction,high,0,0
22217532,maintenance_is,high,2,2
22217532,acr,high,0,0
22217532,amr,high,0,0
22217532,pgd,high,0,0
22217532,cmv_events,high,0,0
22217532,resp_viral,high,0,0
22217532,colonization,high,0,0
22217532,gerd,high,0,0
22217532,azithromycin,high,0,0
22217532,nonhla_ab,high,0,0
22682332,cmv_dr,repeat,0,0
22682332,hla_mismatch,repeat,1,1
22682332,pre_tx_dsa,repeat,0,0
22682332,de_novo_dsa,repeat,0,0
22682332,induction,repeat,0,0
22682332,maintenance_is,repeat,0,0
22682332,acr,repeat,2,2
22682332,amr,repeat,0,0
22682332,pgd,repeat,0,0
22682332,cmv_events,repeat,1,1
22682332,resp_viral,repeat,0,0
22682332,colonization,repeat,0,1
22682332,gerd,repeat,1,1
22682332,azithromycin,repeat,2,2
22682332,telomere,repeat,0,0
22682332,pre_tx_is,repeat,0,0
22682332,antifibrotic,repeat,0,0
22682332,cni_ipv,repeat,1,1
22682332,nonhla_ab,repeat,0,0
22682332,cmv_dr,high,0,0
22682332,hla_mismatch,high,1,1
22682332,pre_tx_dsa,high,0,0
22682332,de_novo_dsa,high,0,0
22682332,induction,high,0,0
22682332,maintenance_is,high,0,1
22682332,acr,high,2,2
22682332,amr,high,0,0
22682332,pgd,high,0,0
22682332,cmv_events,high,1,1
22682332,resp_viral,high,0,0
22682332,colonization,high,0,1
22682332,gerd,high,1,1
22682332,azithromycin,high,2,2
22682332,telomere,high,0,0
22682332,pre_tx_is,high,0,0
22682332,antifibrotic,high,0,0
22682332,cni_ipv,high,1,1
22682332,nonhla_ab,high,0,0
22998935,cmv_dr,repeat,0,0
22998935,hla_mismatch,repeat,0,0
22998935,pre_tx_dsa,repeat,0,0
22998935,de_novo_dsa,repeat,0,0
22998935,induction,repeat,2,1
22998935,maintenance_is,repeat,2,1
22998935,acr,repeat,0,0
22998935,amr,repeat,0,0
22998935,pgd,repeat,0,0
22998935,cmv_events,repeat,0,0
22998935,resp_viral,repeat,0,0
22998935,colonization,repeat,2,2
22998935,gerd,repeat,0,0
22998935,azithromycin,repeat,0,0
22998935,cni_ipv,repeat,1,0
22998935,nonhla_ab,repeat,0,0
22998935,cmv_dr,high,0,0
22998935,hla_mismatch,high,0,0
22998935,pre_tx_dsa,high,0,0
22998935,de_novo_dsa,high,0,0
22998935,induction,high,2,1
22998935,maintenance_is,high,2,1
22998935,acr,high,0,0
22998935,amr,high,0,0
22998935,pgd,high,0,0
22998935,cmv_events,high,0,0
22998935,resp_viral,high,0,0
22998935,colonization,high,2,2
22998935,gerd,high,0,0
22998935,azithromycin,high,0,0
22998935,nonhla_ab,high,0,0
23425818,cmv_dr,repeat,2,2
23425818,hla_mismatch,repeat,1,1
23425818,pre_tx_dsa,repeat,0,0
23425818,de_novo_dsa,repeat,0,0
23425818,induction,repeat,0,0
23425818,maintenance_is,repeat,2,2
23425818,acr,repeat,2,2
23425818,amr,repeat,0,0
23425818,pgd,repeat,0,0
23425818,cmv_events,repeat,2,1
23425818,resp_viral,repeat,0,0
23425818,colonization,repeat,2,2
23425818,gerd,repeat,1,1
23425818,azithromycin,repeat,2,2
23425818,telomere,repeat,0,0
23425818,pre_tx_is,repeat,0,0
23425818,cni_ipv,repeat,1,0
23425818,nonhla_ab,repeat,0,0
23425818,cmv_dr,high,2,2
23425818,hla_mismatch,high,1,0
23425818,pre_tx_dsa,high,0,0
23425818,de_novo_dsa,high,0,0
23425818,induction,high,0,0
23425818,maintenance_is,high,2,1
23425818,acr,high,2,2
23425818,amr,high,0,0
23425818,pgd,high,0,0
23425818,cmv_events,high,2,2
23425818,resp_viral,high,0,0
23425818,colonization,high,2,2
23425818,gerd,high,1,1
23425818,azithromycin,high,2,2
23425818,telomere,high,0,0
23425818,pre_tx_is,high,0,0
23425818,antifibrotic,high,0,0
23425818,cni_ipv,high,1,0
23425818,nonhla_ab,high,0,0
24119986,cmv_dr,repeat,1,1
24119986,hla_mismatch,repeat,0,0
24119986,pre_tx_dsa,repeat,0,0
24119986,de_novo_dsa,repeat,0,0
24119986,induction,repeat,2,1
24119986,maintenance_is,repeat,2,2
24119986,acr,repeat,2,2
24119986,amr,repeat,0,0
24119986,pgd,repeat,0,0
24119986,cmv_events,repeat,1,1
24119986,resp_viral,repeat,2,2
24119986,colonization,repeat,1,0
24119986,gerd,repeat,0,0
24119986,azithromycin,repeat,0,0
24119986,telomere,repeat,0,0
24119986,pre_tx_is,repeat,0,0
24119986,antifibrotic,repeat,0,0
24119986,cni_ipv,repeat,1,1
24119986,nonhla_ab,repeat,0,0
24119986,cmv_dr,high,1,1
24119986,hla_mismatch,high,0,0
24119986,pre_tx_dsa,high,0,0
24119986,de_novo_dsa,high,0,0
24119986,induction,high,2,1
24119986,maintenance_is,high,2,2
24119986,acr,high,2,2
24119986,amr,high,0,0
24119986,pgd,high,0,0
24119986,cmv_events,high,1,1
24119986,resp_viral,high,2,2
24119986,colonization,high,1,0
24119986,gerd,high,0,0
24119986,azithromycin,high,0,0
24119986,telomere,high,0,0
24119986,pre_tx_is,high,0,0
24119986,antifibrotic,high,0,0
24119986,cni_ipv,high,1,1
24119986,nonhla_ab,high,0,0
25004453,cmv_dr,repeat,1,1
25004453,hla_mismatch,repeat,0,0
25004453,pre_tx_dsa,repeat,2,2
25004453,de_novo_dsa,repeat,2,2
25004453,induction,repeat,1,1
25004453,maintenance_is,repeat,1,1
25004453,acr,repeat,0,0
25004453,amr,repeat,2,2
25004453,pgd,repeat,0,0
25004453,cmv_events,repeat,0,0
25004453,resp_viral,repeat,0,0
25004453,colonization,repeat,2,1
25004453,gerd,repeat,0,0
25004453,azithromycin,repeat,0,0
25004453,telomere,repeat,0,0
25004453,pre_tx_is,repeat,0,0
25004453,antifibrotic,repeat,0,0
25004453,cni_ipv,repeat,1,1
25004453,nonhla_ab,repeat,1,1
25004453,eplet_mm,repeat,0,0
25004453,cmv_dr,high,1,1
25004453,hla_mismatch,high,0,0
25004453,pre_tx_dsa,high,2,2
25004453,de_novo_dsa,high,2,2
25004453,induction,high,1,1
25004453,maintenance_is,high,1,1
25004453,acr,high,0,0
25004453,amr,high,2,2
25004453,pgd,high,0,0
25004453,cmv_events,high,0,0
25004453,resp_viral,high,0,0
25004453,colonization,high,2,2
25004453,gerd,high,0,0
25004453,azithromycin,high,0,0
25004453,telomere,high,0,0
25004453,pre_tx_is,high,0,0
25004453,antifibrotic,high,0,0
25004453,cni_ipv,high,1,1
25004453,nonhla_ab,high,1,1
25004453,eplet_mm,high,0,0
25070600,cmv_dr,repeat,0,0
25070600,hla_mismatch,repeat,0,0
25070600,pre_tx_dsa,repeat,0,0
25070600,de_novo_dsa,repeat,0,0
25070600,induction,repeat,2,2
25070600,maintenance_is,repeat,2,2
25070600,acr,repeat,2,2
25070600,amr,repeat,0,0
25070600,pgd,repeat,2,2
25070600,cmv_events,repeat,0,0
25070600,resp_viral,repeat,0,0
25070600,colonization,repeat,1,0
25070600,gerd,repeat,0,1
25070600,azithromycin,repeat,0,0
25070600,telomere,repeat,0,0
25070600,pre_tx_is,repeat,0,0
25070600,antifibrotic,repeat,0,0
25070600,cni_ipv,repeat,0,0
25070600,nonhla_ab,repeat,0,0
25070600,cmv_dr,high,0,0
25070600,hla_mismatch,high,0,0
25070600,pre_tx_dsa,high,0,0
25070600,de_novo_dsa,high,0,0
25070600,induction,high,2,2
25070600,maintenance_is,high,2,1
25070600,acr,high,2,2
25070600,amr,high,0,0
25070600,pgd,high,2,2
25070600,cmv_events,high,0,0
25070600,resp_viral,high,0,0
25070600,colonization,high,1,0
25070600,gerd,high,0,0
25070600,azithromycin,high,0,0
25070600,telomere,high,0,0
25070600,pre_tx_is,high,0,0
25070600,antifibrotic,high,0,0
25070600,cni_ipv,high,0,0
25070600,nonhla_ab,high,0,0
25412059,cmv_dr,repeat,0,0
25412059,hla_mismatch,repeat,0,0
25412059,pre_tx_dsa,repeat,0,0
25412059,de_novo_dsa,repeat,0,0
25412059,induction,repeat,0,0
25412059,maintenance_is,repeat,2,2
25412059,acr,repeat,2,2
25412059,amr,repeat,0,0
25412059,pgd,repeat,0,0
25412059,cmv_events,repeat,0,0
25412059,resp_viral,repeat,0,0
25412059,colonization,repeat,0,0
25412059,gerd,repeat,0,0
25412059,azithromycin,repeat,0,0
25412059,telomere,repeat,0,0
25412059,pre_tx_is,repeat,2,2
25412059,antifibrotic,repeat,0,0
25412059,cni_ipv,repeat,0,0
25412059,nonhla_ab,repeat,0,0
25412059,cmv_dr,high,0,0
25412059,hla_mismatch,high,0,0
25412059,pre_tx_dsa,high,0,0
25412059,de_novo_dsa,high,0,0
25412059,induction,high,0,0
25412059,maintenance_is,high,2,2
25412059,acr,high,2,2
25412059,amr,high,0,0
25412059,pgd,high,0,0
25412059,cmv_events,high,0,0
25412059,resp_viral,high,0,0
25412059,colonization,high,0,0
25412059,gerd,high,0,0
25412059,azithromycin,high,0,0
25412059,telomere,high,0,0
25412059,pre_tx_is,high,2,2
25412059,antifibrotic,high,0,0
25412059,cni_ipv,high,0,0
25412059,nonhla_ab,high,0,0
25447582,cmv_dr,repeat,0,0
25447582,hla_mismatch,repeat,0,0
25447582,pre_tx_dsa,repeat,0,0
25447582,de_novo_dsa,repeat,0,0
25447582,induction,repeat,1,1
25447582,maintenance_is,repeat,2,1
25447582,acr,repeat,1,1
25447582,amr,repeat,0,0
25447582,pgd,repeat,0,0
25447582,cmv_events,repeat,0,0
25447582,resp_viral,repeat,2,2
25447582,colonization,repeat,0,0
25447582,gerd,repeat,0,0
25447582,azithromycin,repeat,0,0
25447582,telomere,repeat,0,0
25447582,pre_tx_is,repeat,0,0
25447582,antifibrotic,repeat,0,0
25447582,cni_ipv,repeat,0,0
25447582,nonhla_ab,repeat,0,0
25447582,cmv_dr,high,0,0
25447582,hla_mismatch,high,0,0
25447582,pre_tx_dsa,high,0,0
25447582,de_novo_dsa,high,0,0
25447582,induction,high,1,1
25447582,maintenance_is,high,2,1
25447582,acr,high,1,1
25447582,amr,high,0,0
25447582,pgd,high,0,0
25447582,cmv_events,high,0,0
25447582,resp_viral,high,2,1
25447582,colonization,high,0,0
25447582,gerd,high,0,0
25447582,azithromycin,high,0,0
25447582,telomere,high,0,0
25447582,pre_tx_is,high,0,0
25447582,antifibrotic,high,0,0
25447582,cni_ipv,high,0,0
25447582,nonhla_ab,high,0,0
25479016,cmv_dr,repeat,0,0
25479016,hla_mismatch,repeat,0,0
25479016,pre_tx_dsa,repeat,0,0
25479016,de_novo_dsa,repeat,0,0
25479016,induction,repeat,0,0
25479016,maintenance_is,repeat,2,2
25479016,acr,repeat,0,0
25479016,amr,repeat,0,0
25479016,pgd,repeat,0,0
25479016,cmv_events,repeat,0,0
25479016,resp_viral,repeat,0,0
25479016,colonization,repeat,0,0
25479016,gerd,repeat,0,0
25479016,azithromycin,repeat,0,0
25479016,telomere,repeat,0,0
25479016,antifibrotic,repeat,0,0
25479016,cni_ipv,repeat,0,1
25479016,nonhla_ab,repeat,0,0
25479016,cmv_dr,high,0,0
25479016,hla_mismatch,high,0,0
25479016,pre_tx_dsa,high,0,0
25479016,de_novo_dsa,high,0,0
25479016,induction,high,0,0
25479016,maintenance_is,high,2,2
25479016,acr,high,0,0
25479016,amr,high,0,0
25479016,pgd,high,0,0
25479016,cmv_events,high,0,0
25479016,resp_viral,high,0,0
25479016,colonization,high,0,0
25479016,gerd,high,0,0
25479016,azithromycin,high,0,0
25479016,telomere,high,0,0
25479016,antifibrotic,high,0,0
25479016,cni_ipv,high,0,0
25479016,nonhla_ab,high,0,0
25489125,cmv_dr,repeat,1,1
25489125,hla_mismatch,repeat,0,1
25489125,pre_tx_dsa,repeat,0,1
25489125,de_novo_dsa,repeat,0,0
25489125,induction,repeat,0,0
25489125,maintenance_is,repeat,0,0
25489125,acr,repeat,2,0
25489125,amr,repeat,0,0
25489125,pgd,repeat,1,1
25489125,cmv_events,repeat,1,1
25489125,resp_viral,repeat,1,1
25489125,colonization,repeat,1,1
25489125,gerd,repeat,1,1
25489125,azithromycin,repeat,0,0
25489125,telomere,repeat,0,0
25489125,pre_tx_is,repeat,0,0
25489125,antifibrotic,repeat,0,0
25489125,cni_ipv,repeat,1,0
25489125,nonhla_ab,repeat,0,0
25489125,eplet_mm,repeat,0,0
25489125,cmv_dr,high,1,1
25489125,hla_mismatch,high,0,1
25489125,pre_tx_dsa,high,0,1
25489125,de_novo_dsa,high,0,0
25489125,induction,high,0,0
25489125,maintenance_is,high,0,0
25489125,acr,high,2,1
25489125,amr,high,0,0
25489125,pgd,high,1,1
25489125,cmv_events,high,1,1
25489125,resp_viral,high,1,1
25489125,colonization,high,1,1
25489125,gerd,high,1,1
25489125,azithromycin,high,0,0
25489125,telomere,high,0,0
25489125,pre_tx_is,high,0,0
25489125,antifibrotic,high,0,0
25489125,nonhla_ab,high,0,0
25489125,eplet_mm,high,0,0
25651312,cmv_dr,repeat,0,0
25651312,hla_mismatch,repeat,0,0
25651312,pre_tx_dsa,repeat,0,0
25651312,de_novo_dsa,repeat,0,0
25651312,induction,repeat,2,2
25651312,maintenance_is,repeat,2,2
25651312,acr,repeat,0,0
25651312,amr,repeat,0,0
25651312,pgd,repeat,0,0
25651312,cmv_events,repeat,0,0
25651312,resp_viral,repeat,0,1
25651312,colonization,repeat,0,0
25651312,gerd,repeat,0,0
25651312,azithromycin,repeat,2,2
25651312,telomere,repeat,0,0
25651312,pre_tx_is,repeat,0,0
25651312,antifibrotic,repeat,0,0
25651312,cni_ipv,repeat,1,1
25651312,nonhla_ab,repeat,0,0
25651312,cmv_dr,high,0,0
25651312,hla_mismatch,high,0,0
25651312,pre_tx_dsa,high,0,0
25651312,de_novo_dsa,high,0,0
25651312,induction,high,2,2
25651312,maintenance_is,high,2,2
25651312,acr,high,0,0
25651312,amr,high,0,0
25651312,pgd,high,0,0
25651312,cmv_events,high,0,1
25651312,resp_viral,high,0,0
25651312,colonization,high,0,0
25651312,gerd,high,0,0
25651312,azithromycin,high,2,2
25651312,telomere,high,0,0
25651312,pre_tx_is,high,0,0
25651312,antifibrotic,high,0,0
25651312,cni_ipv,high,1,1
25651312,nonhla_ab,high,0,0
25769073,cmv_dr,repeat,1,1
25769073,hla_mismatch,repeat,1,1
25769073,pre_tx_dsa,repeat,0,0
25769073,de_novo_dsa,repeat,2,2
25769073,induction,repeat,2,2
25769073,maintenance_is,repeat,2,2
25769073,acr,repeat,2,2
25769073,amr,repeat,0,0
25769073,pgd,repeat,1,1
25769073,cmv_events,repeat,2,2
25769073,resp_viral,repeat,0,0
25769073,colonization,repeat,0,0
25769073,gerd,repeat,0,0
25769073,azithromycin,repeat,0,0
25769073,telomere,repeat,0,0
25769073,pre_tx_is,repeat,0,0
25769073,antifibrotic,repeat,0,0
25769073,cni_ipv,repeat,1,1
25769073,nonhla_ab,repeat,0,0
25769073,eplet_mm,repeat,0,0
25769073,cmv_dr,high,1,1
25769073,hla_mismatch,high,1,1
25769073,pre_tx_dsa,high,0,0
25769073,de_novo_dsa,high,2,2
25769073,induction,high,2,2
25769073,maintenance_is,high,2,2
25769073,acr,high,2,2
25769073,amr,high,0,0
25769073,pgd,high,1,1
25769073,cmv_events,high,2,2
25769073,resp_viral,high,0,1
25769073,colonization,high,0,0
25769073,gerd,high,0,0
25769073,azithromycin,high,0,0
25769073,telomere,high,0,0
25769073,pre_tx_is,high,0,0
25769073,antifibrotic,high,0,0
25769073,cni_ipv,high,1,1
25769073,nonhla_ab,high,0,0
25769073,eplet_mm,high,0,0
25935436,cmv_dr,repeat,0,0
25935436,hla_mismatch,repeat,0,0
25935436,pre_tx_dsa,repeat,0,0
25935436,de_novo_dsa,repeat,0,0
25935436,induction,repeat,0,0
25935436,maintenance_is,repeat,0,0
25935436,acr,repeat,0,0
25935436,amr,repeat,0,0
25935436,pgd,repeat,2,2
25935436,cmv_events,repeat,0,0
25935436,resp_viral,repeat,0,0
25935436,colonization,repeat,0,0
25935436,gerd,repeat,0,0
25935436,azithromycin,repeat,0,0
25935436,telomere,repeat,0,0
25935436,pre_tx_is,repeat,0,0
25935436,nonhla_ab,repeat,0,0
25935436,cmv_dr,high,0,0
25935436,hla_mismatch,high,0,0
25935436,pre_tx_dsa,high,0,0
25935436,de_novo_dsa,high,0,0
25935436,induction,high,0,0
25935436,maintenance_is,high,0,0
25935436,acr,high,0,0
25935436,amr,high,0,0
25935436,pgd,high,2,2
25935436,cmv_events,high,0,0
25935436,resp_viral,high,0,0
25935436,colonization,high,0,0
25935436,gerd,high,0,1
25935436,azithromycin,high,0,0
25935436,telomere,high,0,0
25935436,pre_tx_is,high,0,0
25935436,nonhla_ab,high,0,0
26461171,cmv_dr,repeat,0,0
26461171,hla_mismatch,repeat,0,0
26461171,pre_tx_dsa,repeat,0,0
26461171,de_novo_dsa,repeat,0,0
26461171,induction,repeat,2,2
26461171,maintenance_is,repeat,0,0
26461171,acr,repeat,1,1
26461171,amr,repeat,0,0
26461171,pgd,repeat,2,2
26461171,cmv_events,repeat,0,0
26461171,resp_viral,repeat,0,0
26461171,colonization,repeat,0,0
26461171,gerd,repeat,0,0
26461171,azithromycin,repeat,0,0
26461171,telomere,repeat,0,0
26461171,pre_tx_is,repeat,0,0
26461171,antifibrotic,repeat,0,0
26461171,nonhla_ab,repeat,0,0
26461171,cmv_dr,high,0,0
26461171,hla_mismatch,high,0,0
26461171,pre_tx_dsa,high,0,0
26461171,de_novo_dsa,high,0,0
26461171,induction,high,2,2
26461171,maintenance_is,high,0,0
26461171,acr,high,1,1
26461171,amr,high,0,0
26461171,pgd,high,2,2
26461171,cmv_events,high,0,0
26461171,resp_viral,high,0,0
26461171,colonization,high,0,0
26461171,gerd,high,0,0
26461171,azithromycin,high,0,0
26461171,telomere,high,0,0
26461171,pre_tx_is,high,0,0
26461171,antifibrotic,high,0,0
26461171,nonhla_ab,high,0,0
26530270,cmv_dr,repeat,0,0
26530270,hla_mismatch,repeat,0,0
26530270,pre_tx_dsa,repeat,0,0
26530270,de_novo_dsa,repeat,0,0
26530270,induction,repeat,1,1
26530270,maintenance_is,repeat,1,1
26530270,acr,repeat,1,1
26530270,amr,repeat,0,0
26530270,pgd,repeat,2,2
26530270,cmv_events,repeat,0,0
26530270,resp_viral,repeat,0,0
26530270,colonization,repeat,1,1
26530270,gerd,repeat,0,0
26530270,azithromycin,repeat,0,0
26530270,cni_ipv,repeat,0,0
26530270,nonhla_ab,repeat,0,0
26530270,cmv_dr,high,0,0
26530270,hla_mismatch,high,0,0
26530270,pre_tx_dsa,high,0,0
26530270,de_novo_dsa,high,0,0
26530270,induction,high,1,1
26530270,maintenance_is,high,1,1
26530270,acr,high,1,1
26530270,amr,high,0,0
26530270,pgd,high,2,1
26530270,cmv_events,high,0,0
26530270,resp_viral,high,0,0
26530270,colonization,high,1,1
26530270,gerd,high,0,0
26530270,azithromycin,high,0,0
26530270,cni_ipv,high,0,0
26530270,nonhla_ab,high,0,0
27129023,cmv_dr,repeat,0,0
27129023,hla_mismatch,repeat,0,0
27129023,pre_tx_dsa,repeat,0,0
27129023,de_novo_dsa,repeat,0,0
27129023,induction,repeat,0,0
27129023,maintenance_is,repeat,0,0
27129023,acr,repeat,0,0
27129023,amr,repeat,0,0
27129023,pgd,repeat,0,0
27129023,cmv_events,repeat,0,0
27129023,resp_viral,repeat,0,0
27129023,colonization,repeat,0,0
27129023,gerd,repeat,0,0
27129023,azithromycin,repeat,0,0
27129023,nonhla_ab,repeat,0,0
27129023,cmv_dr,high,0,0
27129023,hla_mismatch,high,0,0
27129023,pre_tx_dsa,high,0,0
27129023,de_novo_dsa,high,0,0
27129023,induction,high,0,0
27129023,maintenance_is,high,0,0
27129023,acr,high,0,0
27129023,amr,high,0,0
27129023,pgd,high,0,0
27129023,cmv_events,high,0,0
27129023,resp_viral,high,0,0
27129023,colonization,high,0,0
27129023,gerd,high,0,0
27129023,azithromycin,high,0,0
27129023,nonhla_ab,high,0,0
27144793,cmv_dr,repeat,1,1
27144793,hla_mismatch,repeat,0,0
27144793,pre_tx_dsa,repeat,0,0
27144793,de_novo_dsa,repeat,0,0
27144793,induction,repeat,0,0
27144793,maintenance_is,repeat,1,0
27144793,acr,repeat,1,0
27144793,amr,repeat,1,1
27144793,pgd,repeat,2,2
27144793,cmv_events,repeat,0,0
27144793,resp_viral,repeat,0,0
27144793,colonization,repeat,0,0
27144793,gerd,repeat,0,0
27144793,azithromycin,repeat,0,0
27144793,nonhla_ab,repeat,0,0
27144793,cmv_dr,high,1,1
27144793,hla_mismatch,high,0,0
27144793,pre_tx_dsa,high,0,0
27144793,de_novo_dsa,high,0,0
27144793,induction,high,0,0
27144793,maintenance_is,high,1,0
27144793,acr,high,1,1
27144793,amr,high,1,1
27144793,pgd,high,2,2
27144793,cmv_events,high,0,0
27144793,resp_viral,high,0,0
27144793,colonization,high,0,0
27144793,gerd,high,0,0
27144793,azithromycin,high,0,0
27144793,nonhla_ab,high,0,0
27163544,cmv_dr,repeat,0,0
27163544,hla_mismatch,repeat,0,0
27163544,pre_tx_dsa,repeat,0,0
27163544,de_novo_dsa,repeat,0,0
27163544,induction,repeat,0,0
27163544,maintenance_is,repeat,2,2
27163544,acr,repeat,1,1
27163544,amr,repeat,0,0
27163544,pgd,repeat,0,0
27163544,cmv_events,repeat,0,0
27163544,resp_viral,repeat,0,0
27163544,colonization,repeat,0,0
27163544,gerd,repeat,0,0
27163544,azithromycin,repeat,0,0
27163544,telomere,repeat,0,0
27163544,antifibrotic,repeat,0,0
27163544,nonhla_ab,repeat,0,0
27163544,cmv_dr,high,0,0
27163544,hla_mismatch,high,0,0
27163544,pre_tx_dsa,high,0,0
27163544,de_novo_dsa,high,0,0
27163544,induction,high,0,0
27163544,maintenance_is,high,2,2
27163544,acr,high,1,1
27163544,amr,high,0,0
27163544,pgd,high,0,0
27163544,cmv_events,high,0,0
27163544,resp_viral,high,0,1
27163544,colonization,high,0,0
27163544,gerd,high,0,0
27163544,azithromycin,high,0,0
27163544,telomere,high,0,0
27163544,antifibrotic,high,0,0
27163544,cni_ipv,high,1,0
27163544,nonhla_ab,high,0,0
27493971,cmv_dr,repeat,2,2
27493971,hla_mismatch,repeat,2,2
27493971,pre_tx_dsa,repeat,0,1
27493971,de_novo_dsa,repeat,2,2
27493971,induction,repeat,2,2
27493971,maintenance_is,repeat,2,2
27493971,acr,repeat,1,1
27493971,amr,repeat,0,0
27493971,pgd,repeat,0,0
27493971,cmv_events,repeat,1,1
27493971,resp_viral,repeat,1,1
27493971,colonization,repeat,0,0
27493971,gerd,repeat,0,0
27493971,azithromycin,repeat,0,0
27493971,antifibrotic,repeat,0,0
27493971,cni_ipv,repeat,1,1
27493971,nonhla_ab,repeat,0,0
27493971,eplet_mm,repeat,0,0
27493971,cmv_dr,high,2,2
27493971,hla_mismatch,high,2,2
27493971,pre_tx_dsa,high,0,0
27493971,de_novo_dsa,high,2,2
27493971,induction,high,2,2
27493971,maintenance_is,high,2,2
27493971,acr,high,1,1
27493971,amr,high,0,0
27493971,pgd,high,0,0
27493971,cmv_events,high,1,0
27493971,resp_viral,high,1,1
27493971,colonization,high,0,0
27493971,gerd,high,0,0
27493971,azithromycin,high,0,0
27493971,telomere,high,0,0
27493971,antifibrotic,high,0,0
27493971,cni_ipv,high,1,1
27493971,nonhla_ab,high,0,0
27493971,eplet_mm,high,0,0
27751774,cmv_dr,repeat,2,1
27751774,hla_mismatch,repeat,2,0
27751774,pre_tx_dsa,repeat,1,0
27751774,de_novo_dsa,repeat,0,0
27751774,induction,repeat,2,0
27751774,maintenance_is,repeat,1,0
27751774,acr,repeat,1,0
27751774,amr,repeat,0,0
27751774,pgd,repeat,0,0
27751774,cmv_events,repeat,1,2
27751774,resp_viral,repeat,0,0
27751774,colonization,repeat,0,0
27751774,gerd,repeat,0,0
27751774,azithromycin,repeat,0,0
27751774,telomere,repeat,0,0
27751774,pre_tx_is,repeat,0,0
27751774,antifibrotic,repeat,0,0
27751774,cni_ipv,repeat,0,1
27751774,nonhla_ab,repeat,0,0
27751774,eplet_mm,repeat,0,0
27751774,cmv_dr,high,2,2
27751774,hla_mismatch,high,2,0
27751774,pre_tx_dsa,high,1,0
27751774,de_novo_dsa,high,0,0
27751774,induction,high,2,0
27751774,maintenance_is,high,1,0
27751774,acr,high,1,0
27751774,amr,high,0,0
27751774,pgd,high,0,0
27751774,cmv_events,high,1,2
27751774,resp_viral,high,0,0
27751774,colonization,high,0,0
27751774,gerd,high,0,0
27751774,azithromycin,high,0,0
27751774,telomere,high,0,0
27751774,antifibrotic,high,0,0
27751774,nonhla_ab,high,0,0
27863518,cmv_dr,repeat,2,2
27863518,hla_mismatch,repeat,0,0
27863518,pre_tx_dsa,repeat,0,0
27863518,de_novo_dsa,repeat,0,0
27863518,induction,repeat,2,2
27863518,maintenance_is,repeat,2,2
27863518,acr,repeat,2,2
27863518,amr,repeat,0,0
27863518,pgd,repeat,2,2
27863518,cmv_events,repeat,0,0
27863518,resp_viral,repeat,0,0
27863518,colonization,repeat,0,0
27863518,gerd,repeat,0,0
27863518,azithromycin,repeat,2,2
27863518,telomere,repeat,0,0
27863518,pre_tx_is,repeat,0,0
27863518,antifibrotic,repeat,2,2
27863518,cni_ipv,repeat,0,0
27863518,nonhla_ab,repeat,0,0
27863518,cmv_dr,high,2,2
27863518,hla_mismatch,high,0,0
27863518,pre_tx_dsa,high,0,0
27863518,de_novo_dsa,high,0,0
27863518,induction,high,2,2
27863518,maintenance_is,high,2,2
27863518,acr,high,2,2
27863518,amr,high,0,0
27863518,pgd,high,2,2
27863518,cmv_events,high,0,0
27863518,resp_viral,high,0,0
27863518,colonization,high,0,0
27863518,gerd,high,0,0
27863518,azithromycin,high,2,1
27863518,telomere,high,0,0
27863518,pre_tx_is,high,0,0
27863518,antifibrotic,high,2,2
27863518,cni_ipv,high,0,0
27863518,nonhla_ab,high,0,0
28375571,cmv_dr,repeat,0,0
28375571,hla_mismatch,repeat,1,1
28375571,pre_tx_dsa,repeat,0,0
28375571,de_novo_dsa,repeat,0,0
28375571,induction,repeat,0,0
28375571,maintenance_is,repeat,0,0
28375571,acr,repeat,1,2
28375571,amr,repeat,0,0
28375571,pgd,repeat,0,0
28375571,cmv_events,repeat,0,0
28375571,resp_viral,repeat,0,0
28375571,colonization,repeat,0,0
28375571,gerd,repeat,0,0
28375571,azithromycin,repeat,0,0
28375571,nonhla_ab,repeat,0,0
28375571,eplet_mm,repeat,0,0
28375571,cmv_dr,high,0,0
28375571,hla_mismatch,high,1,2
28375571,pre_tx_dsa,high,0,0
28375571,de_novo_dsa,high,0,0
28375571,induction,high,0,0
28375571,maintenance_is,high,0,0
28375571,acr,high,1,1
28375571,amr,high,0,0
28375571,pgd,high,0,0
28375571,cmv_events,high,0,0
28375571,resp_viral,high,0,0
28375571,colonization,high,0,0
28375571,gerd,high,0,0
28375571,azithromycin,high,0,0
28375571,telomere,high,0,0
28375571,pre_tx_is,high,0,0
28375571,nonhla_ab,high,0,0
28375571,eplet_mm,high,0,0
28653398,cmv_dr,repeat,0,0
28653398,hla_mismatch,repeat,0,0
28653398,pre_tx_dsa,repeat,0,0
28653398,de_novo_dsa,repeat,0,0
28653398,induction,repeat,0,0
28653398,maintenance_is,repeat,0,0
28653398,acr,repeat,2,1
28653398,amr,repeat,1,1
28653398,pgd,repeat,0,0
28653398,cmv_events,repeat,0,0
28653398,resp_viral,repeat,0,0
28653398,colonization,repeat,0,0
28653398,gerd,repeat,0,0
28653398,azithromycin,repeat,0,0
28653398,nonhla_ab,repeat,0,0
28653398,cmv_dr,high,0,0
28653398,hla_mismatch,high,0,0
28653398,pre_tx_dsa,high,0,0
28653398,de_novo_dsa,high,0,0
28653398,induction,high,0,0
28653398,maintenance_is,high,0,0
28653398,acr,high,2,2
28653398,amr,high,1,1
28653398,pgd,high,0,0
28653398,cmv_events,high,0,0
28653398,resp_viral,high,0,0
28653398,colonization,high,0,0
28653398,gerd,high,0,0
28653398,azithromycin,high,0,0
28653398,cni_ipv,high,1,0
28653398,nonhla_ab,high,0,0
28798289,cmv_dr,repeat,2,2
28798289,hla_mismatch,repeat,0,0
28798289,pre_tx_dsa,repeat,0,0
28798289,de_novo_dsa,repeat,0,0
28798289,induction,repeat,2,2
28798289,maintenance_is,repeat,2,2
28798289,acr,repeat,1,1
28798289,amr,repeat,0,0
28798289,pgd,repeat,2,2
28798289,cmv_events,repeat,2,2
28798289,resp_viral,repeat,0,0
28798289,colonization,repeat,0,0
28798289,gerd,repeat,0,1
28798289,azithromycin,repeat,0,0
28798289,telomere,repeat,0,0
28798289,cni_ipv,repeat,1,1
28798289,nonhla_ab,repeat,0,0
28798289,cmv_dr,high,2,2
28798289,hla_mismatch,high,0,0
28798289,pre_tx_dsa,high,0,0
28798289,de_novo_dsa,high,0,0
28798289,induction,high,2,2
28798289,maintenance_is,high,2,2
28798289,acr,high,1,1
28798289,amr,high,0,0
28798289,pgd,high,2,1
28798289,cmv_events,high,2,2
28798289,resp_viral,high,0,0
28798289,colonization,high,0,0
28798289,gerd,high,0,1
28798289,azithromycin,high,0,0
28798289,telomere,high,0,0
28798289,cni_ipv,high,1,1
28798289,nonhla_ab,high,0,0
28964417,cmv_dr,repeat,1,1
28964417,hla_mismatch,repeat,0,0
28964417,pre_tx_dsa,repeat,0,0
28964417,de_novo_dsa,repeat,0,0
28964417,induction,repeat,0,0
28964417,maintenance_is,repeat,2,1
28964417,acr,repeat,1,2
28964417,amr,repeat,0,0
28964417,pgd,repeat,2,2
28964417,cmv_events,repeat,0,0
28964417,resp_viral,repeat,0,0
28964417,colonization,repeat,0,0
28964417,gerd,repeat,0,0
28964417,azithromycin,repeat,0,0
28964417,telomere,repeat,0,0
28964417,cni_ipv,repeat,0,1
28964417,nonhla_ab,repeat,0,0
28964417,cmv_dr,high,1,1
28964417,hla_mismatch,high,0,0
28964417,pre_tx_dsa,high,0,0
28964417,de_novo_dsa,high,0,0
28964417,induction,high,0,0
28964417,maintenance_is,high,2,1
28964417,acr,high,1,2
28964417,amr,high,0,0
28964417,pgd,high,2,2
28964417,cmv_events,high,0,0
28964417,resp_viral,high,0,0
28964417,colonization,high,0,0
28964417,gerd,high,0,2
28964417,azithromycin,high,0,0
28964417,telomere,high,0,0
28964417,pre_tx_is,high,0,0
28964417,cni_ipv,high,0,0
28964417,nonhla_ab,high,0,0
29094310,cmv_dr,repeat,1,1
29094310,hla_mismatch,repeat,0,0
29094310,pre_tx_dsa,repeat,0,0
29094310,de_novo_dsa,repeat,0,0
29094310,induction,repeat,0,0
29094310,maintenance_is,repeat,1,1
29094310,acr,repeat,1,0
29094310,amr,repeat,0,0
29094310,pgd,repeat,0,0
29094310,cmv_events,repeat,0,0
29094310,resp_viral,repeat,0,0
29094310,colonization,repeat,0,0
29094310,gerd,repeat,1,1
29094310,azithromycin,repeat,0,0
29094310,telomere,repeat,0,0
29094310,pre_tx_is,repeat,0,0
29094310,antifibrotic,repeat,0,0
29094310,cni_ipv,repeat,0,0
29094310,nonhla_ab,repeat,0,0
29094310,cmv_dr,high,1,1
29094310,hla_mismatch,high,0,0
29094310,pre_tx_dsa,high,0,0
29094310,de_novo_dsa,high,0,0
29094310,induction,high,0,0
29094310,maintenance_is,high,1,1
29094310,acr,high,1,1
29094310,amr,high,0,0
29094310,pgd,high,0,0
29094310,cmv_events,high,0,0
29094310,resp_viral,high,0,0
29094310,colonization,high,0,0
29094310,gerd,high,1,1
29094310,azithromycin,high,0,0
29094310,telomere,high,0,0
29094310,pre_tx_is,high,0,0
29094310,antifibrotic,high,0,0
29094310,cni_ipv,high,0,0
29094310,nonhla_ab,high,0,0
29322685,cmv_dr,repeat,0,0
29322685,hla_mismatch,repeat,0,0
29322685,pre_tx_dsa,repeat,0,0
29322685,de_novo_dsa,repeat,0,0
29322685,induction,repeat,0,0
29322685,maintenance_is,repeat,2,2
29322685,acr,repeat,1,0
29322685,amr,repeat,0,0
29322685,pgd,repeat,0,0
29322685,cmv_events,repeat,0,0
29322685,resp_viral,repeat,0,0
29322685,colonization,repeat,0,0
29322685,gerd,repeat,1,1
29322685,azithromycin,repeat,1,1
29322685,telomere,repeat,0,0
29322685,pre_tx_is,repeat,0,0
29322685,antifibrotic,repeat,0,0
29322685,cni_ipv,repeat,0,0
29322685,nonhla_ab,repeat,0,0
29322685,cmv_dr,high,0,0
29322685,hla_mismatch,high,0,0
29322685,pre_tx_dsa,high,0,0
29322685,de_novo_dsa,high,0,0
29322685,induction,high,0,0
29322685,maintenance_is,high,2,2
29322685,acr,high,1,0
29322685,amr,high,0,0
29322685,pgd,high,0,0
29322685,cmv_events,high,0,0
29322685,resp_viral,high,0,0
29322685,colonization,high,0,0
29322685,gerd,high,1,1
29322685,azithromycin,high,1,1
29322685,telomere,high,0,0
29322685,pre_tx_is,high,0,0
29322685,antifibrotic,high,0,0
29322685,cni_ipv,high,0,0
29322685,nonhla_ab,high,0,0
29375549,cmv_dr,repeat,0,0
29375549,hla_mismatch,repeat,0,0
29375549,pre_tx_dsa,repeat,0,0
29375549,de_novo_dsa,repeat,0,1
29375549,induction,repeat,2,2
29375549,maintenance_is,repeat,2,2
29375549,acr,repeat,2,2
29375549,amr,repeat,0,0
29375549,pgd,repeat,0,0
29375549,cmv_events,repeat,0,0
29375549,resp_viral,repeat,0,0
29375549,colonization,repeat,0,0
29375549,gerd,repeat,0,0
29375549,azithromycin,repeat,1,1
29375549,telomere,repeat,0,0
29375549,pre_tx_is,repeat,0,0
29375549,antifibrotic,repeat,0,0
29375549,cni_ipv,repeat,0,0
29375549,nonhla_ab,repeat,0,0
29375549,cmv_dr,high,0,0
29375549,hla_mismatch,high,0,0
29375549,pre_tx_dsa,high,0,0
29375549,de_novo_dsa,high,0,1
29375549,induction,high,2,2
29375549,maintenance_is,high,2,2
29375549,acr,high,2,2
29375549,amr,high,0,0
29375549,pgd,high,0,0
29375549,cmv_events,high,0,0
29375549,resp_viral,high,0,0
29375549,colonization,high,0,0
29375549,gerd,high,0,0
29375549,azithromycin,high,1,1
29375549,telomere,high,0,0
29375549,pre_tx_is,high,0,0
29375549,antifibrotic,high,0,0
29375549,cni_ipv,high,0,0
29375549,nonhla_ab,high,0,0
29607606,cmv_dr,repeat,0,0
29607606,hla_mismatch,repeat,0,0
29607606,pre_tx_dsa,repeat,0,0
29607606,de_novo_dsa,repeat,0,0
29607606,induction,repeat,0,0
29607606,maintenance_is,repeat,0,0
29607606,acr,repeat,0,0
29607606,amr,repeat,0,0
29607606,pgd,repeat,0,0
29607606,cmv_events,repeat,0,0
29607606,resp_viral,repeat,0,0
29607606,colonization,repeat,0,0
29607606,gerd,repeat,0,0
29607606,azithromycin,repeat,0,0
29607606,telomere,repeat,0,0
29607606,pre_tx_is,repeat,0,0
29607606,antifibrotic,repeat,0,0
29607606,nonhla_ab,repeat,0,0
29607606,cmv_dr,high,0,0
29607606,hla_mismatch,high,0,0
29607606,pre_tx_dsa,high,0,0
29607606,de_novo_dsa,high,0,0
29607606,induction,high,0,0
29607606,maintenance_is,high,0,0
29607606,acr,high,0,0
29607606,amr,high,0,0
29607606,pgd,high,0,0
29607606,cmv_events,high,0,0
29607606,resp_viral,high,0,0
29607606,colonization,high,0,0
29607606,gerd,high,0,0
29607606,azithromycin,high,0,0
29607606,telomere,high,0,0
29607606,antifibrotic,high,0,0
29607606,nonhla_ab,high,0,0
29771243,cmv_dr,repeat,0,0
29771243,hla_mismatch,repeat,1,0
29771243,pre_tx_dsa,repeat,0,0
29771243,de_novo_dsa,repeat,0,0
29771243,induction,repeat,0,0
29771243,maintenance_is,repeat,1,0
29771243,acr,repeat,0,0
29771243,amr,repeat,0,0
29771243,pgd,repeat,0,0
29771243,cmv_events,repeat,0,0
29771243,resp_viral,repeat,0,0
29771243,colonization,repeat,1,1
29771243,gerd,repeat,0,0
29771243,azithromycin,repeat,1,1
29771243,telomere,repeat,0,0
29771243,antifibrotic,repeat,0,0
29771243,cni_ipv,repeat,1,1
29771243,nonhla_ab,repeat,0,0
29771243,cmv_dr,high,0,0
29771243,hla_mismatch,high,1,1
29771243,pre_tx_dsa,high,0,0
29771243,de_novo_dsa,high,0,0
29771243,induction,high,0,0
29771243,maintenance_is,high,1,1
29771243,acr,high,0,0
29771243,amr,high,0,0
29771243,pgd,high,0,0
29771243,cmv_events,high,0,0
29771243,resp_viral,high,0,0
29771243,colonization,high,1,2
29771243,gerd,high,0,1
29771243,azithromycin,high,1,1
29771243,telomere,high,0,0
29771243,antifibrotic,high,0,0
29771243,cni_ipv,high,1,1
29771243,nonhla_ab,high,0,0
29781811,cmv_dr,repeat,0,0
29781811,hla_mismatch,repeat,0,0
29781811,pre_tx_dsa,repeat,0,0
29781811,de_novo_dsa,repeat,0,0
29781811,induction,repeat,0,0
29781811,maintenance_is,repeat,0,0
29781811,acr,repeat,0,0
29781811,amr,repeat,0,0
29781811,pgd,repeat,1,0
29781811,cmv_events,repeat,0,0
29781811,resp_viral,repeat,0,0
29781811,colonization,repeat,0,0
29781811,gerd,repeat,0,0
29781811,azithromycin,repeat,0,0
29781811,nonhla_ab,repeat,0,0
29781811,cmv_dr,high,0,0
29781811,hla_mismatch,high,0,0
29781811,pre_tx_dsa,high,0,0
29781811,de_novo_dsa,high,0,0
29781811,induction,high,0,0
29781811,maintenance_is,high,0,0
29781811,acr,high,0,0
29781811,amr,high,0,0
29781811,pgd,high,1,1
29781811,cmv_events,high,0,0
29781811,resp_viral,high,0,0
29781811,colonization,high,0,0
29781811,gerd,high,0,0
29781811,azithromycin,high,0,0
29781811,nonhla_ab,high,0,0
30100023,cmv_dr,repeat,0,0
30100023,hla_mismatch,repeat,0,0
30100023,pre_tx_dsa,repeat,0,0
30100023,de_novo_dsa,repeat,0,0
30100023,induction,repeat,0,0
30100023,maintenance_is,repeat,0,0
30100023,acr,repeat,1,2
30100023,amr,repeat,0,0
30100023,pgd,repeat,0,0
30100023,cmv_events,repeat,0,0
30100023,resp_viral,repeat,0,0
30100023,colonization,repeat,0,0
30100023,gerd,repeat,0,0
30100023,azithromycin,repeat,0,0
30100023,telomere,repeat,0,0
30100023,nonhla_ab,repeat,0,0
30100023,cmv_dr,high,0,0
30100023,hla_mismatch,high,0,0
30100023,pre_tx_dsa,high,0,0
30100023,de_novo_dsa,high,0,0
30100023,induction,high,0,0
30100023,maintenance_is,high,0,0
30100023,acr,high,1,1
30100023,amr,high,0,0
30100023,pgd,high,0,0
30100023,cmv_events,high,0,0
30100023,resp_viral,high,0,0
30100023,colonization,high,0,0
30100023,gerd,high,0,0
30100023,azithromycin,high,0,0
30100023,telomere,high,0,0
30100023,pre_tx_is,high,0,0
30100023,antifibrotic,high,0,0
30100023,nonhla_ab,high,0,0
30289917,cmv_dr,repeat,0,0
30289917,hla_mismatch,repeat,0,0
30289917,pre_tx_dsa,repeat,0,0
30289917,de_novo_dsa,repeat,0,0
30289917,induction,repeat,0,0
30289917,maintenance_is,repeat,0,0
30289917,acr,repeat,2,2
30289917,amr,repeat,0,0
30289917,pgd,repeat,0,0
30289917,cmv_events,repeat,0,0
30289917,resp_viral,repeat,0,0
30289917,colonization,repeat,0,0
30289917,gerd,repeat,0,0
30289917,azithromycin,repeat,0,0
30289917,nonhla_ab,repeat,0,0
30289917,cmv_dr,high,0,0
30289917,hla_mismatch,high,0,0
30289917,pre_tx_dsa,high,0,0
30289917,de_novo_dsa,high,0,0
30289917,induction,high,0,0
30289917,maintenance_is,high,0,0
30289917,acr,high,2,2
30289917,amr,high,0,0
30289917,pgd,high,0,0
30289917,cmv_events,high,0,0
30289917,resp_viral,high,0,0
30289917,colonization,high,0,0
30289917,gerd,high,0,0
30289917,azithromycin,high,0,0
30289917,nonhla_ab,high,0,0
30321645,cmv_dr,repeat,0,0
30321645,hla_mismatch,repeat,2,2
30321645,pre_tx_dsa,repeat,1,1
30321645,de_novo_dsa,repeat,2,2
30321645,induction,repeat,1,1
30321645,maintenance_is,repeat,2,2
30321645,acr,repeat,0,0
30321645,amr,repeat,1,1
30321645,pgd,repeat,0,0
30321645,cmv_events,repeat,0,0
30321645,resp_viral,repeat,0,0
30321645,colonization,repeat,0,0
30321645,gerd,repeat,0,0
30321645,azithromycin,repeat,0,0
30321645,cni_ipv,repeat,0,1
30321645,nonhla_ab,repeat,0,0
30321645,eplet_mm,repeat,2,2
30321645,cmv_dr,high,0,0
30321645,hla_mismatch,high,2,2
30321645,pre_tx_dsa,high,1,1
30321645,de_novo_dsa,high,2,2
30321645,induction,high,1,1
30321645,maintenance_is,high,2,2
30321645,acr,high,0,0
30321645,amr,high,1,1
30321645,pgd,high,0,0
30321645,cmv_events,high,0,0
30321645,resp_viral,high,0,0
30321645,colonization,high,0,0
30321645,gerd,high,0,0
30321645,azithromycin,high,0,0
30321645,cni_ipv,high,0,0
30321645,nonhla_ab,high,0,0
30321645,eplet_mm,high,2,2
30456701,cmv_dr,repeat,0,0
30456701,hla_mismatch,repeat,0,0
30456701,pre_tx_dsa,repeat,0,0
30456701,de_novo_dsa,repeat,0,0
30456701,induction,repeat,2,2
30456701,maintenance_is,repeat,0,1
30456701,acr,repeat,1,1
30456701,amr,repeat,0,0
30456701,pgd,repeat,2,2
30456701,cmv_events,repeat,0,0
30456701,resp_viral,repeat,0,0
30456701,colonization,repeat,0,0
30456701,gerd,repeat,0,0
30456701,azithromycin,repeat,0,0
30456701,telomere,repeat,0,0
30456701,antifibrotic,repeat,0,0
30456701,cni_ipv,repeat,0,1
30456701,nonhla_ab,repeat,0,0
30456701,cmv_dr,high,0,0
30456701,hla_mismatch,high,0,0
30456701,pre_tx_dsa,high,0,0
30456701,de_novo_dsa,high,0,0
30456701,induction,high,2,2
30456701,maintenance_is,high,0,1
30456701,acr,high,1,1
30456701,amr,high,0,0
30456701,pgd,high,2,2
30456701,cmv_events,high,0,0
30456701,resp_viral,high,0,0
30456701,colonization,high,0,0
30456701,gerd,high,0,0
30456701,azithromycin,high,0,0
30456701,telomere,high,0,0
30456701,antifibrotic,high,0,0
30456701,nonhla_ab,high,0,0
30472390,cmv_dr,repeat,0,0
30472390,hla_mismatch,repeat,0,0
30472390,pre_tx_dsa,repeat,0,0
30472390,de_novo_dsa,repeat,0,0
30472390,induction,repeat,0,0
30472390,maintenance_is,repeat,0,0
30472390,acr,repeat,0,0
30472390,amr,repeat,0,0
30472390,pgd,repeat,0,0
30472390,cmv_events,repeat,0,0
30472390,resp_viral,repeat,0,0
30472390,colonization,repeat,0,0
30472390,gerd,repeat,0,0
30472390,azithromycin,repeat,0,0
30472390,nonhla_ab,repeat,0,0
30472390,cmv_dr,high,0,0
30472390,hla_mismatch,high,0,0
30472390,pre_tx_dsa,high,0,0
30472390,de_novo_dsa,high,0,0
30472390,induction,high,0,0
30472390,maintenance_is,high,0,0
30472390,acr,high,0,0
30472390,amr,high,0,0
30472390,pgd,high,0,0
30472390,cmv_events,high,0,0
30472390,resp_viral,high,0,0
30472390,colonization,high,0,0
30472390,gerd,high,0,0
30472390,azithromycin,high,0,0
30472390,nonhla_ab,high,0,0
30519294,cmv_dr,repeat,0,0
30519294,hla_mismatch,repeat,0,1
30519294,pre_tx_dsa,repeat,1,2
30519294,de_novo_dsa,repeat,1,1
30519294,induction,repeat,2,2
30519294,maintenance_is,repeat,1,1
30519294,acr,repeat,1,2
30519294,amr,repeat,1,1
30519294,pgd,repeat,0,0
30519294,cmv_events,repeat,1,1
30519294,resp_viral,repeat,1,1
30519294,colonization,repeat,1,1
30519294,gerd,repeat,0,0
30519294,azithromycin,repeat,1,1
30519294,telomere,repeat,0,0
30519294,pre_tx_is,repeat,2,2
30519294,antifibrotic,repeat,0,0
30519294,cni_ipv,repeat,1,1
30519294,nonhla_ab,repeat,0,0
30519294,eplet_mm,repeat,1,1
30519294,cmv_dr,high,0,0
30519294,hla_mismatch,high,0,1
30519294,pre_tx_dsa,high,1,1
30519294,de_novo_dsa,high,1,1
30519294,induction,high,2,2
30519294,maintenance_is,high,1,1
30519294,acr,high,1,1
30519294,amr,high,1,1
30519294,pgd,high,0,0
30519294,cmv_events,high,1,1
30519294,resp_viral,high,1,1
30519294,colonization,high,1,1
30519294,gerd,high,0,1
30519294,azithromycin,high,1,1
30519294,telomere,high,0,0
30519294,pre_tx_is,high,2,1
30519294,antifibrotic,high,0,0
30519294,cni_ipv,high,1,1
30519294,nonhla_ab,high,0,0
30519294,eplet_mm,high,1,1
30534595,cmv_dr,repeat,0,0
30534595,hla_mismatch,repeat,1,1
30534595,pre_tx_dsa,repeat,0,0
30534595,de_novo_dsa,repeat,0,0
30534595,induction,repeat,0,1
30534595,maintenance_is,repeat,0,0
30534595,acr,repeat,1,1
30534595,amr,repeat,0,0
30534595,pgd,repeat,1,1
30534595,cmv_events,repeat,1,0
30534595,resp_viral,repeat,0,0
30534595,colonization,repeat,1,1
30534595,gerd,repeat,1,1
30534595,azithromycin,repeat,0,0
30534595,telomere,repeat,0,0
30534595,pre_tx_is,repeat,1,1
30534595,antifibrotic,repeat,0,0
30534595,nonhla_ab,repeat,0,0
30534595,eplet_mm,repeat,0,0
30534595,cmv_dr,high,0,0
30534595,hla_mismatch,high,1,1
30534595,pre_tx_dsa,high,0,0
30534595,de_novo_dsa,high,0,0
30534595,induction,high,0,0
30534595,maintenance_is,high,0,0
30534595,acr,high,1,1
30534595,amr,high,0,0
30534595,pgd,high,1,1
30534595,cmv_events,high,1,0
30534595,resp_viral,high,0,0
30534595,colonization,high,1,0
30534595,gerd,high,1,1
30534595,azithromycin,high,0,0
30534595,telomere,high,0,0
30534595,pre_tx_is,high,1,1
30534595,antifibrotic,high,0,0
30534595,nonhla_ab,high,0,0
30615259,cmv_dr,repeat,2,2
30615259,hla_mismatch,repeat,0,0
30615259,pre_tx_dsa,repeat,0,0
30615259,de_novo_dsa,repeat,0,0
30615259,induction,repeat,0,0
30615259,maintenance_is,repeat,2,2
30615259,acr,repeat,2,2
30615259,amr,repeat,0,0
30615259,pgd,repeat,0,0
30615259,cmv_events,repeat,2,2
30615259,resp_viral,repeat,1,2
30615259,colonization,repeat,0,0
30615259,gerd,repeat,0,0
30615259,azithromycin,repeat,0,0
30615259,telomere,repeat,0,0
30615259,pre_tx_is,repeat,0,0
30615259,antifibrotic,repeat,0,0
30615259,cni_ipv,repeat,1,1
30615259,nonhla_ab,repeat,0,0
30615259,cmv_dr,high,2,2
30615259,hla_mismatch,high,0,0
30615259,pre_tx_dsa,high,0,0
30615259,de_novo_dsa,high,0,0
30615259,induction,high,0,0
30615259,maintenance_is,high,2,2
30615259,acr,high,2,2
30615259,amr,high,0,0
30615259,pgd,high,0,0
30615259,cmv_events,high,2,1
30615259,resp_viral,high,1,0
30615259,colonization,high,0,0
30615259,gerd,high,0,0
30615259,azithromycin,high,0,0
30615259,telomere,high,0,0
30615259,antifibrotic,high,0,0
30615259,cni_ipv,high,1,1
30615259,nonhla_ab,high,0,0
30638839,cmv_dr,repeat,0,0
30638839,hla_mismatch,repeat,0,0
30638839,pre_tx_dsa,repeat,1,1
30638839,de_novo_dsa,repeat,0,0
30638839,induction,repeat,0,0
30638839,maintenance_is,repeat,0,0
30638839,acr,repeat,0,0
30638839,amr,repeat,1,1
30638839,pgd,repeat,0,0
30638839,cmv_events,repeat,0,0
30638839,resp_viral,repeat,0,0
30638839,colonization,repeat,0,0
30638839,gerd,repeat,1,1
30638839,azithromycin,repeat,2,2
30638839,telomere,repeat,0,0
30638839,antifibrotic,repeat,1,1
30638839,nonhla_ab,repeat,0,0
30638839,cmv_dr,high,0,0
30638839,hla_mismatch,high,0,0
30638839,pre_tx_dsa,high,1,1
30638839,de_novo_dsa,high,0,0
30638839,induction,high,0,0
30638839,maintenance_is,high,0,0
30638839,acr,high,0,0
30638839,amr,high,1,0
30638839,pgd,high,0,0
30638839,cmv_events,high,0,0
30638839,resp_viral,high,0,0
30638839,colonization,high,0,0
30638839,gerd,high,1,1
30638839,azithromycin,high,2,2
30638839,telomere,high,0,0
30638839,antifibrotic,high,1,1
30638839,nonhla_ab,high,0,0
30686699,cmv_dr,repeat,1,2
30686699,hla_mismatch,repeat,0,0
30686699,pre_tx_dsa,repeat,0,0
30686699,de_novo_dsa,repeat,0,0
30686699,induction,repeat,0,0
30686699,maintenance_is,repeat,0,0
30686699,acr,repeat,2,2
30686699,amr,repeat,0,0
30686699,pgd,repeat,2,2
30686699,cmv_events,repeat,0,0
30686699,resp_viral,repeat,0,1
30686699,colonization,repeat,1,1
30686699,gerd,repeat,0,0
30686699,azithromycin,repeat,2,2
30686699,telomere,repeat,0,0
30686699,pre_tx_is,repeat,0,0
30686699,nonhla_ab,repeat,0,0
30686699,cmv_dr,high,1,1
30686699,hla_mismatch,high,0,0
30686699,pre_tx_dsa,high,0,0
30686699,de_novo_dsa,high,0,0
30686699,induction,high,0,0
30686699,maintenance_is,high,0,0
30686699,acr,high,2,2
30686699,amr,high,0,0
30686699,pgd,high,2,2
30686699,cmv_events,high,0,0
30686699,resp_viral,high,0,0
30686699,colonization,high,1,1
30686699,gerd,high,0,0
30686699,azithromycin,high,2,2
30686699,telomere,high,0,0
30686699,nonhla_ab,high,0,0
30723292,cmv_dr,repeat,0,0
30723292,hla_mismatch,repeat,0,0
30723292,pre_tx_dsa,repeat,0,0
30723292,de_novo_dsa,repeat,0,0
30723292,induction,repeat,0,0
30723292,maintenance_is,repeat,0,0
30723292,acr,repeat,0,0
30723292,amr,repeat,0,0
30723292,pgd,repeat,0,0
30723292,cmv_events,repeat,0,0
30723292,resp_viral,repeat,0,0
30723292,colonization,repeat,0,1
30723292,gerd,repeat,0,0
30723292,azithromycin,repeat,1,1
30723292,telomere,repeat,0,0
30723292,pre_tx_is,repeat,0,0
30723292,antifibrotic,repeat,0,0
30723292,nonhla_ab,repeat,0,0
30723292,cmv_dr,high,0,0
30723292,hla_mismatch,high,0,0
30723292,pre_tx_dsa,high,0,0
30723292,de_novo_dsa,high,0,0
30723292,induction,high,0,0
30723292,maintenance_is,high,0,0
30723292,acr,high,0,0
30723292,amr,high,0,0
30723292,pgd,high,0,0
30723292,cmv_events,high,0,0
30723292,resp_viral,high,0,0
30723292,colonization,high,0,0
30723292,gerd,high,0,0
30723292,azithromycin,high,1,0
30723292,telomere,high,0,0
30723292,pre_tx_is,high,0,0
30723292,antifibrotic,high,0,0
30723292,nonhla_ab,high,0,0
30735591,cmv_dr,repeat,0,0
30735591,hla_mismatch,repeat,0,0
30735591,pre_tx_dsa,repeat,0,0
30735591,de_novo_dsa,repeat,0,0
30735591,induction,repeat,2,2
30735591,maintenance_is,repeat,2,2
30735591,acr,repeat,0,1
30735591,amr,repeat,0,0
30735591,pgd,repeat,1,2
30735591,cmv_events,repeat,0,0
30735591,resp_viral,repeat,0,0
30735591,colonization,repeat,0,0
30735591,gerd,repeat,0,0
30735591,azithromycin,repeat,0,0
30735591,pre_tx_is,repeat,0,0
30735591,cni_ipv,repeat,1,1
30735591,nonhla_ab,repeat,0,0
30735591,cmv_dr,high,0,0
30735591,hla_mismatch,high,0,0
30735591,pre_tx_dsa,high,0,0
30735591,de_novo_dsa,high,0,0
30735591,induction,high,2,2
30735591,maintenance_is,high,2,2
30735591,acr,high,0,1
30735591,amr,high,0,0
30735591,pgd,high,1,2
30735591,cmv_events,high,0,0
30735591,resp_viral,high,0,0
30735591,colonization,high,0,0
30735591,gerd,high,0,0
30735591,azithromycin,high,0,0
30735591,cni_ipv,high,1,1
30735591,nonhla_ab,high,0,0
30978332,cmv_dr,repeat,0,0
30978332,hla_mismatch,repeat,0,0
30978332,pre_tx_dsa,repeat,0,0
30978332,de_novo_dsa,repeat,0,0
30978332,induction,repeat,0,0
30978332,maintenance_is,repeat,0,0
30978332,acr,repeat,2,2
30978332,amr,repeat,0,0
30978332,pgd,repeat,2,2
30978332,cmv_events,repeat,2,2
30978332,resp_viral,repeat,0,0
30978332,colonization,repeat,0,0
30978332,gerd,repeat,0,0
30978332,azithromycin,repeat,0,0
30978332,telomere,repeat,2,2
30978332,pre_tx_is,repeat,0,0
30978332,antifibrotic,repeat,0,0
30978332,cni_ipv,repeat,1,1
30978332,nonhla_ab,repeat,0,0
30978332,cmv_dr,high,0,0
30978332,hla_mismatch,high,0,0
30978332,pre_tx_dsa,high,0,0
30978332,de_novo_dsa,high,0,0
30978332,induction,high,0,0
30978332,maintenance_is,high,0,0
30978332,acr,high,2,1
30978332,amr,high,0,0
30978332,pgd,high,2,2
30978332,cmv_events,high,2,2
30978332,resp_viral,high,0,0
30978332,colonization,high,0,0
30978332,gerd,high,0,0
30978332,azithromycin,high,0,0
30978332,telomere,high,2,2
30978332,pre_tx_is,high,0,0
30978332,antifibrotic,high,0,0
30978332,cni_ipv,high,1,1
30978332,nonhla_ab,high,0,0
31002407,cmv_dr,repeat,2,2
31002407,hla_mismatch,repeat,0,0
31002407,pre_tx_dsa,repeat,0,0
31002407,de_novo_dsa,repeat,0,0
31002407,induction,repeat,0,0
31002407,maintenance_is,repeat,0,0
31002407,acr,repeat,0,1
31002407,amr,repeat,0,0
31002407,pgd,repeat,1,1
31002407,cmv_events,repeat,0,0
31002407,resp_viral,repeat,0,0
31002407,colonization,repeat,0,0
31002407,gerd,repeat,0,0
31002407,azithromycin,repeat,0,0
31002407,telomere,repeat,0,0
31002407,pre_tx_is,repeat,0,0
31002407,antifibrotic,repeat,0,0
31002407,nonhla_ab,repeat,0,0
31002407,cmv_dr,high,2,2
31002407,hla_mismatch,high,0,0
31002407,pre_tx_dsa,high,0,0
31002407,de_novo_dsa,high,0,0
31002407,induction,high,0,0
31002407,maintenance_is,high,0,0
31002407,acr,high,0,1
31002407,amr,high,0,0
31002407,pgd,high,1,1
31002407,cmv_events,high,0,0
31002407,resp_viral,high,0,1
31002407,colonization,high,0,0
31002407,gerd,high,0,0
31002407,azithromycin,high,0,0
31002407,telomere,high,0,0
31002407,pre_tx_is,high,0,0
31002407,antifibrotic,high,0,0
31002407,nonhla_ab,high,0,0
31216376,cmv_dr,repeat,0,0
31216376,hla_mismatch,repeat,0,0
31216376,pre_tx_dsa,repeat,1,1
31216376,de_novo_dsa,repeat,2,2
31216376,induction,repeat,2,2
31216376,maintenance_is,repeat,2,2
31216376,acr,repeat,2,2
31216376,amr,repeat,1,2
31216376,pgd,repeat,2,2
31216376,cmv_events,repeat,1,2
31216376,resp_viral,repeat,2,2
31216376,colonization,repeat,0,0
31216376,gerd,repeat,1,0
31216376,azithromycin,repeat,0,0
31216376,telomere,repeat,0,0
31216376,pre_tx_is,repeat,0,0
31216376,cni_ipv,repeat,1,1
31216376,nonhla_ab,repeat,2,2
31216376,eplet_mm,repeat,0,0
31216376,cmv_dr,high,0,0
31216376,hla_mismatch,high,0,0
31216376,pre_tx_dsa,high,1,1
31216376,de_novo_dsa,high,2,2
31216376,induction,high,2,2
31216376,maintenance_is,high,2,2
31216376,acr,high,2,2
31216376,amr,high,1,1
31216376,pgd,high,2,1
31216376,cmv_events,high,1,2
31216376,resp_viral,high,2,2
31216376,colonization,high,0,0
31216376,gerd,high,1,1
31216376,azithromycin,high,0,0
31216376,cni_ipv,high,1,2
31216376,nonhla_ab,high,2,2
31216376,eplet_mm,high,0,0
31397939,cmv_dr,repeat,1,2
31397939,hla_mismatch,repeat,0,0
31397939,pre_tx_dsa,repeat,1,1
31397939,de_novo_dsa,repeat,1,1
31397939,induction,repeat,1,1
31397939,maintenance_is,repeat,1,1
31397939,acr,repeat,2,2
31397939,amr,repeat,1,1
31397939,pgd,repeat,0,0
31397939,cmv_events,repeat,0,0
31397939,resp_viral,repeat,0,0
31397939,colonization,repeat,0,0
31397939,gerd,repeat,1,1
31397939,azithromycin,repeat,1,1
31397939,telomere,repeat,0,0
31397939,pre_tx_is,repeat,0,0
31397939,antifibrotic,repeat,0,0
31397939,cni_ipv,repeat,1,1
31397939,nonhla_ab,repeat,0,0
31397939,cmv_dr,high,1,1
31397939,hla_mismatch,high,0,0
31397939,pre_tx_dsa,high,1,1
31397939,de_novo_dsa,high,1,1
31397939,induction,high,1,1
31397939,maintenance_is,high,1,1
31397939,acr,high,2,2
31397939,amr,high,1,1
31397939,pgd,high,0,0
31397939,cmv_events,high,0,0
31397939,resp_viral,high,0,0
31397939,colonization,high,0,0
31397939,gerd,high,1,1
31397939,azithromycin,high,1,1
31397939,telomere,high,0,0
31397939,pre_tx_is,high,0,0
31397939,antifibrotic,high,0,0
31397939,cni_ipv,high,1,0
31397939,nonhla_ab,high,0,0
31547869,cmv_dr,repeat,0,0
31547869,hla_mismatch,repeat,0,1
31547869,pre_tx_dsa,repeat,0,0
31547869,de_novo_dsa,repeat,0,0
31547869,induction,repeat,0,0
31547869,maintenance_is,repeat,0,0
31547869,acr,repeat,0,0
31547869,amr,repeat,0,0
31547869,pgd,repeat,0,0
31547869,cmv_events,repeat,0,0
31547869,resp_viral,repeat,0,0
31547869,colonization,repeat,0,0
31547869,gerd,repeat,0,0
31547869,azithromycin,repeat,0,0
31547869,nonhla_ab,repeat,0,0
31547869,cmv_dr,high,0,0
31547869,hla_mismatch,high,0,1
31547869,pre_tx_dsa,high,0,0
31547869,de_novo_dsa,high,0,0
31547869,induction,high,0,0
31547869,maintenance_is,high,0,0
31547869,acr,high,0,0
31547869,amr,high,0,0
31547869,pgd,high,0,0
31547869,cmv_events,high,0,0
31547869,resp_viral,high,0,0
31547869,colonization,high,0,0
31547869,gerd,high,0,0
31547869,azithromycin,high,0,0
31547869,nonhla_ab,high,0,0
31687369,cmv_dr,repeat,0,0
31687369,hla_mismatch,repeat,0,0
31687369,pre_tx_dsa,repeat,0,0
31687369,de_novo_dsa,repeat,0,0
31687369,induction,repeat,0,0
31687369,maintenance_is,repeat,2,2
31687369,acr,repeat,2,0
31687369,amr,repeat,0,0
31687369,pgd,repeat,0,0
31687369,cmv_events,repeat,0,0
31687369,resp_viral,repeat,0,0
31687369,colonization,repeat,0,0
31687369,gerd,repeat,0,0
31687369,azithromycin,repeat,0,0
31687369,cni_ipv,repeat,0,0
31687369,nonhla_ab,repeat,0,0
31687369,cmv_dr,high,0,1
31687369,hla_mismatch,high,0,0
31687369,pre_tx_dsa,high,0,1
31687369,de_novo_dsa,high,0,0
31687369,induction,high,0,0
31687369,maintenance_is,high,2,2
31687369,acr,high,2,1
31687369,amr,high,0,0
31687369,pgd,high,0,0
31687369,cmv_events,high,0,0
31687369,resp_viral,high,0,0
31687369,colonization,high,0,0
31687369,gerd,high,0,0
31687369,azithromycin,high,0,0
31687369,cni_ipv,high,0,0
31687369,nonhla_ab,high,0,0
31812487,cmv_dr,repeat,0,0
31812487,hla_mismatch,repeat,0,0
31812487,pre_tx_dsa,repeat,0,0
31812487,de_novo_dsa,repeat,0,0
31812487,induction,repeat,0,0
31812487,maintenance_is,repeat,0,0
31812487,acr,repeat,2,2
31812487,amr,repeat,0,0
31812487,pgd,repeat,0,0
31812487,cmv_events,repeat,0,0
31812487,resp_viral,repeat,0,0
31812487,colonization,repeat,1,1
31812487,gerd,repeat,0,0
31812487,azithromycin,repeat,2,2
31812487,telomere,repeat,0,0
31812487,pre_tx_is,repeat,0,0
31812487,antifibrotic,repeat,0,0
31812487,nonhla_ab,repeat,0,0
31812487,cmv_dr,high,0,0
31812487,hla_mismatch,high,0,0
31812487,pre_tx_dsa,high,0,0
31812487,de_novo_dsa,high,0,0
31812487,induction,high,0,0
31812487,maintenance_is,high,0,0
31812487,acr,high,2,2
31812487,amr,high,0,0
31812487,pgd,high,0,0
31812487,cmv_events,high,0,0
31812487,resp_viral,high,0,0
31812487,colonization,high,1,1
31812487,gerd,high,0,0
31812487,azithromycin,high,2,2
31812487,telomere,high,0,0
31812487,antifibrotic,high,0,0
31812487,nonhla_ab,high,0,0
31903646,cmv_dr,repeat,1,1
31903646,hla_mismatch,repeat,2,2
31903646,pre_tx_dsa,repeat,1,1
31903646,de_novo_dsa,repeat,2,2
31903646,induction,repeat,2,2
31903646,maintenance_is,repeat,2,2
31903646,acr,repeat,2,2
31903646,amr,repeat,1,0
31903646,pgd,repeat,2,2
31903646,cmv_events,repeat,0,0
31903646,resp_viral,repeat,0,0
31903646,colonization,repeat,0,0
31903646,gerd,repeat,0,0
31903646,azithromycin,repeat,0,0
31903646,telomere,repeat,0,0
31903646,pre_tx_is,repeat,0,0
31903646,antifibrotic,repeat,0,0
31903646,cni_ipv,repeat,0,0
31903646,nonhla_ab,repeat,0,0
31903646,eplet_mm,repeat,0,0
31903646,cmv_dr,high,1,1
31903646,hla_mismatch,high,2,2
31903646,pre_tx_dsa,high,1,1
31903646,de_novo_dsa,high,2,2
31903646,induction,high,2,2
31903646,maintenance_is,high,2,1
31903646,acr,high,2,2
31903646,amr,high,1,1
31903646,pgd,high,2,1
31903646,cmv_events,high,0,0
31903646,resp_viral,high,0,0
31903646,colonization,high,0,0
31903646,gerd,high,0,0
31903646,azithromycin,high,0,0
31903646,telomere,high,0,0
31903646,antifibrotic,high,0,0
31903646,cni_ipv,high,0,0
31903646,nonhla_ab,high,0,0
31903646,eplet_mm,high,0,0
31958356,cmv_dr,repeat,0,0
31958356,hla_mismatch,repeat,0,0
31958356,pre_tx_dsa,repeat,2,2
31958356,de_novo_dsa,repeat,0,0
31958356,induction,repeat,0,0
31958356,maintenance_is,repeat,0,0
31958356,acr,repeat,2,2
31958356,amr,repeat,1,1
31958356,pgd,repeat,0,0
31958356,cmv_events,repeat,0,0
31958356,resp_viral,repeat,0,0
31958356,colonization,repeat,1,0
31958356,gerd,repeat,0,0
31958356,azithromycin,repeat,0,0
31958356,telomere,repeat,0,0
31958356,pre_tx_is,repeat,0,0
31958356,nonhla_ab,repeat,0,0
31958356,eplet_mm,repeat,0,0
31958356,cmv_dr,high,0,0
31958356,hla_mismatch,high,0,0
31958356,pre_tx_dsa,high,2,0
31958356,de_novo_dsa,high,0,0
31958356,induction,high,0,0
31958356,maintenance_is,high,0,0
31958356,acr,high,2,2
31958356,amr,high,1,1
31958356,pgd,high,0,0
31958356,cmv_events,high,0,0
31958356,resp_viral,high,0,0
31958356,colonization,high,1,0
31958356,gerd,high,0,0
31958356,azithromycin,high,0,0
31958356,telomere,high,0,0
31958356,pre_tx_is,high,0,0
31958356,antifibrotic,high,0,0
31958356,nonhla_ab,high,0,0
32034974,cmv_dr,repeat,0,0
32034974,hla_mismatch,repeat,0,0
32034974,pre_tx_dsa,repeat,0,0
32034974,de_novo_dsa,repeat,0,0
32034974,induction,repeat,0,0
32034974,maintenance_is,repeat,0,0
32034974,acr,repeat,0,0
32034974,amr,repeat,0,0
32034974,pgd,repeat,0,0
32034974,cmv_events,repeat,0,0
32034974,resp_viral,repeat,0,0
32034974,colonization,repeat,0,0
32034974,gerd,repeat,0,0
32034974,azithromycin,repeat,0,0
32034974,nonhla_ab,repeat,0,0
32034974,cmv_dr,high,0,0
32034974,hla_mismatch,high,0,0
32034974,pre_tx_dsa,high,0,0
32034974,de_novo_dsa,high,0,0
32034974,induction,high,0,0
32034974,maintenance_is,high,0,0
32034974,acr,high,0,0
32034974,amr,high,0,0
32034974,pgd,high,0,0
32034974,cmv_events,high,0,0
32034974,resp_viral,high,0,0
32034974,colonization,high,0,0
32034974,gerd,high,0,0
32034974,azithromycin,high,0,0
32034974,nonhla_ab,high,0,0
32150039,cmv_dr,repeat,2,2
32150039,hla_mismatch,repeat,0,0
32150039,pre_tx_dsa,repeat,0,0
32150039,de_novo_dsa,repeat,0,0
32150039,induction,repeat,0,0
32150039,maintenance_is,repeat,0,0
32150039,acr,repeat,2,2
32150039,amr,repeat,0,0
32150039,pgd,repeat,0,0
32150039,cmv_events,repeat,0,0
32150039,resp_viral,repeat,0,0
32150039,colonization,repeat,0,0
32150039,gerd,repeat,0,0
32150039,azithromycin,repeat,0,0
32150039,telomere,repeat,0,0
32150039,pre_tx_is,repeat,0,0
32150039,antifibrotic,repeat,0,0
32150039,nonhla_ab,repeat,0,0
32150039,cmv_dr,high,2,2
32150039,hla_mismatch,high,0,0
32150039,pre_tx_dsa,high,0,0
32150039,de_novo_dsa,high,0,0
32150039,induction,high,0,0
32150039,maintenance_is,high,0,0
32150039,acr,high,2,2
32150039,amr,high,0,0
32150039,pgd,high,0,0
32150039,cmv_events,high,0,0
32150039,resp_viral,high,0,0
32150039,colonization,high,0,0
32150039,gerd,high,0,0
32150039,azithromycin,high,0,0
32150039,telomere,high,0,0
32150039,pre_tx_is,high,0,0
32150039,antifibrotic,high,0,0
32150039,nonhla_ab,high,0,0
32451618,cmv_dr,repeat,0,0
32451618,hla_mismatch,repeat,0,0
32451618,pre_tx_dsa,repeat,0,0
32451618,de_novo_dsa,repeat,0,0
32451618,induction,repeat,0,0
32451618,maintenance_is,repeat,1,1
32451618,acr,repeat,0,0
32451618,amr,repeat,0,0
32451618,pgd,repeat,0,0
32451618,cmv_events,repeat,0,0
32451618,resp_viral,repeat,0,0
32451618,colonization,repeat,0,0
32451618,gerd,repeat,0,0
32451618,azithromycin,repeat,0,0
32451618,nonhla_ab,repeat,0,0
32451618,cmv_dr,high,0,0
32451618,hla_mismatch,high,0,0
32451618,pre_tx_dsa,high,0,0
32451618,de_novo_dsa,high,0,0
32451618,induction,high,0,0
32451618,maintenance_is,high,1,1
32451618,acr,high,0,0
32451618,amr,high,0,0
32451618,pgd,high,0,0
32451618,cmv_events,high,0,0
32451618,resp_viral,high,0,0
32451618,colonization,high,0,0
32451618,gerd,high,0,0
32451618,azithromycin,high,0,0
32451618,nonhla_ab,high,0,0
32541091,cmv_dr,repeat,0,0
32541091,hla_mismatch,repeat,0,0
32541091,pre_tx_dsa,repeat,0,0
32541091,de_novo_dsa,repeat,0,0
32541091,induction,repeat,0,0
32541091,maintenance_is,repeat,0,0
32541091,acr,repeat,0,0
32541091,amr,repeat,0,0
32541091,pgd,repeat,0,0
32541091,cmv_events,repeat,0,0
32541091,resp_viral,repeat,0,0
32541091,colonization,repeat,0,0
32541091,gerd,repeat,0,0
32541091,azithromycin,repeat,0,0
32541091,nonhla_ab,repeat,0,0
32541091,cmv_dr,high,0,0
32541091,hla_mismatch,high,0,0
32541091,pre_tx_dsa,high,0,0
32541091,de_novo_dsa,high,0,0
32541091,induction,high,0,0
32541091,maintenance_is,high,0,0
32541091,acr,high,0,0
32541091,amr,high,0,1
32541091,pgd,high,0,0
32541091,cmv_events,high,0,0
32541091,resp_viral,high,0,0
32541091,colonization,high,0,0
32541091,gerd,high,0,0
32541091,azithromycin,high,0,0
32541091,nonhla_ab,high,0,0
32713614,cmv_dr,repeat,0,0
32713614,hla_mismatch,repeat,1,1
32713614,pre_tx_dsa,repeat,0,0
32713614,de_novo_dsa,repeat,1,1
32713614,induction,repeat,0,0
32713614,maintenance_is,repeat,0,0
32713614,acr,repeat,1,1
32713614,amr,repeat,1,1
32713614,pgd,repeat,1,1
32713614,cmv_events,repeat,0,0
32713614,resp_viral,repeat,1,1
32713614,colonization,repeat,0,0
32713614,gerd,repeat,0,0
32713614,azithromycin,repeat,0,0
32713614,telomere,repeat,0,0
32713614,pre_tx_is,repeat,0,0
32713614,antifibrotic,repeat,0,0
32713614,nonhla_ab,repeat,1,0
32713614,cmv_dr,high,0,0
32713614,hla_mismatch,high,1,1
32713614,pre_tx_dsa,high,0,0
32713614,de_novo_dsa,high,1,1
32713614,induction,high,0,0
32713614,maintenance_is,high,0,0
32713614,acr,high,1,0
32713614,amr,high,1,1
32713614,pgd,high,1,1
32713614,cmv_events,high,0,0
32713614,resp_viral,high,1,1
32713614,colonization,high,0,0
32713614,gerd,high,0,0
32713614,azithromycin,high,0,0
32713614,telomere,high,0,0
32713614,pre_tx_is,high,0,0
32713614,antifibrotic,high,0,0
32713614,nonhla_ab,high,1,1
32713614,eplet_mm,high,0,0
33039145,cmv_dr,repeat,0,0
33039145,hla_mismatch,repeat,0,0
33039145,pre_tx_dsa,repeat,2,2
33039145,de_novo_dsa,repeat,1,1
33039145,induction,repeat,2,2
33039145,maintenance_is,repeat,2,1
33039145,acr,repeat,2,2
33039145,amr,repeat,1,1
33039145,pgd,repeat,0,0
33039145,cmv_events,repeat,0,0
33039145,resp_viral,repeat,0,0
33039145,colonization,repeat,0,0
33039145,gerd,repeat,0,0
33039145,azithromycin,repeat,1,1
33039145,telomere,repeat,0,0
33039145,pre_tx_is,repeat,0,0
33039145,antifibrotic,repeat,0,0
33039145,cni_ipv,repeat,0,0
33039145,nonhla_ab,repeat,0,0
33039145,cmv_dr,high,0,0
33039145,hla_mismatch,high,0,0
33039145,pre_tx_dsa,high,2,2
33039145,de_novo_dsa,high,1,0
33039145,induction,high,2,0
33039145,maintenance_is,high,2,2
33039145,acr,high,2,2
33039145,amr,high,1,1
33039145,pgd,high,0,0
33039145,cmv_events,high,0,0
33039145,resp_viral,high,0,0
33039145,colonization,high,0,0
33039145,gerd,high,0,0
33039145,azithromycin,high,1,1
33039145,telomere,high,0,0
33039145,pre_tx_is,high,0,0
33039145,antifibrotic,high,0,0
33039145,cni_ipv,high,0,0
33039145,nonhla_ab,high,0,0
33351064,cmv_dr,repeat,0,0
33351064,hla_mismatch,repeat,0,0
33351064,pre_tx_dsa,repeat,2,2
33351064,de_novo_dsa,repeat,0,1
33351064,induction,repeat,0,0
33351064,maintenance_is,repeat,2,1
33351064,acr,repeat,0,0
33351064,amr,repeat,2,2
33351064,pgd,repeat,2,2
33351064,cmv_events,repeat,0,0
33351064,resp_viral,repeat,0,0
33351064,colonization,repeat,0,0
33351064,gerd,repeat,0,0
33351064,azithromycin,repeat,0,0
33351064,nonhla_ab,repeat,0,0
33351064,eplet_mm,repeat,0,0
33351064,cmv_dr,high,0,0
33351064,hla_mismatch,high,0,0
33351064,pre_tx_dsa,high,2,2
33351064,de_novo_dsa,high,0,0
33351064,induction,high,0,0
33351064,maintenance_is,high,2,2
33351064,acr,high,0,0
33351064,amr,high,2,2
33351064,pgd,high,2,2
33351064,cmv_events,high,0,0
33351064,resp_viral,high,0,0
33351064,colonization,high,0,0
33351064,gerd,high,0,0
33351064,azithromycin,high,0,0
33351064,nonhla_ab,high,0,0
33351064,eplet_mm,high,0,0
33515927,cmv_dr,repeat,0,0
33515927,hla_mismatch,repeat,0,0
33515927,pre_tx_dsa,repeat,0,0
33515927,de_novo_dsa,repeat,0,0
33515927,induction,repeat,0,0
33515927,maintenance_is,repeat,0,0
33515927,acr,repeat,0,0
33515927,amr,repeat,0,0
33515927,pgd,repeat,0,0
33515927,cmv_events,repeat,0,0
33515927,resp_viral,repeat,0,0
33515927,colonization,repeat,0,0
33515927,gerd,repeat,0,0
33515927,azithromycin,repeat,0,1
33515927,nonhla_ab,repeat,0,0
33515927,cmv_dr,high,0,0
33515927,hla_mismatch,high,0,0
33515927,pre_tx_dsa,high,0,0
33515927,de_novo_dsa,high,0,0
33515927,induction,high,0,0
33515927,maintenance_is,high,0,0
33515927,acr,high,0,0
33515927,amr,high,0,0
33515927,pgd,high,0,0
33515927,cmv_events,high,0,0
33515927,resp_viral,high,0,0
33515927,colonization,high,0,0
33515927,gerd,high,0,0
33515927,azithromycin,high,0,0
33515927,nonhla_ab,high,0,0
33827576,cmv_dr,repeat,2,2
33827576,hla_mismatch,repeat,0,0
33827576,pre_tx_dsa,repeat,1,1
33827576,de_novo_dsa,repeat,2,2
33827576,induction,repeat,2,1
33827576,maintenance_is,repeat,2,2
33827576,acr,repeat,2,2
33827576,amr,repeat,1,1
33827576,pgd,repeat,0,0
33827576,cmv_events,repeat,2,2
33827576,resp_viral,repeat,2,2
33827576,colonization,repeat,1,2
33827576,gerd,repeat,2,2
33827576,azithromycin,repeat,0,0
33827576,telomere,repeat,0,0
33827576,cni_ipv,repeat,1,1
33827576,nonhla_ab,repeat,0,0
33827576,eplet_mm,repeat,0,0
33827576,cmv_dr,high,2,2
33827576,hla_mismatch,high,0,0
33827576,pre_tx_dsa,high,1,1
33827576,de_novo_dsa,high,2,2
33827576,induction,high,2,1
33827576,maintenance_is,high,2,1
33827576,acr,high,2,2
33827576,amr,high,1,1
33827576,pgd,high,0,0
33827576,cmv_events,high,2,2
33827576,resp_viral,high,2,2
33827576,colonization,high,1,1
33827576,gerd,high,2,2
33827576,azithromycin,high,0,0
33827576,telomere,high,0,0
33827576,cni_ipv,high,1,1
33827576,nonhla_ab,high,0,0
33916034,cmv_dr,repeat,0,0
33916034,hla_mismatch,repeat,0,0
33916034,pre_tx_dsa,repeat,0,0
33916034,de_novo_dsa,repeat,0,0
33916034,induction,repeat,2,2
33916034,maintenance_is,repeat,2,1
33916034,acr,repeat,1,0
33916034,amr,repeat,1,1
33916034,pgd,repeat,0,0
33916034,cmv_events,repeat,0,0
33916034,resp_viral,repeat,0,0
33916034,colonization,repeat,0,0
33916034,gerd,repeat,0,0
33916034,azithromycin,repeat,0,0
33916034,telomere,repeat,0,0
33916034,pre_tx_is,repeat,0,0
33916034,antifibrotic,repeat,0,0
33916034,cni_ipv,repeat,0,0
33916034,nonhla_ab,repeat,0,0
33916034,cmv_dr,high,0,0
33916034,hla_mismatch,high,0,0
33916034,pre_tx_dsa,high,0,0
33916034,de_novo_dsa,high,0,0
33916034,induction,high,2,2
33916034,maintenance_is,high,2,2
33916034,acr,high,1,1
33916034,amr,high,1,1
33916034,pgd,high,0,0
33916034,cmv_events,high,0,0
33916034,resp_viral,high,0,0
33916034,colonization,high,0,0
33916034,gerd,high,0,0
33916034,azithromycin,high,0,0
33916034,telomere,high,0,0
33916034,pre_tx_is,high,0,0
33916034,antifibrotic,high,0,0
33916034,nonhla_ab,high,0,0
33930357,cmv_dr,repeat,0,0
33930357,hla_mismatch,repeat,0,0
33930357,pre_tx_dsa,repeat,0,0
33930357,de_novo_dsa,repeat,0,0
33930357,induction,repeat,1,1
33930357,maintenance_is,repeat,1,1
33930357,acr,repeat,1,1
33930357,amr,repeat,0,0
33930357,pgd,repeat,0,0
33930357,cmv_events,repeat,0,0
33930357,resp_viral,repeat,0,0
33930357,colonization,repeat,0,0
33930357,gerd,repeat,0,0
33930357,azithromycin,repeat,0,0
33930357,telomere,repeat,0,0
33930357,pre_tx_is,repeat,1,1
33930357,antifibrotic,repeat,0,0
33930357,cni_ipv,repeat,0,0
33930357,nonhla_ab,repeat,0,0
33930357,cmv_dr,high,0,0
33930357,hla_mismatch,high,0,0
33930357,pre_tx_dsa,high,0,0
33930357,de_novo_dsa,high,0,0
33930357,induction,high,1,1
33930357,maintenance_is,high,1,1
33930357,acr,high,1,1
33930357,amr,high,0,0
33930357,pgd,high,0,0
33930357,cmv_events,high,0,0
33930357,resp_viral,high,0,0
33930357,colonization,high,0,0
33930357,gerd,high,0,0
33930357,azithromycin,high,0,0
33930357,telomere,high,0,0
33930357,pre_tx_is,high,1,1
33930357,antifibrotic,high,0,0
33930357,cni_ipv,high,0,0
33930357,nonhla_ab,high,0,0
33936089,cmv_dr,repeat,1,1
33936089,hla_mismatch,repeat,0,0
33936089,pre_tx_dsa,repeat,0,0
33936089,de_novo_dsa,repeat,0,0
33936089,induction,repeat,1,1
33936089,maintenance_is,repeat,1,1
33936089,acr,repeat,1,0
33936089,amr,repeat,0,0
33936089,pgd,repeat,1,2
33936089,cmv_events,repeat,0,0
33936089,resp_viral,repeat,0,0
33936089,colonization,repeat,0,0
33936089,gerd,repeat,0,0
33936089,azithromycin,repeat,0,0
33936089,telomere,repeat,2,2
33936089,pre_tx_is,repeat,0,0
33936089,antifibrotic,repeat,0,0
33936089,cni_ipv,repeat,1,1
33936089,nonhla_ab,repeat,0,0
33936089,cmv_dr,high,1,1
33936089,hla_mismatch,high,0,0
33936089,pre_tx_dsa,high,0,0
33936089,de_novo_dsa,high,0,0
33936089,induction,high,1,1
33936089,maintenance_is,high,1,1
33936089,acr,high,1,1
33936089,amr,high,0,0
33936089,pgd,high,1,1
33936089,cmv_events,high,0,0
33936089,resp_viral,high,0,0
33936089,colonization,high,0,0
33936089,gerd,high,0,0
33936089,azithromycin,high,0,0
33936089,telomere,high,2,2
33936089,pre_tx_is,high,0,0
33936089,antifibrotic,high,0,0
33936089,cni_ipv,high,1,1
33936089,nonhla_ab,high,0,0
34130911,cmv_dr,repeat,0,0
34130911,hla_mismatch,repeat,0,0
34130911,pre_tx_dsa,repeat,1,0
34130911,de_novo_dsa,repeat,0,0
34130911,induction,repeat,1,0
34130911,maintenance_is,repeat,1,0
34130911,acr,repeat,2,2
34130911,amr,repeat,1,2
34130911,pgd,repeat,0,0
34130911,cmv_events,repeat,0,0
34130911,resp_viral,repeat,2,1
34130911,colonization,repeat,0,0
34130911,gerd,repeat,0,0
34130911,azithromycin,repeat,0,0
34130911,telomere,repeat,0,0
34130911,pre_tx_is,repeat,0,0
34130911,antifibrotic,repeat,0,0
34130911,nonhla_ab,repeat,1,1
34130911,cmv_dr,high,0,0
34130911,hla_mismatch,high,0,0
34130911,pre_tx_dsa,high,1,0
34130911,de_novo_dsa,high,0,0
34130911,induction,high,1,1
34130911,maintenance_is,high,1,1
34130911,acr,high,2,2
34130911,amr,high,1,2
34130911,pgd,high,0,0
34130911,cmv_events,high,0,0
34130911,resp_viral,high,2,1
34130911,colonization,high,0,0
34130911,gerd,high,0,0
34130911,azithromycin,high,0,0
34130911,telomere,high,0,0
34130911,pre_tx_is,high,0,0
34130911,antifibrotic,high,0,0
34130911,nonhla_ab,high,1,1
34251508,cmv_dr,repeat,1,1
34251508,hla_mismatch,repeat,1,1
34251508,pre_tx_dsa,repeat,0,0
34251508,de_novo_dsa,repeat,0,0
34251508,induction,repeat,0,0
34251508,maintenance_is,repeat,0,0
34251508,acr,repeat,1,1
34251508,amr,repeat,1,1
34251508,pgd,repeat,2,1
34251508,cmv_events,repeat,0,0
34251508,resp_viral,repeat,0,0
34251508,colonization,repeat,0,0
34251508,gerd,repeat,1,2
34251508,azithromycin,repeat,0,0
34251508,telomere,repeat,0,0
34251508,nonhla_ab,repeat,0,0
34251508,eplet_mm,repeat,0,0
34251508,cmv_dr,high,1,1
34251508,hla_mismatch,high,1,1
34251508,pre_tx_dsa,high,0,0
34251508,de_novo_dsa,high,0,0
34251508,induction,high,0,0
34251508,maintenance_is,high,0,0
34251508,acr,high,1,1
34251508,amr,high,1,1
34251508,pgd,high,2,1
34251508,cmv_events,high,0,0
34251508,resp_viral,high,0,0
34251508,colonization,high,0,0
34251508,gerd,high,1,2
34251508,azithromycin,high,0,0
34251508,nonhla_ab,high,0,0
34251508,eplet_mm,high,0,0
34263577,cmv_dr,repeat,0,0
34263577,hla_mismatch,repeat,0,0
34263577,pre_tx_dsa,repeat,0,0
34263577,de_novo_dsa,repeat,0,0
34263577,induction,repeat,0,0
34263577,maintenance_is,repeat,0,0
34263577,acr,repeat,2,2
34263577,amr,repeat,0,0
34263577,pgd,repeat,0,0
34263577,cmv_events,repeat,0,0
34263577,resp_viral,repeat,1,1
34263577,colonization,repeat,0,0
34263577,gerd,repeat,0,0
34263577,azithromycin,repeat,0,0
34263577,nonhla_ab,repeat,0,0
34263577,cmv_dr,high,0,0
34263577,hla_mismatch,high,0,0
34263577,pre_tx_dsa,high,0,0
34263577,de_novo_dsa,high,0,0
34263577,induction,high,0,0
34263577,maintenance_is,high,0,0
34263577,acr,high,2,2
34263577,amr,high,0,1
34263577,pgd,high,0,0
34263577,cmv_events,high,0,0
34263577,resp_viral,high,1,1
34263577,colonization,high,0,0
34263577,gerd,high,0,0
34263577,azithromycin,high,0,0
34263577,nonhla_ab,high,0,0
34291152,cmv_dr,repeat,0,0
34291152,hla_mismatch,repeat,0,0
34291152,pre_tx_dsa,repeat,0,0
34291152,de_novo_dsa,repeat,0,0
34291152,induction,repeat,2,2
34291152,maintenance_is,repeat,1,2
34291152,acr,repeat,0,0
34291152,amr,repeat,0,0
34291152,pgd,repeat,1,1
34291152,cmv_events,repeat,1,1
34291152,resp_viral,repeat,0,0
34291152,colonization,repeat,0,0
34291152,gerd,repeat,0,0
34291152,azithromycin,repeat,0,0
34291152,telomere,repeat,0,0
34291152,pre_tx_is,repeat,0,0
34291152,antifibrotic,repeat,0,0
34291152,cni_ipv,repeat,0,0
34291152,nonhla_ab,repeat,1,1
34291152,cmv_dr,high,0,0
34291152,hla_mismatch,high,0,0
34291152,pre_tx_dsa,high,0,0
34291152,de_novo_dsa,high,0,0
34291152,induction,high,2,2
34291152,maintenance_is,high,1,1
34291152,acr,high,0,0
34291152,amr,high,0,0
34291152,pgd,high,1,0
34291152,cmv_events,high,1,0
34291152,resp_viral,high,0,0
34291152,colonization,high,0,0
34291152,gerd,high,0,0
34291152,azithromycin,high,0,0
34291152,telomere,high,0,0
34291152,pre_tx_is,high,0,0
34291152,antifibrotic,high,0,0
34291152,nonhla_ab,high,1,0
34299359,cmv_dr,repeat,0,0
34299359,hla_mismatch,repeat,0,0
34299359,pre_tx_dsa,repeat,0,0
34299359,de_novo_dsa,repeat,0,0
34299359,induction,repeat,0,0
34299359,maintenance_is,repeat,0,0
34299359,acr,repeat,0,1
34299359,amr,repeat,0,0
34299359,pgd,repeat,0,0
34299359,cmv_events,repeat,0,0
34299359,resp_viral,repeat,0,1
34299359,colonization,repeat,0,0
34299359,gerd,repeat,1,1
34299359,azithromycin,repeat,0,0
34299359,nonhla_ab,repeat,0,0
34299359,cmv_dr,high,0,0
34299359,hla_mismatch,high,0,0
34299359,pre_tx_dsa,high,0,0
34299359,de_novo_dsa,high,0,0
34299359,induction,high,0,0
34299359,maintenance_is,high,0,0
34299359,acr,high,0,1
34299359,amr,high,0,0
34299359,pgd,high,0,0
34299359,cmv_events,high,0,0
34299359,resp_viral,high,0,1
34299359,colonization,high,0,0
34299359,gerd,high,1,1
34299359,azithromycin,high,0,0
34299359,nonhla_ab,high,0,0
34619318,cmv_dr,repeat,0,0
34619318,hla_mismatch,repeat,0,0
34619318,pre_tx_dsa,repeat,0,0
34619318,de_novo_dsa,repeat,0,0
34619318,induction,repeat,0,0
34619318,maintenance_is,repeat,0,0
34619318,acr,repeat,0,0
34619318,amr,repeat,0,0
34619318,pgd,repeat,0,0
34619318,cmv_events,repeat,2,2
34619318,resp_viral,repeat,2,2
34619318,colonization,repeat,1,1
34619318,gerd,repeat,0,0
34619318,azithromycin,repeat,0,0
34619318,telomere,repeat,0,0
34619318,pre_tx_is,repeat,0,0
34619318,antifibrotic,repeat,0,0
34619318,nonhla_ab,repeat,0,0
34619318,cmv_dr,high,0,0
34619318,hla_mismatch,high,0,1
34619318,pre_tx_dsa,high,0,0
34619318,de_novo_dsa,high,0,0
34619318,induction,high,0,0
34619318,maintenance_is,high,0,0
34619318,acr,high,0,0
34619318,amr,high,0,0
34619318,pgd,high,0,0
34619318,cmv_events,high,2,2
34619318,resp_viral,high,2,2
34619318,colonization,high,1,1
34619318,gerd,high,0,0
34619318,azithromycin,high,0,0
34619318,telomere,high,0,0
34619318,pre_tx_is,high,0,0
34619318,antifibrotic,high,0,0
34619318,nonhla_ab,high,0,2
35461711,cmv_dr,repeat,0,0
35461711,hla_mismatch,repeat,0,0
35461711,pre_tx_dsa,repeat,0,0
35461711,de_novo_dsa,repeat,0,0
35461711,induction,repeat,0,0
35461711,maintenance_is,repeat,0,0
35461711,acr,repeat,0,0
35461711,amr,repeat,0,0
35461711,pgd,repeat,2,2
35461711,cmv_events,repeat,0,0
35461711,resp_viral,repeat,0,0
35461711,colonization,repeat,0,0
35461711,gerd,repeat,0,0
35461711,azithromycin,repeat,0,0
35461711,nonhla_ab,repeat,0,0
35461711,cmv_dr,high,0,0
35461711,hla_mismatch,high,0,0
35461711,pre_tx_dsa,high,0,0
35461711,de_novo_dsa,high,0,0
35461711,induction,high,0,0
35461711,maintenance_is,high,0,0
35461711,acr,high,0,0
35461711,amr,high,0,0
35461711,pgd,high,2,2
35461711,cmv_events,high,0,0
35461711,resp_viral,high,0,0
35461711,colonization,high,0,0
35461711,gerd,high,0,0
35461711,azithromycin,high,0,0
35461711,nonhla_ab,high,0,0
35522969,cmv_dr,repeat,0,0
35522969,hla_mismatch,repeat,0,0
35522969,pre_tx_dsa,repeat,0,0
35522969,de_novo_dsa,repeat,0,0
35522969,induction,repeat,0,0
35522969,maintenance_is,repeat,0,0
35522969,acr,repeat,0,0
35522969,amr,repeat,0,0
35522969,pgd,repeat,0,0
35522969,cmv_events,repeat,0,0
35522969,resp_viral,repeat,0,0
35522969,colonization,repeat,0,0
35522969,gerd,repeat,0,0
35522969,azithromycin,repeat,0,0
35522969,nonhla_ab,repeat,0,0
35522969,eplet_mm,repeat,0,0
35522969,cmv_dr,high,0,0
35522969,hla_mismatch,high,0,1
35522969,pre_tx_dsa,high,0,0
35522969,de_novo_dsa,high,0,0
35522969,induction,high,0,0
35522969,maintenance_is,high,0,0
35522969,acr,high,0,0
35522969,amr,high,0,0
35522969,pgd,high,0,0
35522969,cmv_events,high,0,0
35522969,resp_viral,high,0,0
35522969,colonization,high,0,0
35522969,gerd,high,0,0
35522969,azithromycin,high,0,0
35522969,cni_ipv,high,0,0
35522969,nonhla_ab,high,0,0
35522969,eplet_mm,high,0,0
35525096,cmv_dr,repeat,0,0
35525096,hla_mismatch,repeat,0,0
35525096,pre_tx_dsa,repeat,0,1
35525096,de_novo_dsa,repeat,0,0
35525096,induction,repeat,0,0
35525096,maintenance_is,repeat,0,0
35525096,acr,repeat,1,1
35525096,amr,repeat,1,1
35525096,pgd,repeat,0,0
35525096,cmv_events,repeat,0,0
35525096,resp_viral,repeat,0,0
35525096,colonization,repeat,0,0
35525096,gerd,repeat,1,2
35525096,azithromycin,repeat,2,1
35525096,telomere,repeat,0,0
35525096,pre_tx_is,repeat,0,0
35525096,nonhla_ab,repeat,0,0
35525096,eplet_mm,repeat,0,0
35525096,cmv_dr,high,0,0
35525096,hla_mismatch,high,0,0
35525096,pre_tx_dsa,high,0,0
35525096,de_novo_dsa,high,0,0
35525096,induction,high,0,0
35525096,maintenance_is,high,0,0
35525096,acr,high,1,1
35525096,amr,high,1,1
35525096,pgd,high,0,0
35525096,cmv_events,high,0,0
35525096,resp_viral,high,0,0
35525096,colonization,high,0,0
35525096,gerd,high,1,2
35525096,azithromycin,high,2,2
35525096,telomere,high,0,0
35525096,nonhla_ab,high,0,0
35864004,cmv_dr,repeat,2,2
35864004,hla_mismatch,repeat,0,0
35864004,pre_tx_dsa,repeat,0,0
35864004,de_novo_dsa,repeat,0,0
35864004,induction,repeat,0,0
35864004,maintenance_is,repeat,0,0
35864004,acr,repeat,0,0
35864004,amr,repeat,0,0
35864004,pgd,repeat,0,0
35864004,cmv_events,repeat,0,0
35864004,resp_viral,repeat,0,0
35864004,colonization,repeat,1,1
35864004,gerd,repeat,0,0
35864004,azithromycin,repeat,0,0
35864004,nonhla_ab,repeat,0,0
35864004,cmv_dr,high,2,2
35864004,hla_mismatch,high,0,0
35864004,pre_tx_dsa,high,0,0
35864004,de_novo_dsa,high,0,0
35864004,induction,high,0,0
35864004,maintenance_is,high,0,0
35864004,acr,high,0,0
35864004,amr,high,0,0
35864004,pgd,high,0,0
35864004,cmv_events,high,0,0
35864004,resp_viral,high,0,0
35864004,colonization,high,1,1
35864004,gerd,high,0,0
35864004,azithromycin,high,0,0
35864004,nonhla_ab,high,0,0
35980878,cmv_dr,repeat,0,0
35980878,hla_mismatch,repeat,0,0
35980878,pre_tx_dsa,repeat,0,0
35980878,de_novo_dsa,repeat,0,0
35980878,induction,repeat,0,0
35980878,maintenance_is,repeat,0,0
35980878,acr,repeat,1,0
35980878,amr,repeat,1,1
35980878,pgd,repeat,1,1
35980878,cmv_events,repeat,1,1
35980878,resp_viral,repeat,1,1
35980878,colonization,repeat,1,1
35980878,gerd,repeat,1,1
35980878,azithromycin,repeat,0,0
35980878,telomere,repeat,2,2
35980878,antifibrotic,repeat,0,0
35980878,nonhla_ab,repeat,1,1
35980878,cmv_dr,high,0,0
35980878,hla_mismatch,high,0,0
35980878,pre_tx_dsa,high,0,0
35980878,de_novo_dsa,high,0,0
35980878,induction,high,0,0
35980878,maintenance_is,high,0,0
35980878,acr,high,1,1
35980878,amr,high,1,1
35980878,pgd,high,1,1
35980878,cmv_events,high,1,1
35980878,resp_viral,high,1,1
35980878,colonization,high,1,1
35980878,gerd,high,1,1
35980878,azithromycin,high,0,0
35980878,telomere,high,2,2
35980878,antifibrotic,high,0,0
35980878,nonhla_ab,high,1,2
36223371,cmv_dr,repeat,1,1
36223371,hla_mismatch,repeat,1,1
36223371,pre_tx_dsa,repeat,0,0
36223371,de_novo_dsa,repeat,0,0
36223371,induction,repeat,0,0
36223371,maintenance_is,repeat,1,0
36223371,acr,repeat,1,1
36223371,amr,repeat,0,0
36223371,pgd,repeat,0,0
36223371,cmv_events,repeat,0,0
36223371,resp_viral,repeat,0,0
36223371,colonization,repeat,0,0
36223371,gerd,repeat,0,0
36223371,azithromycin,repeat,0,0
36223371,telomere,repeat,0,0
36223371,pre_tx_is,repeat,0,0
36223371,antifibrotic,repeat,0,0
36223371,cni_ipv,repeat,0,0
36223371,nonhla_ab,repeat,0,0
36223371,eplet_mm,repeat,0,0
36223371,cmv_dr,high,1,1
36223371,hla_mismatch,high,1,1
36223371,pre_tx_dsa,high,0,0
36223371,de_novo_dsa,high,0,0
36223371,induction,high,0,0
36223371,maintenance_is,high,1,1
36223371,acr,high,1,1
36223371,amr,high,0,0
36223371,pgd,high,0,0
36223371,cmv_events,high,0,0
36223371,resp_viral,high,0,0
36223371,colonization,high,0,0
36223371,gerd,high,0,0
36223371,azithromycin,high,0,0
36223371,telomere,high,0,0
36223371,pre_tx_is,high,0,0
36223371,antifibrotic,high,0,0
36223371,cni_ipv,high,0,0
36223371,nonhla_ab,high,0,0
36223371,eplet_mm,high,0,0
36240868,cmv_dr,repeat,0,0
36240868,hla_mismatch,repeat,0,0
36240868,pre_tx_dsa,repeat,0,0
36240868,de_novo_dsa,repeat,0,0
36240868,induction,repeat,0,0
36240868,maintenance_is,repeat,0,0
36240868,acr,repeat,1,1
36240868,amr,repeat,0,0
36240868,pgd,repeat,0,0
36240868,cmv_events,repeat,0,0
36240868,resp_viral,repeat,0,0
36240868,colonization,repeat,0,0
36240868,gerd,repeat,0,0
36240868,azithromycin,repeat,0,0
36240868,telomere,repeat,0,0
36240868,nonhla_ab,repeat,0,0
36240868,cmv_dr,high,0,0
36240868,hla_mismatch,high,0,0
36240868,pre_tx_dsa,high,0,0
36240868,de_novo_dsa,high,0,0
36240868,induction,high,0,0
36240868,maintenance_is,high,0,0
36240868,acr,high,1,1
36240868,amr,high,0,0
36240868,pgd,high,0,0
36240868,cmv_events,high,0,0
36240868,resp_viral,high,0,0
36240868,colonization,high,0,0
36240868,gerd,high,0,0
36240868,azithromycin,high,0,0
36240868,nonhla_ab,high,0,0
36245610,cmv_dr,repeat,0,0
36245610,hla_mismatch,repeat,0,0
36245610,pre_tx_dsa,repeat,0,0
36245610,de_novo_dsa,repeat,0,0
36245610,induction,repeat,0,0
36245610,maintenance_is,repeat,0,0
36245610,acr,repeat,0,0
36245610,amr,repeat,0,0
36245610,pgd,repeat,0,0
36245610,cmv_events,repeat,0,0
36245610,resp_viral,repeat,0,0
36245610,colonization,repeat,0,0
36245610,gerd,repeat,0,0
36245610,azithromycin,repeat,0,0
36245610,telomere,repeat,0,0
36245610,antifibrotic,repeat,0,0
36245610,nonhla_ab,repeat,0,0
36245610,cmv_dr,high,0,0
36245610,hla_mismatch,high,0,0
36245610,pre_tx_dsa,high,0,0
36245610,de_novo_dsa,high,0,0
36245610,induction,high,0,0
36245610,maintenance_is,high,0,0
36245610,acr,high,0,1
36245610,amr,high,0,0
36245610,pgd,high,0,0
36245610,cmv_events,high,0,0
36245610,resp_viral,high,0,0
36245610,colonization,high,0,0
36245610,gerd,high,0,0
36245610,azithromycin,high,0,0
36245610,telomere,high,0,0
36245610,antifibrotic,high,0,0
36245610,nonhla_ab,high,0,0
36289168,cmv_dr,repeat,0,0
36289168,hla_mismatch,repeat,0,0
36289168,pre_tx_dsa,repeat,0,2
36289168,de_novo_dsa,repeat,0,0
36289168,induction,repeat,0,0
36289168,maintenance_is,repeat,2,2
36289168,acr,repeat,0,0
36289168,amr,repeat,1,1
36289168,pgd,repeat,0,0
36289168,cmv_events,repeat,0,0
36289168,resp_viral,repeat,0,0
36289168,colonization,repeat,0,0
36289168,gerd,repeat,0,0
36289168,azithromycin,repeat,1,1
36289168,telomere,repeat,0,0
36289168,pre_tx_is,repeat,0,0
36289168,antifibrotic,repeat,2,1
36289168,cni_ipv,repeat,1,1
36289168,nonhla_ab,repeat,0,0
36289168,eplet_mm,repeat,0,0
36289168,cmv_dr,high,0,0
36289168,hla_mismatch,high,0,0
36289168,pre_tx_dsa,high,0,0
36289168,de_novo_dsa,high,0,2
36289168,induction,high,0,0
36289168,maintenance_is,high,2,2
36289168,acr,high,0,0
36289168,amr,high,1,1
36289168,pgd,high,0,0
36289168,cmv_events,high,0,0
36289168,resp_viral,high,0,1
36289168,colonization,high,0,0
36289168,gerd,high,0,0
36289168,azithromycin,high,1,1
36289168,telomere,high,0,0
36289168,pre_tx_is,high,0,0
36289168,antifibrotic,high,2,1
36289168,cni_ipv,high,1,1
36289168,nonhla_ab,high,0,0
36289168,eplet_mm,high,0,0
36671482,cmv_dr,repeat,2,2
36671482,hla_mismatch,repeat,0,0
36671482,pre_tx_dsa,repeat,0,0
36671482,de_novo_dsa,repeat,0,1
36671482,induction,repeat,1,0
36671482,maintenance_is,repeat,1,0
36671482,acr,repeat,1,0
36671482,amr,repeat,1,1
36671482,pgd,repeat,0,0
36671482,cmv_events,repeat,0,0
36671482,resp_viral,repeat,0,0
36671482,colonization,repeat,0,0
36671482,gerd,repeat,0,0
36671482,azithromycin,repeat,0,0
36671482,cni_ipv,repeat,0,1
36671482,nonhla_ab,repeat,0,0
36671482,cmv_dr,high,2,2
36671482,hla_mismatch,high,0,0
36671482,pre_tx_dsa,high,0,0
36671482,de_novo_dsa,high,0,0
36671482,induction,high,1,0
36671482,maintenance_is,high,1,0
36671482,acr,high,1,1
36671482,amr,high,1,1
36671482,pgd,high,0,0
36671482,cmv_events,high,0,0
36671482,resp_viral,high,0,0
36671482,colonization,high,0,0
36671482,gerd,high,0,0
36671482,azithromycin,high,0,0
36671482,nonhla_ab,high,0,0
37287095,cmv_dr,repeat,1,1
37287095,hla_mismatch,repeat,0,0
37287095,pre_tx_dsa,repeat,0,0
37287095,de_novo_dsa,repeat,0,0
37287095,induction,repeat,0,0
37287095,maintenance_is,repeat,0,0
37287095,acr,repeat,1,1
37287095,amr,repeat,0,0
37287095,pgd,repeat,0,0
37287095,cmv_events,repeat,0,0
37287095,resp_viral,repeat,0,0
37287095,colonization,repeat,0,0
37287095,gerd,repeat,0,0
37287095,azithromycin,repeat,0,0
37287095,telomere,repeat,0,0
37287095,pre_tx_is,repeat,0,0
37287095,antifibrotic,repeat,0,0
37287095,nonhla_ab,repeat,0,0
37287095,cmv_dr,high,1,1
37287095,hla_mismatch,high,0,0
37287095,pre_tx_dsa,high,0,0
37287095,de_novo_dsa,high,0,0
37287095,induction,high,0,0
37287095,maintenance_is,high,0,0
37287095,acr,high,1,1
37287095,amr,high,0,0
37287095,pgd,high,0,0
37287095,cmv_events,high,0,0
37287095,resp_viral,high,0,0
37287095,colonization,high,0,0
37287095,gerd,high,0,0
37287095,azithromycin,high,0,0
37287095,telomere,high,0,0
37287095,antifibrotic,high,0,0
37287095,nonhla_ab,high,0,0
37442212,cmv_dr,repeat,0,0
37442212,hla_mismatch,repeat,0,0
37442212,pre_tx_dsa,repeat,1,2
37442212,de_novo_dsa,repeat,2,2
37442212,induction,repeat,0,0
37442212,maintenance_is,repeat,0,0
37442212,acr,repeat,2,1
37442212,amr,repeat,2,2
37442212,pgd,repeat,0,0
37442212,cmv_events,repeat,0,0
37442212,resp_viral,repeat,0,0
37442212,colonization,repeat,0,0
37442212,gerd,repeat,0,0
37442212,azithromycin,repeat,0,0
37442212,telomere,repeat,0,0
37442212,pre_tx_is,repeat,0,0
37442212,antifibrotic,repeat,0,0
37442212,nonhla_ab,repeat,2,2
37442212,cmv_dr,high,0,0
37442212,hla_mismatch,high,0,0
37442212,pre_tx_dsa,high,1,2
37442212,de_novo_dsa,high,2,2
37442212,induction,high,0,0
37442212,maintenance_is,high,0,0
37442212,acr,high,2,2
37442212,amr,high,2,2
37442212,pgd,high,0,0
37442212,cmv_events,high,0,0
37442212,resp_viral,high,0,0
37442212,colonization,high,0,0
37442212,gerd,high,0,0
37442212,azithromycin,high,0,0
37442212,telomere,high,0,0
37442212,pre_tx_is,high,0,0
37442212,antifibrotic,high,0,0
37442212,nonhla_ab,high,2,2
37499884,cmv_dr,repeat,0,0
37499884,hla_mismatch,repeat,0,0
37499884,pre_tx_dsa,repeat,2,2
37499884,de_novo_dsa,repeat,2,2
37499884,induction,repeat,2,2
37499884,maintenance_is,repeat,2,2
37499884,acr,repeat,2,2
37499884,amr,repeat,2,2
37499884,pgd,repeat,2,2
37499884,cmv_events,repeat,0,0
37499884,resp_viral,repeat,0,0
37499884,colonization,repeat,0,0
37499884,gerd,repeat,0,0
37499884,azithromycin,repeat,0,0
37499884,cni_ipv,repeat,1,1
37499884,nonhla_ab,repeat,0,0
37499884,eplet_mm,repeat,0,0
37499884,cmv_dr,high,0,0
37499884,hla_mismatch,high,0,0
37499884,pre_tx_dsa,high,2,2
37499884,de_novo_dsa,high,2,2
37499884,induction,high,2,1
37499884,maintenance_is,high,2,2
37499884,acr,high,2,1
37499884,amr,high,2,2
37499884,pgd,high,2,2
37499884,cmv_events,high,0,0
37499884,resp_viral,high,0,0
37499884,colonization,high,0,0
37499884,gerd,high,0,0
37499884,azithromycin,high,0,0
37499884,cni_ipv,high,1,1
37499884,nonhla_ab,high,0,0
37895424,cmv_dr,repeat,0,0
37895424,hla_mismatch,repeat,0,1
37895424,pre_tx_dsa,repeat,0,0
37895424,de_novo_dsa,repeat,1,0
37895424,induction,repeat,0,0
37895424,maintenance_is,repeat,1,0
37895424,acr,repeat,2,2
37895424,amr,repeat,2,1
37895424,pgd,repeat,0,0
37895424,cmv_events,repeat,0,0
37895424,resp_viral,repeat,0,0
37895424,colonization,repeat,0,0
37895424,gerd,repeat,0,0
37895424,azithromycin,repeat,0,0
37895424,cni_ipv,repeat,0,0
37895424,nonhla_ab,repeat,1,0
37895424,cmv_dr,high,0,0
37895424,hla_mismatch,high,0,1
37895424,pre_tx_dsa,high,0,0
37895424,de_novo_dsa,high,1,1
37895424,induction,high,0,2
37895424,maintenance_is,high,1,0
37895424,acr,high,2,0
37895424,amr,high,2,1
37895424,pgd,high,0,0
37895424,cmv_events,high,0,0
37895424,resp_viral,high,0,0
37895424,colonization,high,0,0
37895424,gerd,high,0,0
37895424,azithromycin,high,0,0
37895424,cni_ipv,high,0,0
37895424,nonhla_ab,high,1,1
37937643,cmv_dr,repeat,0,0
37937643,hla_mismatch,repeat,0,1
37937643,pre_tx_dsa,repeat,0,0
37937643,de_novo_dsa,repeat,0,0
37937643,induction,repeat,0,0
37937643,maintenance_is,repeat,0,0
37937643,acr,repeat,1,2
37937643,amr,repeat,0,0
37937643,pgd,repeat,0,0
37937643,cmv_events,repeat,0,0
37937643,resp_viral,repeat,1,1
37937643,colonization,repeat,0,0
37937643,gerd,repeat,1,1
37937643,azithromycin,repeat,0,0
37937643,nonhla_ab,repeat,0,0
37937643,cmv_dr,high,0,0
37937643,hla_mismatch,high,0,1
37937643,pre_tx_dsa,high,0,0
37937643,de_novo_dsa,high,0,0
37937643,induction,high,0,0
37937643,maintenance_is,high,0,0
37937643,acr,high,1,1
37937643,amr,high,0,0
37937643,pgd,high,0,0
37937643,cmv_events,high,0,0
37937643,resp_viral,high,1,1
37937643,colonization,high,0,0
37937643,gerd,high,1,1
37937643,azithromycin,high,0,0
37937643,nonhla_ab,high,0,0
38141896,cmv_dr,repeat,0,0
38141896,hla_mismatch,repeat,0,0
38141896,pre_tx_dsa,repeat,0,0
38141896,de_novo_dsa,repeat,2,0
38141896,induction,repeat,2,2
38141896,maintenance_is,repeat,2,2
38141896,acr,repeat,0,0
38141896,amr,repeat,0,0
38141896,pgd,repeat,0,0
38141896,cmv_events,repeat,0,0
38141896,resp_viral,repeat,0,0
38141896,colonization,repeat,0,0
38141896,gerd,repeat,0,1
38141896,azithromycin,repeat,0,0
38141896,cni_ipv,repeat,0,0
38141896,nonhla_ab,repeat,2,2
38141896,eplet_mm,repeat,0,0
38141896,cmv_dr,high,0,0
38141896,hla_mismatch,high,0,0
38141896,pre_tx_dsa,high,0,0
38141896,de_novo_dsa,high,2,2
38141896,induction,high,2,2
38141896,maintenance_is,high,2,2
38141896,acr,high,0,0
38141896,amr,high,0,1
38141896,pgd,high,0,0
38141896,cmv_events,high,0,0
38141896,resp_viral,high,0,1
38141896,colonization,high,0,0
38141896,gerd,high,0,1
38141896,azithromycin,high,0,0
38141896,telomere,high,0,0
38141896,nonhla_ab,high,2,2
38237809,cmv_dr,repeat,1,1
38237809,hla_mismatch,repeat,0,0
38237809,pre_tx_dsa,repeat,0,0
38237809,de_novo_dsa,repeat,0,0
38237809,induction,repeat,2,2
38237809,maintenance_is,repeat,2,2
38237809,acr,repeat,2,2
38237809,amr,repeat,1,1
38237809,pgd,repeat,0,0
38237809,cmv_events,repeat,0,0
38237809,resp_viral,repeat,0,0
38237809,colonization,repeat,1,1
38237809,gerd,repeat,0,0
38237809,azithromycin,repeat,0,0
38237809,telomere,repeat,0,0
38237809,pre_tx_is,repeat,0,0
38237809,antifibrotic,repeat,0,0
38237809,cni_ipv,repeat,0,0
38237809,nonhla_ab,repeat,0,0
38237809,cmv_dr,high,1,1
38237809,hla_mismatch,high,0,0
38237809,pre_tx_dsa,high,0,0
38237809,de_novo_dsa,high,0,0
38237809,induction,high,2,2
38237809,maintenance_is,high,2,1
38237809,acr,high,2,2
38237809,amr,high,1,1
38237809,pgd,high,0,0
38237809,cmv_events,high,0,0
38237809,resp_viral,high,0,0
38237809,colonization,high,1,2
38237809,gerd,high,0,0
38237809,azithromycin,high,0,0
38237809,telomere,high,0,0
38237809,antifibrotic,high,0,0
38237809,cni_ipv,high,0,0
38237809,nonhla_ab,high,0,0
38241956,cmv_dr,repeat,1,1
38241956,hla_mismatch,repeat,0,0
38241956,pre_tx_dsa,repeat,0,0
38241956,de_novo_dsa,repeat,0,0
38241956,induction,repeat,0,0
38241956,maintenance_is,repeat,1,1
38241956,acr,repeat,1,1
38241956,amr,repeat,1,1
38241956,pgd,repeat,2,2
38241956,cmv_events,repeat,0,0
38241956,resp_viral,repeat,0,0
38241956,colonization,repeat,0,0
38241956,gerd,repeat,0,0
38241956,azithromycin,repeat,0,0
38241956,telomere,repeat,0,0
38241956,pre_tx_is,repeat,0,0
38241956,cni_ipv,repeat,1,1
38241956,nonhla_ab,repeat,0,0
38241956,cmv_dr,high,1,1
38241956,hla_mismatch,high,0,0
38241956,pre_tx_dsa,high,0,0
38241956,de_novo_dsa,high,0,0
38241956,induction,high,0,0
38241956,maintenance_is,high,1,1
38241956,acr,high,1,1
38241956,amr,high,1,1
38241956,pgd,high,2,1
38241956,cmv_events,high,0,0
38241956,resp_viral,high,0,0
38241956,colonization,high,0,0
38241956,gerd,high,0,0
38241956,azithromycin,high,0,0
38241956,telomere,high,0,0
38241956,cni_ipv,high,1,1
38241956,nonhla_ab,high,0,0
38310334,cmv_dr,repeat,1,1
38310334,hla_mismatch,repeat,1,1
38310334,pre_tx_dsa,repeat,0,0
38310334,de_novo_dsa,repeat,0,0
38310334,induction,repeat,0,0
38310334,maintenance_is,repeat,0,0
38310334,acr,repeat,1,1
38310334,amr,repeat,1,1
38310334,pgd,repeat,2,2
38310334,cmv_events,repeat,0,0
38310334,resp_viral,repeat,0,0
38310334,colonization,repeat,0,0
38310334,gerd,repeat,0,0
38310334,azithromycin,repeat,0,0
38310334,telomere,repeat,0,0
38310334,pre_tx_is,repeat,0,0
38310334,nonhla_ab,repeat,0,0
38310334,eplet_mm,repeat,0,0
38310334,cmv_dr,high,1,1
38310334,hla_mismatch,high,1,1
38310334,pre_tx_dsa,high,0,0
38310334,de_novo_dsa,high,0,0
38310334,induction,high,0,0
38310334,maintenance_is,high,0,0
38310334,acr,high,1,1
38310334,amr,high,1,1
38310334,pgd,high,2,2
38310334,cmv_events,high,0,0
38310334,resp_viral,high,0,0
38310334,colonization,high,0,0
38310334,gerd,high,0,0
38310334,azithromycin,high,0,0
38310334,nonhla_ab,high,0,0
38310334,eplet_mm,high,0,0
38336710,cmv_dr,repeat,1,1
38336710,hla_mismatch,repeat,0,0
38336710,pre_tx_dsa,repeat,1,1
38336710,de_novo_dsa,repeat,0,0
38336710,induction,repeat,2,2
38336710,maintenance_is,repeat,0,0
38336710,acr,repeat,1,2
38336710,amr,repeat,1,1
38336710,pgd,repeat,0,0
38336710,cmv_events,repeat,0,0
38336710,resp_viral,repeat,2,2
38336710,colonization,repeat,1,1
38336710,gerd,repeat,0,0
38336710,azithromycin,repeat,0,1
38336710,telomere,repeat,0,0
38336710,pre_tx_is,repeat,0,0
38336710,nonhla_ab,repeat,0,0
38336710,cmv_dr,high,1,1
38336710,hla_mismatch,high,0,0
38336710,pre_tx_dsa,high,1,1
38336710,de_novo_dsa,high,0,0
38336710,induction,high,2,2
38336710,maintenance_is,high,0,0
38336710,acr,high,1,1
38336710,amr,high,1,1
38336710,pgd,high,0,0
38336710,cmv_events,high,0,0
38336710,resp_viral,high,2,2
38336710,colonization,high,1,2
38336710,gerd,high,0,0
38336710,azithromycin,high,0,0
38336710,telomere,high,0,0
38336710,pre_tx_is,high,0,0
38336710,nonhla_ab,high,0,0
38546861,cmv_dr,repeat,0,0
38546861,hla_mismatch,repeat,0,0
38546861,pre_tx_dsa,repeat,0,0
38546861,de_novo_dsa,repeat,0,0
38546861,induction,repeat,0,0
38546861,maintenance_is,repeat,0,0
38546861,acr,repeat,0,0
38546861,amr,repeat,0,0
38546861,pgd,repeat,0,0
38546861,cmv_events,repeat,0,0
38546861,resp_viral,repeat,0,0
38546861,colonization,repeat,0,0
38546861,gerd,repeat,0,0
38546861,azithromycin,repeat,0,0
38546861,nonhla_ab,repeat,0,0
38546861,cmv_dr,high,0,0
38546861,hla_mismatch,high,0,0
38546861,pre_tx_dsa,high,0,0
38546861,de_novo_dsa,high,0,0
38546861,induction,high,0,0
38546861,maintenance_is,high,0,0
38546861,acr,high,0,0
38546861,amr,high,0,0
38546861,pgd,high,0,1
38546861,cmv_events,high,0,0
38546861,resp_viral,high,0,0
38546861,colonization,high,0,0
38546861,gerd,high,0,0
38546861,azithromycin,high,0,0
38546861,nonhla_ab,high,0,0
38688726,cmv_dr,repeat,0,0
38688726,hla_mismatch,repeat,0,0
38688726,pre_tx_dsa,repeat,0,0
38688726,de_novo_dsa,repeat,0,0
38688726,induction,repeat,0,0
38688726,maintenance_is,repeat,0,0
38688726,acr,repeat,1,1
38688726,amr,repeat,0,0
38688726,pgd,repeat,1,1
38688726,cmv_events,repeat,0,0
38688726,resp_viral,repeat,0,0
38688726,colonization,repeat,0,0
38688726,gerd,repeat,2,2
38688726,azithromycin,repeat,0,0
38688726,nonhla_ab,repeat,0,0
38688726,cmv_dr,high,0,0
38688726,hla_mismatch,high,0,0
38688726,pre_tx_dsa,high,0,0
38688726,de_novo_dsa,high,0,0
38688726,induction,high,0,0
38688726,maintenance_is,high,0,0
38688726,acr,high,1,1
38688726,amr,high,0,0
38688726,pgd,high,1,1
38688726,cmv_events,high,0,0
38688726,resp_viral,high,0,1
38688726,colonization,high,0,0
38688726,gerd,high,2,2
38688726,azithromycin,high,0,0
38688726,nonhla_ab,high,0,0
38953039,cmv_dr,repeat,0,0
38953039,hla_mismatch,repeat,1,1
38953039,pre_tx_dsa,repeat,0,0
38953039,de_novo_dsa,repeat,0,0
38953039,induction,repeat,2,2
38953039,maintenance_is,repeat,0,0
38953039,acr,repeat,1,1
38953039,amr,repeat,0,0
38953039,pgd,repeat,2,2
38953039,cmv_events,repeat,0,0
38953039,resp_viral,repeat,0,0
38953039,colonization,repeat,0,0
38953039,gerd,repeat,0,0
38953039,azithromycin,repeat,0,0
38953039,pre_tx_is,repeat,0,0
38953039,nonhla_ab,repeat,0,0
38953039,eplet_mm,repeat,0,0
38953039,cmv_dr,high,0,0
38953039,hla_mismatch,high,1,1
38953039,pre_tx_dsa,high,0,0
38953039,de_novo_dsa,high,0,0
38953039,induction,high,2,1
38953039,maintenance_is,high,0,0
38953039,acr,high,1,1
38953039,amr,high,0,0
38953039,pgd,high,2,2
38953039,cmv_events,high,0,0
38953039,resp_viral,high,0,0
38953039,colonization,high,0,0
38953039,gerd,high,0,0
38953039,azithromycin,high,0,0
38953039,telomere,high,0,0
38953039,pre_tx_is,high,0,0
38953039,nonhla_ab,high,0,0
38953039,eplet_mm,high,0,0
39205225,cmv_dr,repeat,2,2
39205225,hla_mismatch,repeat,0,0
39205225,pre_tx_dsa,repeat,0,0
39205225,de_novo_dsa,repeat,0,0
39205225,induction,repeat,0,0
39205225,maintenance_is,repeat,0,0
39205225,acr,repeat,2,2
39205225,amr,repeat,0,0
39205225,pgd,repeat,0,0
39205225,cmv_events,repeat,2,2
39205225,resp_viral,repeat,0,0
39205225,colonization,repeat,0,0
39205225,gerd,repeat,0,0
39205225,azithromycin,repeat,0,0
39205225,telomere,repeat,0,0
39205225,pre_tx_is,repeat,0,0
39205225,antifibrotic,repeat,0,0
39205225,nonhla_ab,repeat,0,0
39205225,cmv_dr,high,2,2
39205225,hla_mismatch,high,0,0
39205225,pre_tx_dsa,high,0,0
39205225,de_novo_dsa,high,0,0
39205225,induction,high,0,0
39205225,maintenance_is,high,0,0
39205225,acr,high,2,1
39205225,amr,high,0,0
39205225,pgd,high,0,0
39205225,cmv_events,high,2,2
39205225,resp_viral,high,0,0
39205225,colonization,high,0,0
39205225,gerd,high,0,0
39205225,azithromycin,high,0,0
39205225,telomere,high,0,0
39205225,pre_tx_is,high,0,0
39205225,antifibrotic,high,0,0
39205225,nonhla_ab,high,0,0
39459908,cmv_dr,repeat,0,0
39459908,hla_mismatch,repeat,1,1
39459908,pre_tx_dsa,repeat,1,0
39459908,de_novo_dsa,repeat,2,2
39459908,induction,repeat,2,2
39459908,maintenance_is,repeat,2,2
39459908,acr,repeat,1,1
39459908,amr,repeat,0,0
39459908,pgd,repeat,0,0
39459908,cmv_events,repeat,1,1
39459908,resp_viral,repeat,2,2
39459908,colonization,repeat,0,0
39459908,gerd,repeat,1,1
39459908,azithromycin,repeat,0,0
39459908,telomere,repeat,0,0
39459908,pre_tx_is,repeat,0,0
39459908,antifibrotic,repeat,0,0
39459908,cni_ipv,repeat,0,1
39459908,nonhla_ab,repeat,1,1
39459908,eplet_mm,repeat,1,1
39459908,cmv_dr,high,0,0
39459908,hla_mismatch,high,1,2
39459908,pre_tx_dsa,high,1,0
39459908,de_novo_dsa,high,2,2
39459908,induction,high,2,2
39459908,maintenance_is,high,2,1
39459908,acr,high,1,1
39459908,amr,high,0,0
39459908,pgd,high,0,0
39459908,cmv_events,high,1,1
39459908,resp_viral,high,2,2
39459908,colonization,high,0,0
39459908,gerd,high,1,1
39459908,azithromycin,high,0,0
39459908,telomere,high,0,0
39459908,pre_tx_is,high,0,0
39459908,antifibrotic,high,0,0
39459908,cni_ipv,high,0,0
39459908,nonhla_ab,high,1,1
39459908,eplet_mm,high,1,2
39892791,cmv_dr,repeat,2,1
39892791,hla_mismatch,repeat,2,2
39892791,pre_tx_dsa,repeat,2,2
39892791,de_novo_dsa,repeat,2,2
39892791,induction,repeat,0,0
39892791,maintenance_is,repeat,1,1
39892791,acr,repeat,2,2
39892791,amr,repeat,1,1
39892791,pgd,repeat,2,2
39892791,cmv_events,repeat,1,1
39892791,resp_viral,repeat,2,2
39892791,colonization,repeat,1,1
39892791,gerd,repeat,2,1
39892791,azithromycin,repeat,0,0
39892791,telomere,repeat,0,0
39892791,pre_tx_is,repeat,0,0
39892791,antifibrotic,repeat,0,0
39892791,cni_ipv,repeat,1,1
39892791,nonhla_ab,repeat,0,0
39892791,eplet_mm,repeat,0,0
39892791,cmv_dr,high,2,1
39892791,hla_mismatch,high,2,2
39892791,pre_tx_dsa,high,2,1
39892791,de_novo_dsa,high,2,2
39892791,induction,high,0,0
39892791,maintenance_is,high,1,1
39892791,acr,high,2,1
39892791,amr,high,1,1
39892791,pgd,high,2,1
39892791,cmv_events,high,1,2
39892791,resp_viral,high,2,2
39892791,colonization,high,1,1
39892791,gerd,high,2,2
39892791,azithromycin,high,0,0
39892791,telomere,high,0,0
39892791,pre_tx_is,high,0,0
39892791,antifibrotic,high,0,0
39892791,cni_ipv,high,1,1
39892791,nonhla_ab,high,0,0
39892791,eplet_mm,high,0,0
40065796,cmv_dr,repeat,0,0
40065796,hla_mismatch,repeat,1,1
40065796,pre_tx_dsa,repeat,0,0
40065796,de_novo_dsa,repeat,0,0
40065796,induction,repeat,0,0
40065796,maintenance_is,repeat,0,0
40065796,acr,repeat,0,0
40065796,amr,repeat,0,0
40065796,pgd,repeat,0,0
40065796,cmv_events,repeat,0,0
40065796,resp_viral,repeat,1,1
40065796,colonization,repeat,0,0
40065796,gerd,repeat,0,0
40065796,azithromycin,repeat,0,0
40065796,nonhla_ab,repeat,0,0
40065796,cmv_dr,high,0,0
40065796,hla_mismatch,high,1,1
40065796,pre_tx_dsa,high,0,0
40065796,de_novo_dsa,high,0,0
40065796,induction,high,0,0
40065796,maintenance_is,high,0,0
40065796,acr,high,0,0
40065796,amr,high,0,0
40065796,pgd,high,0,0
40065796,cmv_events,high,0,0
40065796,resp_viral,high,1,1
40065796,colonization,high,0,0
40065796,gerd,high,0,0
40065796,azithromycin,high,0,0
40065796,nonhla_ab,high,0,0
40143901,cmv_dr,repeat,0,0
40143901,hla_mismatch,repeat,0,0
40143901,pre_tx_dsa,repeat,0,0
40143901,de_novo_dsa,repeat,0,0
40143901,induction,repeat,0,0
40143901,maintenance_is,repeat,0,0
40143901,acr,repeat,0,0
40143901,amr,repeat,0,0
40143901,pgd,repeat,0,0
40143901,cmv_events,repeat,0,0
40143901,resp_viral,repeat,0,0
40143901,colonization,repeat,0,0
40143901,gerd,repeat,0,0
40143901,azithromycin,repeat,0,0
40143901,nonhla_ab,repeat,0,0
40143901,cmv_dr,high,0,0
40143901,hla_mismatch,high,0,0
40143901,pre_tx_dsa,high,0,0
40143901,de_novo_dsa,high,0,0
40143901,induction,high,0,0
40143901,maintenance_is,high,0,0
40143901,acr,high,0,0
40143901,amr,high,0,0
40143901,pgd,high,0,0
40143901,cmv_events,high,0,0
40143901,resp_viral,high,0,0
40143901,colonization,high,0,0
40143901,gerd,high,0,0
40143901,azithromycin,high,0,0
40143901,nonhla_ab,high,0,0
40232854,cmv_dr,repeat,0,0
40232854,hla_mismatch,repeat,0,1
40232854,pre_tx_dsa,repeat,0,0
40232854,de_novo_dsa,repeat,0,0
40232854,induction,repeat,0,0
40232854,maintenance_is,repeat,0,0
40232854,acr,repeat,0,0
40232854,amr,repeat,0,0
40232854,pgd,repeat,0,0
40232854,cmv_events,repeat,0,0
40232854,resp_viral,repeat,0,0
40232854,colonization,repeat,0,0
40232854,gerd,repeat,0,0
40232854,azithromycin,repeat,0,0
40232854,nonhla_ab,repeat,0,0
40232854,eplet_mm,repeat,0,0
40232854,cmv_dr,high,0,0
40232854,hla_mismatch,high,0,1
40232854,pre_tx_dsa,high,0,0
40232854,de_novo_dsa,high,0,0
40232854,induction,high,0,0
40232854,maintenance_is,high,0,0
40232854,acr,high,0,0
40232854,amr,high,0,0
40232854,pgd,high,0,0
40232854,cmv_events,high,0,0
40232854,resp_viral,high,0,0
40232854,colonization,high,0,0
40232854,gerd,high,0,0
40232854,azithromycin,high,0,0
40232854,nonhla_ab,high,0,0
40232854,eplet_mm,high,0,0
40437291,cmv_dr,repeat,0,0
40437291,hla_mismatch,repeat,0,0
40437291,pre_tx_dsa,repeat,0,0
40437291,de_novo_dsa,repeat,0,0
40437291,induction,repeat,2,2
40437291,maintenance_is,repeat,2,2
40437291,acr,repeat,2,2
40437291,amr,repeat,2,1
40437291,pgd,repeat,2,2
40437291,cmv_events,repeat,0,0
40437291,resp_viral,repeat,0,0
40437291,colonization,repeat,0,0
40437291,gerd,repeat,2,1
40437291,azithromycin,repeat,0,0
40437291,telomere,repeat,1,0
40437291,pre_tx_is,repeat,0,0
40437291,antifibrotic,repeat,0,0
40437291,cni_ipv,repeat,1,0
40437291,nonhla_ab,repeat,0,0
40437291,cmv_dr,high,0,0
40437291,hla_mismatch,high,0,0
40437291,pre_tx_dsa,high,0,0
40437291,de_novo_dsa,high,0,0
40437291,induction,high,2,1
40437291,maintenance_is,high,2,2
40437291,acr,high,2,2
40437291,amr,high,2,1
40437291,pgd,high,2,2
40437291,cmv_events,high,0,0
40437291,resp_viral,high,0,0
40437291,colonization,high,0,0
40437291,gerd,high,2,1
40437291,azithromycin,high,0,0
40437291,telomere,high,1,0
40437291,pre_tx_is,high,0,0
40437291,antifibrotic,high,0,0
40437291,nonhla_ab,high,0,0
40809276,cmv_dr,repeat,1,0
40809276,hla_mismatch,repeat,0,0
40809276,pre_tx_dsa,repeat,0,0
40809276,de_novo_dsa,repeat,0,0
40809276,induction,repeat,1,0
40809276,maintenance_is,repeat,0,0
40809276,acr,repeat,1,1
40809276,amr,repeat,0,0
40809276,pgd,repeat,2,2
40809276,cmv_events,repeat,0,0
40809276,resp_viral,repeat,0,0
40809276,colonization,repeat,0,0
40809276,gerd,repeat,0,0
40809276,azithromycin,repeat,0,0
40809276,pre_tx_is,repeat,0,0
40809276,nonhla_ab,repeat,0,0
40809276,cmv_dr,high,1,1
40809276,hla_mismatch,high,0,0
40809276,pre_tx_dsa,high,0,0
40809276,de_novo_dsa,high,0,0
40809276,induction,high,1,1
40809276,maintenance_is,high,0,0
40809276,acr,high,1,1
40809276,amr,high,0,0
40809276,pgd,high,2,2
40809276,cmv_events,high,0,0
40809276,resp_viral,high,0,0
40809276,colonization,high,0,0
40809276,gerd,high,0,0
40809276,azithromycin,high,0,0
40809276,nonhla_ab,high,0,0
40811102,cmv_dr,repeat,0,0
40811102,hla_mismatch,repeat,0,0
40811102,pre_tx_dsa,repeat,0,0
40811102,de_novo_dsa,repeat,0,0
40811102,induction,repeat,1,2
40811102,maintenance_is,repeat,1,2
40811102,acr,repeat,0,0
40811102,amr,repeat,0,0
40811102,pgd,repeat,0,0
40811102,cmv_events,repeat,0,0
40811102,resp_viral,repeat,1,2
40811102,colonization,repeat,0,0
40811102,gerd,repeat,0,0
40811102,azithromycin,repeat,0,0
40811102,telomere,repeat,0,0
40811102,pre_tx_is,repeat,0,0
40811102,antifibrotic,repeat,0,0
40811102,cni_ipv,repeat,1,0
40811102,nonhla_ab,repeat,0,0
40811102,cmv_dr,high,0,0
40811102,hla_mismatch,high,0,0
40811102,pre_tx_dsa,high,0,0
40811102,de_novo_dsa,high,0,0
40811102,induction,high,1,1
40811102,maintenance_is,high,1,1
40811102,acr,high,0,0
40811102,amr,high,0,0
40811102,pgd,high,0,0
40811102,cmv_events,high,0,0
40811102,resp_viral,high,1,2
40811102,colonization,high,0,0
40811102,gerd,high,0,0
40811102,azithromycin,high,0,0
40811102,telomere,high,0,0
40811102,pre_tx_is,high,0,0
40811102,antifibrotic,high,0,0
40811102,nonhla_ab,high,0,0
41073263,cmv_dr,repeat,0,0
41073263,hla_mismatch,repeat,0,0
41073263,pre_tx_dsa,repeat,0,1
41073263,de_novo_dsa,repeat,0,0
41073263,induction,repeat,0,0
41073263,maintenance_is,repeat,0,1
41073263,acr,repeat,2,2
41073263,amr,repeat,0,1
41073263,pgd,repeat,2,2
41073263,cmv_events,repeat,0,0
41073263,resp_viral,repeat,0,1
41073263,colonization,repeat,2,2
41073263,gerd,repeat,1,2
41073263,azithromycin,repeat,0,0
41073263,cni_ipv,repeat,1,1
41073263,nonhla_ab,repeat,0,0
41073263,cmv_dr,high,0,0
41073263,hla_mismatch,high,0,0
41073263,pre_tx_dsa,high,0,0
41073263,de_novo_dsa,high,0,0
41073263,induction,high,0,0
41073263,maintenance_is,high,0,1
41073263,acr,high,2,2
41073263,amr,high,0,1
41073263,pgd,high,2,2
41073263,cmv_events,high,0,0
41073263,resp_viral,high,0,1
41073263,colonization,high,2,2
41073263,gerd,high,1,2
41073263,azithromycin,high,0,0
41073263,cni_ipv,high,1,1
41073263,nonhla_ab,high,0,0
41211870,cmv_dr,repeat,0,0
41211870,hla_mismatch,repeat,0,0
41211870,pre_tx_dsa,repeat,0,0
41211870,de_novo_dsa,repeat,1,1
41211870,induction,repeat,0,0
41211870,maintenance_is,repeat,0,0
41211870,acr,repeat,0,0
41211870,amr,repeat,1,1
41211870,pgd,repeat,0,0
41211870,cmv_events,repeat,0,0
41211870,resp_viral,repeat,0,0
41211870,colonization,repeat,1,1
41211870,gerd,repeat,0,0
41211870,azithromycin,repeat,0,0
41211870,nonhla_ab,repeat,1,1
41211870,cmv_dr,high,0,0
41211870,hla_mismatch,high,0,0
41211870,pre_tx_dsa,high,0,0
41211870,de_novo_dsa,high,1,1
41211870,induction,high,0,0
41211870,maintenance_is,high,0,0
41211870,acr,high,0,0
41211870,amr,high,1,1
41211870,pgd,high,0,0
41211870,cmv_events,high,0,0
41211870,resp_viral,high,0,0
41211870,colonization,high,1,1
41211870,gerd,high,0,0
41211870,azithromycin,high,0,0
41211870,nonhla_ab,high,1,1
41321814,cmv_dr,repeat,0,0
41321814,hla_mismatch,repeat,0,0
41321814,pre_tx_dsa,repeat,0,0
41321814,de_novo_dsa,repeat,0,0
41321814,induction,repeat,0,0
41321814,maintenance_is,repeat,0,0
41321814,acr,repeat,0,0
41321814,amr,repeat,0,0
41321814,pgd,repeat,0,0
41321814,cmv_events,repeat,0,0
41321814,resp_viral,repeat,0,0
41321814,colonization,repeat,0,0
41321814,gerd,repeat,0,0
41321814,azithromycin,repeat,0,0
41321814,nonhla_ab,repeat,0,0
41321814,cmv_dr,high,0,0
41321814,hla_mismatch,high,0,0
41321814,pre_tx_dsa,high,0,0
41321814,de_novo_dsa,high,0,0
41321814,induction,high,0,0
41321814,maintenance_is,high,0,0
41321814,acr,high,0,0
41321814,amr,high,0,0
41321814,pgd,high,0,0
41321814,cmv_events,high,0,0
41321814,resp_viral,high,0,0
41321814,colonization,high,0,0
41321814,gerd,high,0,0
41321814,azithromycin,high,0,0
41321814,nonhla_ab,high,0,0
41402066,cmv_dr,repeat,0,0
41402066,hla_mismatch,repeat,0,0
41402066,pre_tx_dsa,repeat,0,0
41402066,de_novo_dsa,repeat,0,0
41402066,induction,repeat,2,2
41402066,maintenance_is,repeat,0,2
41402066,acr,repeat,0,0
41402066,amr,repeat,0,0
41402066,pgd,repeat,0,1
41402066,cmv_events,repeat,0,0
41402066,resp_viral,repeat,0,0
41402066,colonization,repeat,0,0
41402066,gerd,repeat,0,0
41402066,azithromycin,repeat,0,0
41402066,nonhla_ab,repeat,0,0
41402066,cmv_dr,high,0,0
41402066,hla_mismatch,high,0,0
41402066,pre_tx_dsa,high,0,0
41402066,de_novo_dsa,high,0,0
41402066,induction,high,2,0
41402066,maintenance_is,high,0,0
41402066,acr,high,0,0
41402066,amr,high,0,0
41402066,pgd,high,0,0
41402066,cmv_events,high,0,0
41402066,resp_viral,high,0,0
41402066,colonization,high,0,0
41402066,gerd,high,0,0
41402066,azithromycin,high,0,0
41402066,nonhla_ab,high,0,0
41510176,cmv_dr,repeat,0,0
41510176,hla_mismatch,repeat,0,0
41510176,pre_tx_dsa,repeat,0,0
41510176,de_novo_dsa,repeat,0,0
41510176,induction,repeat,0,0
41510176,maintenance_is,repeat,0,0
41510176,acr,repeat,0,0
41510176,amr,repeat,0,0
41510176,pgd,repeat,0,0
41510176,cmv_events,repeat,0,0
41510176,resp_viral,repeat,0,0
41510176,colonization,repeat,0,0
41510176,gerd,repeat,0,0
41510176,azithromycin,repeat,0,0
41510176,nonhla_ab,repeat,0,0
41510176,cmv_dr,high,0,0
41510176,hla_mismatch,high,0,0
41510176,pre_tx_dsa,high,0,0
41510176,de_novo_dsa,high,0,0
41510176,induction,high,0,0
41510176,maintenance_is,high,0,0
41510176,acr,high,0,0
41510176,amr,high,0,0
41510176,pgd,high,0,0
41510176,cmv_events,high,0,0
41510176,resp_viral,high,0,0
41510176,colonization,high,0,0
41510176,gerd,high,0,0
41510176,azithromycin,high,0,0
41510176,nonhla_ab,high,0,0
41514232,cmv_dr,repeat,0,0
41514232,hla_mismatch,repeat,0,0
41514232,pre_tx_dsa,repeat,0,0
41514232,de_novo_dsa,repeat,0,0
41514232,induction,repeat,0,0
41514232,maintenance_is,repeat,0,0
41514232,acr,repeat,0,0
41514232,amr,repeat,0,0
41514232,pgd,repeat,0,0
41514232,cmv_events,repeat,0,0
41514232,resp_viral,repeat,0,0
41514232,colonization,repeat,0,0
41514232,gerd,repeat,0,0
41514232,azithromycin,repeat,0,0
41514232,telomere,repeat,0,0
41514232,pre_tx_is,repeat,0,0
41514232,antifibrotic,repeat,0,0
41514232,nonhla_ab,repeat,0,0
41514232,cmv_dr,high,0,0
41514232,hla_mismatch,high,0,0
41514232,pre_tx_dsa,high,0,0
41514232,de_novo_dsa,high,0,0
41514232,induction,high,0,0
41514232,maintenance_is,high,0,0
41514232,acr,high,0,0
41514232,amr,high,0,0
41514232,pgd,high,0,0
41514232,cmv_events,high,0,0
41514232,resp_viral,high,0,0
41514232,colonization,high,0,0
41514232,gerd,high,0,0
41514232,azithromycin,high,0,0
41514232,telomere,high,0,0
41514232,pre_tx_is,high,0,0
41514232,antifibrotic,high,0,0
41514232,nonhla_ab,high,0,0
41756159,cmv_dr,repeat,0,0
41756159,hla_mismatch,repeat,0,0
41756159,pre_tx_dsa,repeat,0,1
41756159,de_novo_dsa,repeat,2,2
41756159,induction,repeat,2,2
41756159,maintenance_is,repeat,2,2
41756159,acr,repeat,1,0
41756159,amr,repeat,1,1
41756159,pgd,repeat,0,0
41756159,cmv_events,repeat,0,0
41756159,resp_viral,repeat,0,0
41756159,colonization,repeat,0,0
41756159,gerd,repeat,0,0
41756159,azithromycin,repeat,0,0
41756159,telomere,repeat,0,0
41756159,cni_ipv,repeat,0,0
41756159,nonhla_ab,repeat,0,0
41756159,cmv_dr,high,0,0
41756159,hla_mismatch,high,0,0
41756159,pre_tx_dsa,high,0,0
41756159,de_novo_dsa,high,2,2
41756159,induction,high,2,2
41756159,maintenance_is,high,2,1
41756159,acr,high,1,0
41756159,amr,high,1,1
41756159,pgd,high,0,0
41756159,cmv_events,high,0,0
41756159,resp_viral,high,0,0
41756159,colonization,high,0,0
41756159,gerd,high,0,0
41756159,azithromycin,high,0,0
41756159,nonhla_ab,high,0,0
41857706,cmv_dr,repeat,2,2
41857706,hla_mismatch,repeat,0,0
41857706,pre_tx_dsa,repeat,0,0
41857706,de_novo_dsa,repeat,0,0
41857706,induction,repeat,2,2
41857706,maintenance_is,repeat,2,2
41857706,acr,repeat,2,2
41857706,amr,repeat,1,2
41857706,pgd,repeat,2,2
41857706,cmv_events,repeat,1,1
41857706,resp_viral,repeat,2,2
41857706,colonization,repeat,0,0
41857706,gerd,repeat,0,0
41857706,azithromycin,repeat,0,0
41857706,telomere,repeat,0,0
41857706,pre_tx_is,repeat,0,0
41857706,antifibrotic,repeat,0,0
41857706,nonhla_ab,repeat,0,0
41857706,cmv_dr,high,2,2
41857706,hla_mismatch,high,0,0
41857706,pre_tx_dsa,high,0,0
41857706,de_novo_dsa,high,0,0
41857706,induction,high,2,2
41857706,maintenance_is,high,2,2
41857706,acr,high,2,2
41857706,amr,high,1,1
41857706,pgd,high,2,2
41857706,cmv_events,high,1,1
41857706,resp_viral,high,2,2
41857706,colonization,high,0,1
41857706,gerd,high,0,0
41857706,azithromycin,high,0,0
41857706,telomere,high,0,0
41857706,pre_tx_is,high,0,0
41857706,antifibrotic,high,0,0
41857706,cni_ipv,high,0,0
41857706,nonhla_ab,high,0,0
41871693,cmv_dr,repeat,2,2
41871693,hla_mismatch,repeat,0,0
41871693,pre_tx_dsa,repeat,0,0
41871693,de_novo_dsa,repeat,0,1
41871693,induction,repeat,0,0
41871693,maintenance_is,repeat,0,0
41871693,acr,repeat,1,1
41871693,amr,repeat,0,0
41871693,pgd,repeat,0,0
41871693,cmv_events,repeat,0,0
41871693,resp_viral,repeat,0,0
41871693,colonization,repeat,0,0
41871693,gerd,repeat,0,0
41871693,azithromycin,repeat,0,0
41871693,telomere,repeat,0,0
41871693,cni_ipv,repeat,2,2
41871693,nonhla_ab,repeat,0,0
41871693,cmv_dr,high,2,2
41871693,hla_mismatch,high,0,0
41871693,pre_tx_dsa,high,0,0
41871693,de_novo_dsa,high,0,1
41871693,induction,high,0,0
41871693,maintenance_is,high,0,1
41871693,acr,high,1,1
41871693,amr,high,0,0
41871693,pgd,high,0,0
41871693,cmv_events,high,0,0
41871693,resp_viral,high,0,0
41871693,colonization,high,0,0
41871693,gerd,high,0,0
41871693,azithromycin,high,0,0
41871693,telomere,high,0,0
41871693,antifibrotic,high,0,0
41871693,cni_ipv,high,2,2
41871693,nonhla_ab,high,0,0
42153608,cmv_dr,repeat,0,0
42153608,hla_mismatch,repeat,0,0
42153608,pre_tx_dsa,repeat,2,2
42153608,de_novo_dsa,repeat,2,2
42153608,induction,repeat,2,2
42153608,maintenance_is,repeat,0,0
42153608,acr,repeat,0,0
42153608,amr,repeat,1,1
42153608,pgd,repeat,0,0
42153608,cmv_events,repeat,0,0
42153608,resp_viral,repeat,0,0
42153608,colonization,repeat,0,0
42153608,gerd,repeat,0,0
42153608,azithromycin,repeat,0,0
42153608,telomere,repeat,0,0
42153608,pre_tx_is,repeat,0,0
42153608,antifibrotic,repeat,0,0
42153608,cni_ipv,repeat,0,0
42153608,cyp3a5,repeat,0,0
42153608,nonhla_ab,repeat,1,0
42153608,eplet_mm,repeat,0,0
42153608,cmv_dr,high,0,0
42153608,hla_mismatch,high,0,0
42153608,pre_tx_dsa,high,2,2
42153608,de_novo_dsa,high,2,1
42153608,induction,high,2,2
42153608,maintenance_is,high,0,0
42153608,acr,high,0,0
42153608,amr,high,1,1
42153608,pgd,high,0,0
42153608,cmv_events,high,0,0
42153608,resp_viral,high,0,0
42153608,colonization,high,0,0
42153608,gerd,high,0,0
42153608,azithromycin,high,0,0
42153608,telomere,high,0,0
42153608,pre_tx_is,high,0,0
42153608,antifibrotic,high,0,0
42153608,cni_ipv,high,0,0
42153608,cyp3a5,high,0,0
42153608,nonhla_ab,high,1,1
42153608,eplet_mm,high,0,0
42180136,cmv_dr,repeat,0,0
42180136,hla_mismatch,repeat,1,1
42180136,pre_tx_dsa,repeat,0,0
42180136,de_novo_dsa,repeat,0,0
42180136,induction,repeat,1,2
42180136,maintenance_is,repeat,0,0
42180136,acr,repeat,1,0
42180136,amr,repeat,0,0
42180136,pgd,repeat,0,0
42180136,cmv_events,repeat,0,0
42180136,resp_viral,repeat,0,0
42180136,colonization,repeat,0,0
42180136,gerd,repeat,0,0
42180136,azithromycin,repeat,0,0
42180136,nonhla_ab,repeat,0,0
42180136,cmv_dr,high,0,0
42180136,hla_mismatch,high,1,1
42180136,pre_tx_dsa,high,0,0
42180136,de_novo_dsa,high,0,0
42180136,induction,high,1,1
42180136,maintenance_is,high,0,1
42180136,acr,high,1,0
42180136,amr,high,0,0
42180136,pgd,high,0,0
42180136,cmv_events,high,0,0
42180136,resp_viral,high,0,0
42180136,colonization,high,0,0
42180136,gerd,high,0,0
42180136,azithromycin,high,0,0
42180136,nonhla_ab,high,0,0
42271353,cmv_dr,repeat,0,0
42271353,hla_mismatch,repeat,0,0
42271353,pre_tx_dsa,repeat,0,0
42271353,de_novo_dsa,repeat,0,0
42271353,induction,repeat,0,0
42271353,maintenance_is,repeat,0,0
42271353,acr,repeat,0,0
42271353,amr,repeat,1,1
42271353,pgd,repeat,0,0
42271353,cmv_events,repeat,0,0
42271353,resp_viral,repeat,0,0
42271353,colonization,repeat,0,0
42271353,gerd,repeat,0,0
42271353,azithromycin,repeat,0,0
42271353,nonhla_ab,repeat,0,0
42271353,cmv_dr,high,0,0
42271353,hla_mismatch,high,0,0
42271353,pre_tx_dsa,high,0,0
42271353,de_novo_dsa,high,0,0
42271353,induction,high,0,0
42271353,maintenance_is,high,0,0
42271353,acr,high,0,0
42271353,amr,high,1,1
42271353,pgd,high,0,0
42271353,cmv_events,high,0,0
42271353,resp_viral,high,0,0
42271353,colonization,high,0,0
42271353,gerd,high,0,0
42271353,azithromycin,high,0,0
42271353,nonhla_ab,high,0,0
42433010,cmv_dr,repeat,0,0
42433010,hla_mismatch,repeat,0,0
42433010,pre_tx_dsa,repeat,0,0
42433010,de_novo_dsa,repeat,0,0
42433010,induction,repeat,0,0
42433010,maintenance_is,repeat,0,0
42433010,acr,repeat,1,1
42433010,amr,repeat,1,0
42433010,pgd,repeat,1,1
42433010,cmv_events,repeat,0,0
42433010,resp_viral,repeat,2,2
42433010,colonization,repeat,2,2
42433010,gerd,repeat,0,0
42433010,azithromycin,repeat,0,0
42433010,telomere,repeat,0,0
42433010,pre_tx_is,repeat,0,0
42433010,nonhla_ab,repeat,0,0
42433010,cmv_dr,high,0,0
42433010,hla_mismatch,high,0,0
42433010,pre_tx_dsa,high,0,0
42433010,de_novo_dsa,high,0,0
42433010,induction,high,0,0
42433010,maintenance_is,high,0,0
42433010,acr,high,1,1
42433010,amr,high,1,1
42433010,pgd,high,1,1
42433010,cmv_events,high,0,0
42433010,resp_viral,high,2,2
42433010,colonization,high,2,1
42433010,gerd,high,0,0
42433010,azithromycin,high,0,0
42433010,pre_tx_is,high,0,0
42433010,nonhla_ab,high,0,0
42444974,cmv_dr,repeat,0,0
42444974,hla_mismatch,repeat,0,0
42444974,pre_tx_dsa,repeat,0,0
42444974,de_novo_dsa,repeat,0,0
42444974,induction,repeat,2,2
42444974,maintenance_is,repeat,2,2
42444974,acr,repeat,2,2
42444974,amr,repeat,0,0
42444974,pgd,repeat,0,0
42444974,cmv_events,repeat,0,0
42444974,resp_viral,repeat,0,0
42444974,colonization,repeat,2,1
42444974,gerd,repeat,1,1
42444974,azithromycin,repeat,0,0
42444974,pre_tx_is,repeat,2,2
42444974,cni_ipv,repeat,0,0
42444974,nonhla_ab,repeat,0,0
42444974,cmv_dr,high,0,0
42444974,hla_mismatch,high,0,0
42444974,pre_tx_dsa,high,0,0
42444974,de_novo_dsa,high,0,0
42444974,induction,high,2,1
42444974,maintenance_is,high,2,2
42444974,acr,high,2,2
42444974,amr,high,0,0
42444974,pgd,high,0,1
42444974,cmv_events,high,0,0
42444974,resp_viral,high,0,0
42444974,colonization,high,2,2
42444974,gerd,high,1,2
42444974,azithromycin,high,0,0
42444974,telomere,high,0,0
42444974,pre_tx_is,high,2,2
42444974,cni_ipv,high,0,0
42444974,nonhla_ab,high,0,0
